https://www.ds57.xyz/movie.php?id=8618338955566287,小骚货『娜娜』女仆情趣装 3P双吃药猛男接力赛 上下两小嘴都被塞满 超耐干
https://www.ds57.xyz/movie.php?id=7131063183769584,最新台湾SWAG幻装女神『janpet』年终粉丝福利 黑丝女仆子宫高潮 爆操内射小双马童颜纯真的性爱 高清720P版
https://www.ds57.xyz/movie.php?id=5530750392936170,线下约漂亮大学女生全裸足交、穿着棉质短袜,噼开大腿展露鲍鱼足交，撅着小PP抽插,1080P附图233P
https://www.ds57.xyz/movie.php?id=8936760649085045,91大神呆哥最新豪华精品大片高端约会系列-素颜校花校花小年第一部 -1080P高清完整版
https://www.ds57.xyz/movie.php?id=5186766576953232,越南直播偷拍约啪娇羞可爱的大学生嫩妹各种姿势抱操！
https://www.ds57.xyz/movie.php?id=6738751456141472,高颜值极品身材美女小嫩模性感骚舞自慰插穴
https://www.ds57.xyz/movie.php?id=7998925670981407,才情兼备熟女姐姐百变女巫激情一多大秀，大奶肥臀熟透了的女人，丝袜道具还有炮击，激情插逼浪叫呻吟草她肯定败火
https://www.ds57.xyz/movie.php?id=8693716516718268,开了200公里的车酒店约草无套内射淫荡人妻，结尾特写看着骚样 这趟行程不亏
https://www.ds57.xyz/movie.php?id=709619419649243,上个身材出众的傲娇女
https://www.ds57.xyz/movie.php?id=2018982758745551,女神级的好身材妹子扭动肉肉情趣诱惑谁也受不了鸡儿硬想操啊 美女颜值一流高挑插入绝对是要肾虚了720P高清
https://www.ds57.xyz/movie.php?id=579644530080258,91sex哥最新超火爆顶级高端精品大片第十部-番号010：肥臀黑丝制服年轻美少妇 ～1080P高清完整版！
https://www.ds57.xyz/movie.php?id=1581471092067659,漂亮短发萌妹子楼道啪啪秀 挺嫩妹子楼道楼梯上后入抽插浴室洗澡 很是诱惑不要错过
https://www.ds57.xyz/movie.php?id=6053151907399297,韩国限制级《月亮的距离2》---三名女主都性感靓丽，美乳挺翘，多场唯美床戏，超高难度一字马后入
https://www.ds57.xyz/movie.php?id=1887271520681679,高颜值气质女神主播 收费大秀 身材也苗条 插穴自慰
https://www.ds57.xyz/movie.php?id=8412941936403513,年轻可爱嫩妹主播小熊软糖肛塞塞菊花 跳蛋插骚穴
https://www.ds57.xyz/movie.php?id=48412489704787,辽甯小夫妻,小媳妇看起来年龄没多大,极品一线天小臊茓,值回票价
https://www.ds57.xyz/movie.php?id=8675548522733152,全网首发-真实系列5-某艺术院校极品美女不小心喝醉后被人换了3套衣服和丝袜进行玩弄,绝对不值被干一次！
https://www.ds57.xyz/movie.php?id=9966126633808016,漂亮有气质美女穿着开裆情趣黑丝自慰插穴大秀 表情享受叫声淫荡 很是诱人
https://www.ds57.xyz/movie.php?id=6753914910368621,辣手摧花 和漂亮美少妇激情啪啪 很是诱人
https://www.ds57.xyz/movie.php?id=8497556941583753,【百度云泄密系列】绝版！你从未见过的百度相册破解（七）玩滴蜡的小两口
https://www.ds57.xyz/movie.php?id=1271128514781594,屌哥约炮初下海服务控MM年轻漂亮身材苗条齐头帘萌萌哒透明白丝袜沙发上大战娇喘呻吟1080P原版
https://www.ds57.xyz/movie.php?id=2597219203598797,辍学混社会的大眼清纯小太妹和红发小男友出租屋中造爱值播,小男友还有点害羞,像是被妹子干了
https://www.ds57.xyz/movie.php?id=7633829438127577,91佛爷-扬我国威大战英国气质短发巨乳女教师,刚干一炮就受不了了,商量半天也不愿意再被操了!720P高清完整版...
https://www.ds57.xyz/movie.php?id=8504393203184009,漂亮性感呻吟美人 一多自慰大秀 身材很不错 逼逼漂亮 跳蛋插穴很诱人
https://www.ds57.xyz/movie.php?id=1694387942552566,糖宝与粉丝的性爱视频遭流出 床上高潮喷水止不住
https://www.ds57.xyz/movie.php?id=7880633235909045,极品小粉穴你的猫咪直播大秀 穿着开档网丝 激情口交啪啪
https://www.ds57.xyz/movie.php?id=2013503792695701,微博最劲流出 5000元清纯美女runa酱 coser￥援交 太厉害了 这极品妹子对得起这个价格 太会诱惑人了极品小狐狸...
https://www.ds57.xyz/movie.php?id=3089088434353471,宅男女神琳琳家里和网友互动 让她去夜店勾引帅哥户外野战直播
https://www.ds57.xyz/movie.php?id=2251542536541819,大鸡巴哥和老爹共用一个大奶子熟女骚货道具搞鸡巴爆菊毒龙吹到射真过瘾720P高清
https://www.ds57.xyz/movie.php?id=760531183332204,黑人大战花臂纹身妹子-性感牛仔裤大黑屌后入暴插抱起来干上位骑乘暴菊花-1080P高清
https://www.ds57.xyz/movie.php?id=3953183796256780,淫荡班主任老公不在来找我开房做家访，虽然这女人已经三十九岁了，但是逼还嫩皮肤也紧致
https://www.ds57.xyz/movie.php?id=335606876760721,最新红色妖姬19年度大片虐待高颜值美女用脚刺激下体舔B舔到高潮后给美女喝圣水对白精彩
https://www.ds57.xyz/movie.php?id=407974221743643,长发苗条气质女白领太敏感了被年轻小伙子猛干的嗷嗷大叫说不行了轻点儿俩人一边看手机一边啪啪啪是亮点两不...
https://www.ds57.xyz/movie.php?id=6125441212207079,入住时间为六点！刚进房间就急不可耐的抱起美眉！动手动脚就开始剥开美眉的衣裳，裤子一脱就捅入！
https://www.ds57.xyz/movie.php?id=3592177121900022,网红美少女押尾猫VIP版性爱成瘾-爆裂黑丝高跟OL制服女秘书落地窗前后入猛操 抽插中出内射 高清720P完整版
https://www.ds57.xyz/movie.php?id=9162760116159916,4P混战【白嫖小姐姐】夜晚两男两女在酒店进行混战，淫声浪语场景刺激淫靡，欲求不满道具自慰粉嫩鲍鱼
https://www.ds57.xyz/movie.php?id=9718717494979500,性感高跟黑丝网红和屌男居家啪啪，主动张开双腿被操得淫水直流
https://www.ds57.xyz/movie.php?id=5710305152460933,高颜值短发萌妹子【KIKI】道具自慰，大黑假屌口交骑乘插粉穴高潮大量喷水，掰穴特写非常诱人
https://www.ds57.xyz/movie.php?id=2641139477491379,颜值不错御姐主播猫咪约个大叔直播大秀 床上激情口交啪啪 十分淫荡
https://www.ds57.xyz/movie.php?id=7228026236407459,帅气直播男广场附近搭讪认识的高颜值性感美女,邀请一起吃晚饭后又去唱K,美女玩疯了喝大了带到酒店啪啪.国语...
https://www.ds57.xyz/movie.php?id=3626968380995095,极品美女主播 特污兔 微信福利
https://www.ds57.xyz/movie.php?id=6544713196344674,两个漂亮小嫩妹穿着学生制服 时不时的揉胸掰穴 很是诱人
https://www.ds57.xyz/movie.php?id=2469174652360379,手机直播福利之姐弟乱伦啪啪大秀4,露脸口交激情上位，无套多姿势爆草，淫语浪叫不断最后全撸她嘴里
https://www.ds57.xyz/movie.php?id=2929387232288718,趁朋友出差约他性感漂亮的女友来家做客,期间不停挑逗终于就范,床上客厅不停爆操,女说：我有点不好意思.国语!
https://www.ds57.xyz/movie.php?id=9269976555369794,极品网红尤物阿姨洗太绿超高颜值S身形巨乳自拍淫乱生活33V整合4V阴蒂J8抹牙膏打炮肛塞肛交呻吟刺激3
https://www.ds57.xyz/movie.php?id=8616294092498720,【秦总全国探花】约了个白衣挺嫩肉肉妹子啪啪，舌吻摸逼口交骑乘边摸奶呻吟娇喘诱人
https://www.ds57.xyz/movie.php?id=5317990086041391,女主播在家里招极品美女带假鸡巴尻逼嫌没有尻爽，直接搬出插逼神器不到1分钟直接抽搐潮喷失禁
https://www.ds57.xyz/movie.php?id=3592084180563688,好菜让猪拱身材娇小白嫩美女主播与眼镜肥猪男造爱直播卧室操到卫生间内射操完抽根烟解解乏
https://www.ds57.xyz/movie.php?id=5298129753209651,街头搭讪_97年清纯小嫩模 -1080P高清完整版
https://www.ds57.xyz/movie.php?id=3395877676084637,学院附近青年学生情侣开房造爱让人羡慕激情舌吻互抠浴缸内操逼回床猛干冲刺时太过瘾连干2炮美女淫叫太刺激...
https://www.ds57.xyz/movie.php?id=6556440587155521,爆操发廊老板娘 丰满肥臀连体黑网袜 操的说舒服快点
https://www.ds57.xyz/movie.php?id=2212377367541194,91新人鼠哥大战36D大胸颜值不错的网红妹子1080P高清原版
https://www.ds57.xyz/movie.php?id=1763485497795045,云盘泄密-肤白貌美的援交美女为了挣钱公寓同时被4个中年男啪啪,前后双插,轮流爆操,干的淫声不断,逼逼都肿了...
https://www.ds57.xyz/movie.php?id=8838532879017293,逛会所选了个混血美女体验了 毒龙 爆炸糖 冰火 真是样样精通 1080P高清原版
https://www.ds57.xyz/movie.php?id=5054859695956111,颜值不错御姐幼师直播大秀 无毛粉嫩小穴 激情自慰
https://www.ds57.xyz/movie.php?id=5125905792228878,骚姐姐露脸从楼道里就开始发骚，漏出撒尿真够可以的，回到屋内特写骚逼自慰多少有点失禁了有点小重口
https://www.ds57.xyz/movie.php?id=1699284724891185,撩妹高手微信聊天约见漂亮女网友现话聊沟通感情然后激吻脱光啪啪大哥很生猛美女抗不住了急喘说不行我受不了...
https://www.ds57.xyz/movie.php?id=7702701538801193,国内高端TS高颜值巨诱惑性的陈雯雯和情侣干炮，胖子的女友娇喘声音太好听了，胖子还和美妖亲吻舌吻，哇撒！
https://www.ds57.xyz/movie.php?id=2875039670616388,某大学性感漂亮的校花级美女假期和有钱干爹外地自驾游在车上给他口爆后又带到酒店激烈猛插,有钱真性福!
https://www.ds57.xyz/movie.php?id=140802068635821,露脸抄底超长腿丁字骚内极品身材的淫女，这腿扛起来操着绝对超爽
https://www.ds57.xyz/movie.php?id=2384205684065819,跑车福利の蛮漂亮的美女主播养乐多直播自拍福利视频21V合集
https://www.ds57.xyz/movie.php?id=5772494822740555,脸蛋非常漂亮的极品性感女神LK娜娜和炮友激情玩车震 特漂亮 一炮没过瘾无套又干一炮 高清720P原版无水印
https://www.ds57.xyz/movie.php?id=8457307992503047,91王老板最新高清精品原创大片-桑拿选秀之浙江双飞表姐妹，全程露脸场面激烈，108分钟干了表妹一次，表姐太漂亮狂...
https://www.ds57.xyz/movie.php?id=8047797861509025,空降纹身师爱扎人的小爽露脸，情趣装干净的逼逼一根毛都没有，炮击抽插淫水拉丝淫荡表情，呻吟声就能让你射
https://www.ds57.xyz/movie.php?id=3675011927261948,潮吹女王毒龙潮吹淫声
https://www.ds57.xyz/movie.php?id=3891115495935082,台湾SWAG新人『萱萱』爆乳美女OL下班 洗澡中欲火难耐 激情自慰
https://www.ds57.xyz/movie.php?id=7549088983796537,跑车福利の极品大长腿韩国动感妹子火辣性感电臀热舞1080P超清无水印6V合集
https://www.ds57.xyz/movie.php?id=4920775936916471,玲珑S身材外围女子函大尺度私拍摄影师也忍不住摸她奶还说她有小东西漏出来了
https://www.ds57.xyz/movie.php?id=806404617615044,胸大腰细屁股翘的高颜值性感商务美女嫩模酒店援交2男,掀开裙子发现没穿内裤按在天窗就开干,又到床上前后双...
https://www.ds57.xyz/movie.php?id=9482691646553576,艺校美女主播又白又嫩的大奶子真想抓一把玩个够
https://www.ds57.xyz/movie.php?id=7270053513348103,手机直播美女主播古妆全裸秀室友剃须刀刮逼毛喜欢的不要错过
https://www.ds57.xyz/movie.php?id=315885441377759,精致软妹子性欲上来吞吐大屌最后两个人一起搞啪啪刺激作品 美女奶子逼逼极品嫩嫩一流可口操穴用力720P高清
https://www.ds57.xyz/movie.php?id=192178445868194,猥琐眼镜摄影师KK哥刑具房捆绑调教国模英子往她身上摸油720P无水印原版
https://www.ds57.xyz/movie.php?id=7965718260966241,91新花王广东飞机师肥唐国内酒店寻欢 侧入小姐无码露脸唠嗑720P高清无水印
https://www.ds57.xyz/movie.php?id=2560551208443939,美少妇做饭的时候最美了 那背影简直要命啊031115 042加上那勾人的小眼神 忍不住狂舔丝袜 慢慢脱光她的衣服
https://www.ds57.xyz/movie.php?id=4464521505869925,卖内衣的老板娘床上激情爆草，这逼草的真卖力气，汗流浃背不停的擦，呻吟浪叫不止，床都快干塌了
https://www.ds57.xyz/movie.php?id=1407664036378264,刚破处2个多月就被男友甩了的168CM高颜值美女兼职援交,人美逼紧刚干完一次还没休息又被操,不舍的让她走!
https://www.ds57.xyz/movie.php?id=5049133701249957,颜值不错 很有韵味御姐美女主播 穿着开档丝袜秀小穴 很是诱人
https://www.ds57.xyz/movie.php?id=9818314802832902,逼逼毛浓密短发少妇黑色网袜自慰秀 跳蛋塞逼逼震动自摸呻吟娇喘
https://www.ds57.xyz/movie.php?id=907938689924776,最淫养生之道-私密保健会所【女子养生SPA】技师超神服务全身推油按摩保健 舒爽啪啪 专注玩操美少妇 高清收...
https://www.ds57.xyz/movie.php?id=2691229726187885,私密保健会所《女子养生SPA》男技师约女熟客上门服务专注玩手机的少妇逼还挺嫩的颜值一般
https://www.ds57.xyz/movie.php?id=4976369906216860,丰满白嫩广东骚人妻美少妇与秃顶老外同事偸情啪啪无套内射耶耶叫个不停非常骚红润多水一线天美鲍超诱人1080...
https://www.ds57.xyz/movie.php?id=5576173551380634,破解家庭网络摄像头监控偷拍帅哥美女开着电视翻云覆雨 小两口一边放着嗨哥一边草一边嗨 太会玩了
https://www.ds57.xyz/movie.php?id=5664217933081090,青春的肉体-还在慢慢长大
https://www.ds57.xyz/movie.php?id=948216882534325,成都九眼桥的林妹妹。每次老婆不在家我肯定会去干她，胸又大又挺300一次干到我死也愿意！
https://www.ds57.xyz/movie.php?id=8058020663447678,极品女神 艾薇儿 透视装跳舞诱惑 椅子上用假鸡巴抽插呻吟叫声很淫荡
https://www.ds57.xyz/movie.php?id=3432512753643095,清纯可爱高中女孩与男友在家做爱视频
https://www.ds57.xyz/movie.php?id=6257777442224324,和老婆狂草三百回合 百年难遇之国产极品
https://www.ds57.xyz/movie.php?id=1457717432640493,今天天气好晴朗，带学生妹钻进小树林里野战一把，美乳细腰小翘臀，口交硬了靠着大树就开始插入鲍鱼无套内射
https://www.ds57.xyz/movie.php?id=5322232958860695,果哥出品大奶女神易阳性感超短裙黑丝袜大尺度诱惑私拍福利
https://www.ds57.xyz/movie.php?id=1767569133080542,公司美女会计带到家中做爱 偷偷摆好手机偷拍直接在沙发上干起来各种姿势狠操啪啪作响
https://www.ds57.xyz/movie.php?id=996735240332782,36E穴小奶大的人妻美女上演被包养的继续卧室啪啪,各种姿势干的啪啪响,说屁眼都被操了,国语淫荡对白!
https://www.ds57.xyz/movie.php?id=381781402975320,露脸与朋友的37岁老婆酒店开房偷情黑丝情趣护士制服床上操到浴室完整版2V1
https://www.ds57.xyz/movie.php?id=2679858948104083,白嫩巨美乳紫色高筒激情视频
https://www.ds57.xyz/movie.php?id=9299046830274164,粉嫩少女【布丁大法】性感黑丝袜 樱桃小手扣穴穴 震动棒玩弄阴蒂哇插射好多黏稠淫液 粉嫩的逼逼 好想被舔舔...
https://www.ds57.xyz/movie.php?id=9393583354540170,两个美女双飞纯纯肉肉缠绵冲动挡不住鸡动想搞穴作品《白百合高清修复版》字幕佳作 妹子气质很好啪啪硬啊
https://www.ds57.xyz/movie.php?id=8751493948511779,雀儿满天飞叫2美女来最后选紫色衣服小嫩妹来草
https://www.ds57.xyz/movie.php?id=9727302822284400,东莞和黑丝美女郊外打野战
https://www.ds57.xyz/movie.php?id=118216611444950,【户外勾搭女王】主播 【苍井美】KTV 和小哥哥啪啪大秀 口交 女上位啪啪 又跑到卫生间搞了一会
https://www.ds57.xyz/movie.php?id=2113591358065605,大神金龙鱼啪啪啪技术一流外表看起来温柔贤惠很良家的美少妇干的娇喘呻吟表情销魂国语对白高清1080P版
https://www.ds57.xyz/movie.php?id=1871819333173334,大长腿高质量美女度假操穴美景美穴是要让人肾虚的尤物 妹子身材很好苗条修长操逼停不下乳房逼逼射了720P高...
https://www.ds57.xyz/movie.php?id=9708525030873716,小鲜肉乌索普微信约炮微商女神兼职模特完结篇呻吟给力
https://www.ds57.xyz/movie.php?id=1613266789354384,极品骚货女神允儿最新微信福利28部户外啪啪啪露脸
https://www.ds57.xyz/movie.php?id=2814969490282237,离异老板娘露脸出境，被操的用手指挡住嘴，叫的很骚很享受
https://www.ds57.xyz/movie.php?id=9914418715052306,颜值不错身材苗条新人妹子情趣装诱惑第二部 床上振动棒摩擦抽插自慰大秀
https://www.ds57.xyz/movie.php?id=6554845212958753,【喂奶良家小萍萍】哺乳期良家小少妇，奶水四溢，一挤就喷射，浓密阴毛下的鲍鱼还非常粉嫩，跟乳房一样一摸就出水
https://www.ds57.xyz/movie.php?id=3636182458139956,骚货少妇 床上漏奶露逼诱惑 手指抠逼自慰秀 透明道具插 炮机插逼 快速抽插 享受快感
https://www.ds57.xyz/movie.php?id=3733549416065216,91大神xh98hx（珍藏版）第1集搭讪星巴克大学生 浴缸后入女神
https://www.ds57.xyz/movie.php?id=5356857622973621,最新Transexjapan流出中国TSmasem小乐乐岛国拍摄第5部 被性爱按摩师按到胸部出奶
https://www.ds57.xyz/movie.php?id=5566263627260923,逼逼粉嫩身材肉肉妹子小块黄瓜插逼逼 跳蛋震动看小视频很是诱人
https://www.ds57.xyz/movie.php?id=9836144666187466,我的极品妹子一直玩弄我的大鸡巴让我射她里面
https://www.ds57.xyz/movie.php?id=3196829650551080,颜值不错身材丰满兮西直播大秀 小穴粉嫩 激情自慰
https://www.ds57.xyz/movie.php?id=681149326264858,打飞机推荐宅男女神超高人气童颜巨乳主播三胖戴着黑框眼镜好像AV里的老师
https://www.ds57.xyz/movie.php?id=3045021970756352,最新流出富二代挥重金高端约炮极品外围女模身材绝对一流气质好相貌出众无毛穴白浆超多内射很有撸点2V1
https://www.ds57.xyz/movie.php?id=3163068140856921,美女麦家琪英气诱人欲望肉体挡不住冲动想搞啪啪作品《偷窥无罪高清字幕版》激情佳作 极品妹子鸡动要虚啊
https://www.ds57.xyz/movie.php?id=1639978275634348,两个台巴子小葛格东游记带你东南亚红灯区吸舔取精720P清晰版
https://www.ds57.xyz/movie.php?id=2173309898935258,和性感女神到酒店开房 跪在沙发上撅着屁股被猛操大声浪叫再推倒在床上修长大腿无套内射
https://www.ds57.xyz/movie.php?id=6395317348651588,漂亮眼镜妹尺度大秀 自慰插穴 很是诱人喜欢别错过
https://www.ds57.xyz/movie.php?id=5036897598765790,高颜值风情万种的骚货，情趣黑丝红色透明肚兜诱惑，道具各种插逼秀，看着水很多逼很肥，浪叫呻吟不止
https://www.ds57.xyz/movie.php?id=2958260541781783,蹂躏广东美少妇网友脸蛋漂亮身材正点还有纹身操逼插嘴最后干到不能动了深喉太厉害了 最爱插嘴了
https://www.ds57.xyz/movie.php?id=7740565789863467,【网曝门事件】超靓东航空姐韩X和男友性爱私拍流出 制服女神翘丰臀抽插后入 黑牛大屌双插浪叫 高清720P版
https://www.ds57.xyz/movie.php?id=1280923336744308,敏感学生妹露脸被蒙面大哥床上玩逼捅菊花，大鸡巴各种体位抽插爆草蹂躏，表情骚极了，不断呻吟还自己抠穴
https://www.ds57.xyz/movie.php?id=8690797709859908,出租房内后入少妇，持续抽插,肥美鲍鱼还没插入就流水了
https://www.ds57.xyz/movie.php?id=6518166065216064,极品女神思瑞美腿黑丝高跟 罕见零距离特写性器官与土豪啪啪
https://www.ds57.xyz/movie.php?id=1577758467756211,果哥出品-爆乳女神Sexy闫盼盼6月VIP高清大尺度视频 透视白纱 爆乳挑逗 极限勾引 诱惑招操 高清1080P完整版
https://www.ds57.xyz/movie.php?id=4883428500033915,诱人大奶少妇粉色奶头自摸 蓝色短裙沙发上摆弄各种姿势揉搓奶子非常诱人
https://www.ds57.xyz/movie.php?id=9721909533254802,【全国探花】老哥约了个高颜值大长腿妹子，第二炮口交大力猛操呻吟
https://www.ds57.xyz/movie.php?id=4219835316762328,台湾SWAG『Alin』极品美乳18岁惊艳技艺姬纹身女孩 插完嘴穴中场休息后继续打内射炮
https://www.ds57.xyz/movie.php?id=3188217720016837,豪华约炮房很有情调的激情男女啪啪穿上透明黑丝连干3炮打炮椅健美球全玩一遍奶大臀肥女友爽的尖叫不止胡言...
https://www.ds57.xyz/movie.php?id=8644849569536746,可爱娇小的MM操逼搞起来非常享受
https://www.ds57.xyz/movie.php?id=3609339818358421,小姐姐平台很是风骚嫩妹主播骚幼师欠 收费直播大秀 自慰工具好多 插穴爆菊花十分淫荡
https://www.ds57.xyz/movie.php?id=7590826181694865,知性成熟女性美性感姐姐主播狐仙随着动感音乐大跳钢管裸体骚舞假屌插逼撸点满满对白清晰
https://www.ds57.xyz/movie.php?id=9794106315821410,极品爆乳女神美少女完具酱m 性感内衣黑丝 撕开丝袜插入假JB喷潮秀 人瘦胸大身材黄金比例
https://www.ds57.xyz/movie.php?id=5058421576395631,郊外沙场露天打地铺大战身材纤细嫩B妹子阴毛稀疏皮肤白嫩俩人肉战旁边还有乘凉的碉堡了国语对白1080P超清原...
https://www.ds57.xyz/movie.php?id=4494788735173642,戴眼镜的丰满骚情美少妇和炮友双人啪啪大秀 口交啪啪 身材丰满
https://www.ds57.xyz/movie.php?id=9722049650736154,【重磅福利】精心整理各大平台20多位美女主播共计305部福利视频合集打包
https://www.ds57.xyz/movie.php?id=3121288223192096,颜值不错妹子天台楼梯道具自慰秀 翘起屁股肛塞插菊花道具JJ抽插呻吟娇喘
https://www.ds57.xyz/movie.php?id=7844809964299202,晴霞私拍视频，又一位被色影师的大手掰穴直拍的，这么美可惜了
https://www.ds57.xyz/movie.php?id=1109662861563265,高颜值长相甜美短发妹子露奶露逼诱惑 露出大奶掰开逼逼非常粉嫩诱人
https://www.ds57.xyz/movie.php?id=6339817903935909,女神级主播骚浪美女兔兔全程露脸直播，情趣内衣很诱惑大白屁股非常俏，奶子嫩出水很大自己吃，手指抠逼叫声淫荡
https://www.ds57.xyz/movie.php?id=8868776941671968,皮肤雪白漂亮的气质美女主播答谢粉丝福利随机抽了为粉丝酒店啪啪,男的花招真多自己干完又用道具搞她,国语!
https://www.ds57.xyz/movie.php?id=6029794206842780,土豪高清手持录制高价约炮身材纤细白嫩高颜值无毛出来援交的学妹被无套啪啪啪内射呻吟声一流撸点一流
https://www.ds57.xyz/movie.php?id=3512599705718457,泄密流出精彩视频情侣间的有料自拍，女上位啪啪啪，内射，口爆吃精，精彩集合
https://www.ds57.xyz/movie.php?id=9259026688523590,颜值不错美女直播性感小宝塔直播大秀 双人激情口交啪啪 很是诱人
https://www.ds57.xyz/movie.php?id=9989303201436996,酒店上帝视角近距离偷拍多对情侣都是颜值高身材极品...
https://www.ds57.xyz/movie.php?id=297508798539638,【重磅】超火主播【SPA女按摩师】足浴店女技師偷拍爲男客人做全身SPA打飛機被趁機揩油亂摸
https://www.ds57.xyz/movie.php?id=3072700584307313,骑术精湛的旗袍少妇被情人大屌操的高潮迭起痛苦并快乐着
https://www.ds57.xyz/movie.php?id=248581571504473,两个阴毛旺盛的主播一起拿黄瓜自慰 一起洗澡 很是淫荡
https://www.ds57.xyz/movie.php?id=6928911665454507,极品模特玉米展示粉色的美穴 自掰展示 高清无码
https://www.ds57.xyz/movie.php?id=7978875981643796,【喂奶良家小萍萍】哺乳期乳汁喷射到屏幕，跟老公趁孩子睡着啪啪，后入翘起大白臀诱人内射
https://www.ds57.xyz/movie.php?id=6395124839618802,丰满漂亮御姐璃儿 一多自慰大秀 先给充气娃娃充气 然后开始操它 最后尿尿
https://www.ds57.xyz/movie.php?id=3751418003812432,爆乳宅男女神『娜美妖姬』情人节定制版- 巨乳OL娘渴望的唇 后入速插 潮吹颤抖
https://www.ds57.xyz/movie.php?id=3286214424297213,多情少妇在家玩嗨了，新买的炮击试试效果，全程露脸炮击抽插摩擦，表情骚浪叫声像是高潮了还在打电话呻吟
https://www.ds57.xyz/movie.php?id=3580943658016622,户外女主播拉了一个路人进小树林直播操逼大秀，逼毛还是很稀松 ,插进去就叫：好舒服,B舒服
https://www.ds57.xyz/movie.php?id=6937109241262078,优雅美少妇人妻出轨被操啪啪肉欲冲动作品《外出高清字幕版》激情佳作 妹子质量不错操别人的老婆就是刺激
https://www.ds57.xyz/movie.php?id=80625228583812,五彩缤纷的彩灯下享受小姐姐破丝榨精 涂满嫩脚上
https://www.ds57.xyz/movie.php?id=5365429101511836,大学生情侣旅店开房妹子的逼还挺嫩的应该刚开发没多久对性很渴望
https://www.ds57.xyz/movie.php?id=1422808733768761,迷玩COSPLAY的社团20岁气质小美女,舔足剪阴毛玩弄各种花样百出 附全程文字介绍
https://www.ds57.xyz/movie.php?id=8355267760343850,某收费网站流出-年轻漂亮大学美女假期美回家和闺蜜男友偷情啪啪,女上位拿着鸡巴就插,淫叫：好大,快插我,救我!
https://www.ds57.xyz/movie.php?id=5034602899104357,喜欢露出的长腿美乳夏晶晶最新作品之毛衣网袜の美臀 性爱公交 身写淫字 淫荡露出 高清私拍40P 高清1080P版
https://www.ds57.xyz/movie.php?id=9150982135906816,超市碰到一个齐逼红裙美女,内穿内裤大阴唇肥肥的夹住嫩逼,看到旁边的黑老外男友我好像知道了什么
https://www.ds57.xyz/movie.php?id=6863943142816424,颜值不错美乳金发妹子自慰秀 沙发上按摩器震动头部插入逼逼非常粉诱人
https://www.ds57.xyz/movie.php?id=403730240650475,大神邀约小姐姐到寒舍幽会真会享受 吊带黑丝把老屌玩转
https://www.ds57.xyz/movie.php?id=7905740039423108,颜值高新人美女主播呻吟美人 一多自慰大秀 身材不错木耳漂亮 自慰插穴很淫荡
https://www.ds57.xyz/movie.php?id=1420289510861039,剧情好片 哥哥和女友还有妹妹一起看球赛 妹妹一直骚扰哥哥 把哥哥女友惹怒离开
https://www.ds57.xyz/movie.php?id=4843383599072695,【淫荡人妻】勾搭外卖小哥 男主藏柜子里偷拍，男主想三P直接柜子里出来，吓的小哥软了直接开熘，贵在真实
https://www.ds57.xyz/movie.php?id=9282975788228214,最新腿型很好看的长腿清纯小美女啪啪啪流出短片 被扒开丝袜内裤插的好享受
https://www.ds57.xyz/movie.php?id=2819416602142155,湖南高颜值性感留学美女正在玩电脑时被如约而来的异国男友迫不及待提枪就操,脱内裤的时间都没有,丰满翘臀狠...
https://www.ds57.xyz/movie.php?id=4293416598811745,【精彩泄露】湖州护士董某某高潮紫薇尿尿等精彩自录
https://www.ds57.xyz/movie.php?id=7310571139678359,【个撮】美女分享FC2PPV-1042868 又一个女神级别素人美女 颜出无修正 美不美宁看了在说 值得收藏
https://www.ds57.xyz/movie.php?id=5996060110628605,剧情演绎网红美少女闺房偷看A片欲望难耐道具自慰高潮大叫好想要被老爸看见突然闯入爱抚互舔啪啪啪对白淫荡
https://www.ds57.xyz/movie.php?id=8187181111425161,【真•镇店之宝】南京超模身材准空姐绝版自慰喷水
https://www.ds57.xyz/movie.php?id=1113831833936274,这个年轻的小美女气质很好白嫩极品挡不住操起来销魂冲动作品 妹子美臀大长腿丰满肉肉真赞啊猛搞撞击720P高...
https://www.ds57.xyz/movie.php?id=4255330702289939,网络上好火的网红美女Batty 性感露奶呻吟表演 各种风骚呻吟姿势好给力
https://www.ds57.xyz/movie.php?id=3312736758962273,丰满肥逼骚气女主播黑丝情趣内衣诱惑振动棒自慰 极品肥逼
https://www.ds57.xyz/movie.php?id=1492076767608523,《全国探花》嫖妓偷拍直播和大家一块手机选秀挑了个兼职学生妹啪啪，看小姐姐漂亮连操了二次
https://www.ds57.xyz/movie.php?id=7428476330824196,高颜值气质妹子身材不错诱惑秀 逼逼无毛粉嫩摩擦凳子看着非常诱人
https://www.ds57.xyz/movie.php?id=5495188329368830,最强嫖妞大神『全国探花』约操极品S级身材骨干爆乳女神 刚脱裤子就吓妹纸一跳 J8真大 主动骑坐上来享受
https://www.ds57.xyz/movie.php?id=907937656156718,【360水滴TP】怀旧电影主题酒店偷拍吓我一大跳大奶妹啪啪完走近摄像头零距离飙几句高音
https://www.ds57.xyz/movie.php?id=1379758701659739,熟妇丝雨旅游途中性福啪啪作品 这两对夫妻厉害膜拜啊，互换搞穴大神配合的让人冲动沸腾了720P高清~
https://www.ds57.xyz/movie.php?id=9040439068339766,91小A君复出最新作品之米国会所兼职辣妈连环炮1080P高清完整原版
https://www.ds57.xyz/movie.php?id=6517554023303092,高颜值杭州大二D奶学生妹 动感裸舞 假JB插穴爆菊自慰 有点像低配版迪丽热巴
https://www.ds57.xyz/movie.php?id=7855815635994077,每月5位数包养的腰细臀美的女神级性感美女酒店被土豪疯狂抽插调教,屁股上写的都是淫话,各种体位狠狠干逼!
https://www.ds57.xyz/movie.php?id=6461316966451705,对白狠淫荡苗条白嫩人妻骚女经理老公不在家与炮友偷情口活一流无毛逼干的浪叫不断欲仙欲死说受不了了完整版
https://www.ds57.xyz/movie.php?id=9680491820909082,广州性文化节-情趣内衣展女模特走光露毛逼3600万像素高清拍摄
https://www.ds57.xyz/movie.php?id=9359829938039184,【只管抓好枕头扶好墙】良家小夫妻家中啪啪，清秀漂亮身材好，干柴烈火热吻享受性福生活
https://www.ds57.xyz/movie.php?id=2858685175888240,新来的美女主播大咪咪甜心豹纹情趣，身材很好蝴蝶逼非常骚，站着自慰给你看跳弹塞逼里，叫的很骚想被大鸡巴草
https://www.ds57.xyz/movie.php?id=7284836829639971,猛女李华月总是让人有操的冲动肉欲十足鸡动作品《贴身情人贴身恋高清字幕版》激情佳作 丰满身材适合猛搞啊
https://www.ds57.xyz/movie.php?id=3860988742671907,邻家美乳骚浪骚少妇带孩子出来跟我偷情 穿情趣粉衣直接操 丰臀美乳小骚货特抗操 淫叫高潮爆操 唯美推荐
https://www.ds57.xyz/movie.php?id=7820633980445564,美乳大胸漂亮美女和男友外地旅游酒店激烈啪啪时被偷拍,看场面2人很饥渴,男说：你一直在上面是你在奸我!国语!
https://www.ds57.xyz/movie.php?id=7529637287370861,网红少女 完具酱酱—大长腿爆乳肉丝诱惑高清套图+视频
https://www.ds57.xyz/movie.php?id=4149471460841596,极品调皮骚货深夜骚痒难耐野外觅食 公车玩跳蛋 野外喷水 约操帅哥饥渴做爱 口爆吞精啪到高潮 高清完整版
https://www.ds57.xyz/movie.php?id=2620263588614762,颜值不错的金牌主播 露奶漏逼诱惑 口交假JJ 椅子上手指揉阴蒂 假JJ插逼 快速抽插 流白浆 骑乘 非常诱人
https://www.ds57.xyz/movie.php?id=3768033506348729,炮神奇哥网约高挑大波肥臀长发美女模特沙发上各种体位大战抱起来肏很持久怎么搞都不射国语对白1080P原版
https://www.ds57.xyz/movie.php?id=7369271642528474,羞羞的少妇，时隔一年再约深圳少妇，娇羞的叫我坏蛋
https://www.ds57.xyz/movie.php?id=9259555381722748,气质漂亮的短发美女财务,男友长时间出差在家憋的太难受和公司强壮帅哥相约酒店啪啪,直接抱起来狠狠抽插!
https://www.ds57.xyz/movie.php?id=332592497579753,清纯美少女17岁的雨季收费自慰大秀 嫩的出水 激情自慰
https://www.ds57.xyz/movie.php?id=8566224323585629,颜值不错短发妹子护士情趣装诱惑 脱光穿着高跟鞋跳弹震动逼逼道具抽插 很是诱惑不要错过
https://www.ds57.xyz/movie.php?id=4029665561392903,颜值不错大奶美乳妹子自慰秀 自摸奶子沙发上揉搓逼逼呻吟娇喘
https://www.ds57.xyz/movie.php?id=5370783936232328,女生宿舍极品大奶小情人躲在厕所自慰摩擦阴蒂找快感，这小嫩逼开着口看着是真美
https://www.ds57.xyz/movie.php?id=2115742717869579,居家与体态修长性感的女神多体位啪啪啪宠物狗各种捣乱亮点在6分13秒狗狗上去舔蛋蛋被女神给一巴掌哈哈
https://www.ds57.xyz/movie.php?id=8424976747483015,【真实乱伦】在老婆旁操岳母,这是第5次操她还是不敢叫大声
https://www.ds57.xyz/movie.php?id=1037041363306343,【360TP】稀有少数名族台 新疆妹子 身材很好 不知有摄像头 一对车头灯在镜头前闪眼
https://www.ds57.xyz/movie.php?id=1389001472853124,露脸清纯小骚逼女友很听话的吃鸡巴，被扣小骚逼，男的好性福
https://www.ds57.xyz/movie.php?id=4770620847120881,家庭网络摄像头被黑TP基层干部大叔下午没事约情妇到家里来啪啪啪大叔还挺猛的打炮体位奇特还是内射
https://www.ds57.xyz/movie.php?id=3439078708179295,精品推荐！高级会所3个土豪群P极品性感模特,让穿婚纱上演制服诱惑,看后必射！
https://www.ds57.xyz/movie.php?id=9587875744327902,探花约炮颜值不错兼职妹 激情口交啪啪
https://www.ds57.xyz/movie.php?id=742898061871528,性感网红美女主播萌妍妍跑车福利剧情演绎下班忘带钥匙在对面邻居家等妈妈回来时故意勾引邻居沙发上啪啪!
https://www.ds57.xyz/movie.php?id=4488285365514457,艺术学院清纯漂亮美女被男友边操边拍干的受不了大叫：操死我了,不要了,我受不了了.我没试过,不会,不要拍我脸!
https://www.ds57.xyz/movie.php?id=7717615682631731,2个骚货漂亮小姐姐互摸发骚 特写B 双头蛇操B大秀
https://www.ds57.xyz/movie.php?id=319998417980968,怪盗咪J 起きません VOL
https://www.ds57.xyz/movie.php?id=3196680606342852,英气女神杨美女飒爽风情心动受不了搏斗啪啪要硬作品《雌雄大盗高清字幕版》激情佳作 极品肉体超燃性奋啊
https://www.ds57.xyz/movie.php?id=7532650642096996,真实迷奸表姐第二部—白虎美鲍、巨乳、丰满、爽翻天！天生白虎、美鲍巨乳，多年难得一见的绝世美鲍1080P
https://www.ds57.xyz/movie.php?id=8604484205134213,外表清纯文艺的性感大学美女被学长带到酒店啪啪,还在洗澡时就被按在墙上后插,又趴在阳台狠狠干.又白又漂亮!
https://www.ds57.xyz/movie.php?id=962346927262842,对白超级淫荡网红静儿剧情演绎之加班坐夜班车打电话与老公调情饥渴难耐陌生人帮助她解决问题高潮喷水流白浆
https://www.ds57.xyz/movie.php?id=1234403573907911,饥渴难耐的人妻 口交 女上位 后入各种姿势啪啪 花样很多
https://www.ds57.xyz/movie.php?id=7374418890103698,国产妹虐肛大合集-菊花下蛋,扩张,灌肠,菊花喷奶,虐肛,拉粑粑插肛，喜欢屁眼的进
https://www.ds57.xyz/movie.php?id=7648638323880732,极品双女沙发上互舔逼逼口活不错很是诱惑不要错过
https://www.ds57.xyz/movie.php?id=7425680002197623,唯美女同大片接吻舔菊花道具JJ插对方淫叫不断喜欢的不要错过
https://www.ds57.xyz/movie.php?id=6250601373612881,公交从良 不可能 道具与鸡巴齐插逼
https://www.ds57.xyz/movie.php?id=3348826980218291,插的好爽呀
https://www.ds57.xyz/movie.php?id=1966892187483608,【养生私密保健】美少妇到商场逛街，尿尿，勾搭，口爆，啪啪，丝袜，内射，娇喘连连，风骚大胆，真实刺激
https://www.ds57.xyz/movie.php?id=1264887838624417,苗条身材短发妹子道具自慰秀 性感屁股后入套弄震动抽插出白浆逼逼刮毛了 很是诱惑不要错过
https://www.ds57.xyz/movie.php?id=9466231679543852,贵州兵哥优雅粗暴的内射小美女被各种姿势爆操 操爽了直接抱起来操啪啪直响
https://www.ds57.xyz/movie.php?id=3435441008768975,看样子年纪也不是太小 木耳却是无毛白虎而且十分粉嫩 先插穴自慰然后啪啪
https://www.ds57.xyz/movie.php?id=4935253057628870,皮肤白皙水嫩的漂亮大三美女被色狼姐夫勾搭了很久,发了不少红包约到家中啪啪,看见诱人的小逼忍不住狂干!
https://www.ds57.xyz/movie.php?id=1504965843632817,气质美女酒店约会渣男被下药迷倒玩弄摆拍给她舔鲍鱼
https://www.ds57.xyz/movie.php?id=4039476499892771,2男高价众筹魔鬼身材性感漂亮的外围美女,夜晚约到酒店扒光衣服2人轮流啪啪,各种姿势玩个遍,狠狠爆插.国语!
https://www.ds57.xyz/movie.php?id=5271297520957887,颜值区丰满妹子【靖佩瑶】下海小尺度露奶跳舞扭动，情趣内裤网袜
https://www.ds57.xyz/movie.php?id=7200657455250621,成人网很火的GIF出处 亮点是姿势 解锁超多普通人无法完成的性爱体位RH116
https://www.ds57.xyz/movie.php?id=6087594646960497,百度泄密露脸自拍与小女友啪啪，才几分钟就射肚子上了
https://www.ds57.xyz/movie.php?id=6124581219628453,酒店水滴摄像头监控偷拍小情侣啪啪很有拍动作片的潜质高清1080P版
https://www.ds57.xyz/movie.php?id=6221007700078189,东北豪爽女主播可以不戴套干但不许内射约粉丝车震直播互舔爆操很猛啊干的主播嗷嗷叫对白精彩淫荡
https://www.ds57.xyz/movie.php?id=6509390473365784,亚裔小美女直播与洋男友激烈床战 可爱童颜身材高挑 被大洋屌贯穿爽得直叫
https://www.ds57.xyz/movie.php?id=7947300868108869,宅男爆乳女神美少女九尾狐狸M会员版之可爱学生装 极品爆乳玩粉嫩美穴自慰 呻吟高潮20分钟 高清720P完整版
https://www.ds57.xyz/movie.php?id=543501898646354,漂亮妹子被带回家里疯狂啪啪
https://www.ds57.xyz/movie.php?id=6013870351016521,小鲜肉(秦先生)约炮极品女神完整版系列第六期、第七期合集
https://www.ds57.xyz/movie.php?id=7685020365752280,超靓极品少妇丽柜厅『米娜』勾搭保安回家做爱 连操骚逼两次全部中出内射 疯狂骑乘很饥渴的样子 高清完整版
https://www.ds57.xyz/movie.php?id=2400476713664829,样子非常可爱的眼镜小女生喵儿周末和同学户外野餐完打野战没想到妹子私低下这么淫骚
https://www.ds57.xyz/movie.php?id=666387514211237,极品极品高颜值气质美女贝贝一多大秀 先聊天 阴毛稀疏木耳粉很漂亮
https://www.ds57.xyz/movie.php?id=5472293626517057,自拍福利-长腿网红美女刘钰儿大尺度自拍小视频集
https://www.ds57.xyz/movie.php?id=925493147224187,读完中专刚出来实习的小护士，粉嫩的小鲍鱼一掐就出水，一双细长的腿十分诱惑
https://www.ds57.xyz/movie.php?id=958343450911343,大神调教乖巧迷人白富美成为爱舔脚的性爱小母犬
https://www.ds57.xyz/movie.php?id=8407854381948709,91大神佛爷11月新作为国争光系列英国巨乳女教师第二部 大战极品G奶少妇带个眼镜气质超赞720P高清完整版
https://www.ds57.xyz/movie.php?id=4038405865430832,孪生妹妹正在写作业被哥哥和叔叔突然袭击！开始带套做爱，后来妹子也是躁动了，居然同意让内射
https://www.ds57.xyz/movie.php?id=7476415322162211,酒店再次操喷多水骚逼少妇 很喜欢这样操她 很容易高潮喷水 浪叫不行了 水声不断 最后一起高潮爆精内射
https://www.ds57.xyz/movie.php?id=8636652966961265,奥斯卡影帝（杨导撩妹）上演年度经典大戏（第六部）
https://www.ds57.xyz/movie.php?id=8656729920767248,重磅福利白虎女神王婉婉果哥“白金珍藏版”大尺度写真花之恋曲
https://www.ds57.xyz/movie.php?id=6404881388880312,昆明直播偷拍约啪清纯小脸萌妹子做起来却是骚的不行！
https://www.ds57.xyz/movie.php?id=1003130371682345,美女的不伦旅行
https://www.ds57.xyz/movie.php?id=1672757659107446,女仆装小臊货值播诱惑展示自己小毛茓,声称全国各地都可以过去约
https://www.ds57.xyz/movie.php?id=5773583282716572,高颜值气质不错长发妹子自慰 单腿黑丝按摩器震动逼逼再到床上非常粉嫩
https://www.ds57.xyz/movie.php?id=6049629980698228,巨乳伪娘七七高颜值4猫耳朵 黑丝情趣内衣 女上位爆插
https://www.ds57.xyz/movie.php?id=1207985482178628,苏苏和闺蜜约小表弟3P 两御姐轮流上表弟吸精 小逼逼无套内射 满满的溢出
https://www.ds57.xyz/movie.php?id=3817419791594147,最强疯狂酒店淫乱『爱淫乱的小虾米』三女两男5P大乱操 高颜值纹身靓妹最受欢迎抢着操 青春肉体性爱趴
https://www.ds57.xyz/movie.php?id=1584735922515392,奶子大逼儿肥颜值高的骚主播全程高能演绎，自己揉捏坚挺大奶很诱人，肥逼特写道具插入菊花也爆，高潮喷水第二弹
https://www.ds57.xyz/movie.php?id=693010929971933,最强极品美乳女神『白袜袜格罗』最新作品-猫儿捆绑 爆乳翘挺 乳夹轻SM 玩穴白浆 忘情高潮 高清720P版
https://www.ds57.xyz/movie.php?id=226226598024368,女神高颜值心动一看就想插作品《蜜桃成熟时高清修复版》字幕佳作 这一版的李美女很可爱大胆是操穴尤物
https://www.ds57.xyz/movie.php?id=6626666495576501,有刨腹产的少妇在车上和我车震，69式无套打炮
https://www.ds57.xyz/movie.php?id=5564544661901891,公共澡堂专门偷拍一位漂亮妹子洗澡，这是怎么做到不被发现的
https://www.ds57.xyz/movie.php?id=7330813556909561,新婚小夫妻在卫生间直接搞起来了 后入快速抽插卫生间内能玩这么多的花样啊一定要试试的 还捂着嘴不让叫出来
https://www.ds57.xyz/movie.php?id=6199501017108560,喷血推荐-高颜值极品长发美女被网友用尽全力干到高潮内射后,美女淫欲未尽把鸡巴舔硬自己坐上去拼命的扭动!
https://www.ds57.xyz/movie.php?id=9333417359739542,吐血推荐目前见过的最全自慰展示第一坊少妇主播水蜜桃的诱惑（超清珍稀版）
https://www.ds57.xyz/movie.php?id=8996121915988624,原东莞头牌现极品爆乳会所女技师 按摩推油口活打飞机 看手法技术还那么熟练 叫的还是那么骚 高清完整版
https://www.ds57.xyz/movie.php?id=8244595080614090,美女只招待土豪作品《私人会所》冲动佳作 会所的美女质量就是高，这样的夜生活都挡不住白领美女操不停
https://www.ds57.xyz/movie.php?id=7905546682886779,朝阳区文化宫舞蹈老师与网聊渣男自拍 全程高能骚嗑对白
https://www.ds57.xyz/movie.php?id=7469123732298613,眼镜小哥约了个颜值不错苗条妹子 69互舔后入骑乘抽插呻吟诱人
https://www.ds57.xyz/movie.php?id=3886431306600570,【真实自拍】 台湾蛮劲爆的小明星化妆间里与男友激情啪啪 穿着兔女郎装翘臀后入干得嗷嗷直叫～720P高清
https://www.ds57.xyz/movie.php?id=4917755345813930,上海94年高挑学生妹桑梦珍和男友性爱啪啪自拍视频不幸流出
https://www.ds57.xyz/movie.php?id=3637436763383448,很多人都在求的玩弄老婆第二部，为老婆穿民国服装换黑丝迷玩
https://www.ds57.xyz/movie.php?id=7629857431165874,极品漂亮爆乳萝莉兔兔36D豪乳无限诱惑 极品巨乳 与土豪无下限激情啪啪操 顶操爆乳乱颤淫荡乱叫 高清720P版
https://www.ds57.xyz/movie.php?id=1918168463744223,双马尾女仆装大奶少妇【彩虹宝宝】阳光下大黑牛自慰，掰穴特写开裆黑丝非常诱人，很是诱惑不要错过
https://www.ds57.xyz/movie.php?id=3550359462387860,广东辉哥东莞桑拿会所找小姐偷拍很健谈的湖南少妇冰火口爆
https://www.ds57.xyz/movie.php?id=7330783349461854,黑客入侵家庭摄像头偷拍到一妹子在家脱光裤子一边看小电影一边自慰
https://www.ds57.xyz/movie.php?id=1763636893592774,【360水滴TP】稀有私享台精选-大学生情侣开房做爱，颜值高美乳身材好，俯视角度观感极佳
https://www.ds57.xyz/movie.php?id=4259776435792446,杭州高级会所花了2000搞上的大学生,可惜只给口爆不让干,绝色美女！
https://www.ds57.xyz/movie.php?id=3153670988976955,大年30晚上跟大奶头老婆在情趣酒店泡着澡看春晚
https://www.ds57.xyz/movie.php?id=2759229899384081,风月海棠大战高素质文雅美女老师身材太好了爱抚挑逗受不了淫叫说求你了用力操我呻吟是亮点听声能撸对白淫荡...
https://www.ds57.xyz/movie.php?id=7210286497138441,女主长的很仙也很美第三弹 温暖的天气 美女主自慰插穴 与男友啪啪
https://www.ds57.xyz/movie.php?id=3120065666735172,【小怡会所全套服务】户外野战，钻进小树林里撒尿，尿完抖干净，丝袜后入啪啪，小穴粉嫩淫叫满山坡
https://www.ds57.xyz/movie.php?id=370494700036942,昔日恋人大学(老师)N.Linh 奥黛年 女上顶操蜂腰美臀学生妹 恋爱激情做爱自拍流出
https://www.ds57.xyz/movie.php?id=4316328023560345,极品苗条骚娘们海景房穿泳装被啪啪还是一个馒头逼 娇喘呻吟
https://www.ds57.xyz/movie.php?id=8926664781756699,娇小身材网红脸妹子【小骚猫】道具自慰，全裸按摩器震动逼逼非常诱人
https://www.ds57.xyz/movie.php?id=3935030149295926,91把妹哥王者之作-年会上认识的美女学妹用力太猛快干哭了说：太大了,你轻点,慢点,慢点.干到喷潮内射!高清版
https://www.ds57.xyz/movie.php?id=7236744421534240,bo哥在一次活动中结识的某银行上班的少妇周末她老公不在家去她家和她在客厅里啪啪
https://www.ds57.xyz/movie.php?id=4059015274979174,淫乱的房间里搞群P啊 人太多也不知道有几个 其中一个长腿大胸妹子 就专门干她了 这一期美眉的质量非常好
https://www.ds57.xyz/movie.php?id=6495396979153156,最新价值498元新晋网红御酱首发私人订制视频-情色妖狐尾 大玩具深插粉肉浪穴 淫语自嗨 高清960P原版无水印
https://www.ds57.xyz/movie.php?id=7351146740838885,【吃伟哥干小骚逼】刚毕业大学生小情侣家中啪啪，极品身材美乳翘臀难得一见，粉嫩白恰到好处真乃人间极品尤物
https://www.ds57.xyz/movie.php?id=1290391376242041,超浪荡新婚小少妇 蒙眼口交直接是口爆再直接扒了内裤后入爆草小骚货用力猛操
https://www.ds57.xyz/movie.php?id=4702537655830383,3P石家庄95年某院校系学妹玩的受不了 妹子被要求穿着邓紫棋同款皮裤大玩69式 漂亮啊这妹子
https://www.ds57.xyz/movie.php?id=6231127302162349,撸管新方向：南韩19禁电影露点性爱剪辑精华整理合辑（第七部）骚逼淫荡对白
https://www.ds57.xyz/movie.php?id=8334691640920937,经典四级漂亮美女性奋啪啪作品《深喉咙》字幕佳作 几个妹子质量挺高真实性爱乳房臀部看的冲动要硬极品
https://www.ds57.xyz/movie.php?id=7954905936494470,可爱漂亮美女主播萌萌小耳朵1226一多自慰大秀 身材不错 自慰插穴很是淫荡
https://www.ds57.xyz/movie.php?id=1310873259790241,再次邀约名店头牌服装导购美丽姐姐进行深入拍摄！
https://www.ds57.xyz/movie.php?id=7683028159663081,精品视讯系列-极品美女主播各种诱惑大尺度大秀喜欢的不要错过
https://www.ds57.xyz/movie.php?id=6151432492770255,主播网约女炮友吃饭被故意灌醉带到酒店像死鱼一样奸尸刺激
https://www.ds57.xyz/movie.php?id=4777773618698120,手机直播看着年龄不大的妹子制服手指扣逼秀出了挺多水喜欢的不要错过
https://www.ds57.xyz/movie.php?id=2763217450119555,水滴摄像头监控TP挺会享受性爱的夫妻边玩边拍相互用嘴搞得对爽地上还有性爱椅方爽
https://www.ds57.xyz/movie.php?id=554752573370933,精品福利-年轻性感的美女人妻打牌输钱太多背着老公在洗浴会所兼职服务还债,颜值高身材棒,花钱干她真是太值...
https://www.ds57.xyz/movie.php?id=9931252170354128,黑色紧身皮衣高跟嫩妹子露逼自慰，妹子风骚的不得了小穴也很漂亮
https://www.ds57.xyz/movie.php?id=8172248257324100,想不想插我呀,那你来插我巨乳萌妹子约炮腹肌男前戏互玩沙发上猛干
https://www.ds57.xyz/movie.php?id=8667766246944666,灌醉高颜值长腿大四班花 带到酒店脱光衣服 四肢无力没反抗任由我自己玩 竟然还配合我呻吟
https://www.ds57.xyz/movie.php?id=8001856161281466,这个身材苗条的女孩能算是极品么
https://www.ds57.xyz/movie.php?id=5501414085738361,上海极品性感的美女嫩模家中和富二代男友玩虐操,捆起来抠逼到喷水求操时再用大屌插她,粉嫩蝴蝶美穴,阴唇很...
https://www.ds57.xyz/movie.php?id=1910957386717200,国产剧情调教系列第21部 夫妻双人调教狗奴 主人激情做爱只能舔完鸡巴又舔B
https://www.ds57.xyz/movie.php?id=451974109746515,极品韵味熟女性生活看的鸡动受不了欲望沸腾作品《绿色椅子爱的定义高清字幕版》激情佳作 上小鲜肉刺激啊
https://www.ds57.xyz/movie.php?id=5347883957438171,【极品女神】轰趴猫美乳嫩模梦心玥魅惑私拍钻石会员版 高跟黑丝 极致诱惑 视觉盛宴 超清1080P原版无水印
https://www.ds57.xyz/movie.php?id=1447907607071101,高颜值新主播性感小宝塔主播大秀 颜值高身材好 自慰揉穴
https://www.ds57.xyz/movie.php?id=5203393474221230,户外三姐妹 3个小姐妹深夜小公园勾引陌生人 3女一男 小公园操B大秀
https://www.ds57.xyz/movie.php?id=4921784591861069,独家粉嫩咪咪的小女友大姨妈还没走口嘴并用尽心为男票解决生理需求
https://www.ds57.xyz/movie.php?id=4911375674419105,铁鸡巴哥莞式桑拿会所偷拍直播口活非常不错的白嫩妞玩六九掰穴舔逼连续干了两炮对白清晰
https://www.ds57.xyz/movie.php?id=609648399986326,爆草猛怼肥臀黑丝骚逼浪货，女上搾精爽
https://www.ds57.xyz/movie.php?id=2962144999764859,对白淫荡粗暴91大变态调教虐待眼镜骚妹纸开双洞口爆吐精自己扇自己嘴巴子很黄很暴力感觉妹子还高潮了720P高...
https://www.ds57.xyz/movie.php?id=2358751273714006,超可爱大学女孩被男友出卖,不雅照片和视频被流出,外表清纯,内心狂野
https://www.ds57.xyz/movie.php?id=7118386859074235,老板下班后命令私人秘书换上性感网丝打炮放松，被操的浪叫不止,说：轻点,你好厉害,爽,脚软站不住了!
https://www.ds57.xyz/movie.php?id=7684984062798321,身材高挑御姐主播收费一多自慰大秀 蝴蝶骚穴淫水超多 激情自慰十分淫荡
https://www.ds57.xyz/movie.php?id=991482087410986,视讯 巨乳妹全裸大黑牛自慰 4V视频
https://www.ds57.xyz/movie.php?id=2732505397871136,【禁忌之恋】公公宝刀未老与岛国范儿媳偷情操炮 无套后入不停怼操 完美露脸 国语对白 超清1080P原版无水印
https://www.ds57.xyz/movie.php?id=7485219878144562,坚挺双乳纹身骚货浴室洗澡自嗨诱惑跪舔大鸡巴呻吟娇喘啪啪啪
https://www.ds57.xyz/movie.php?id=4057714408263564,国产TS系列蜂腰细臀奶子圆圆的思瑶与直男互吃被干 真是个迷死人的小妖精
https://www.ds57.xyz/movie.php?id=8877294543199241,脸蛋儿精致得像个洋娃娃的丰满女神 喜欢吃螺蛳粉 两千块就可以线下约 福利环节 奶子大到可以舔到自己的奶子
https://www.ds57.xyz/movie.php?id=4745240760967135,【王子哥专啪学生妹】奔驰哥花高价泡到新的学生妹，上完网课就过来，身材苗条细腰翘臀呻吟真实
https://www.ds57.xyz/movie.php?id=1295353858731687,国外剧情内容大片第二部-儿子看到老妈口交兴奋撸管冲进卫生间后入猛干-1080P高清
https://www.ds57.xyz/movie.php?id=4865795741789043,完美女神【奡懮】这样的身材前凸后翘找不出第二人真罕见
https://www.ds57.xyz/movie.php?id=2981241303496063,女子美容美体会所网络摄像头被黑TP来做生殖器保健及皮肤保养的富家小姐一对车灯是又圆又大
https://www.ds57.xyz/movie.php?id=4173003630712628,城中村出租屋偷窥隔壁站街女和嫖客啪啪姐的生意不错啊一晚接了4个客
https://www.ds57.xyz/movie.php?id=7631445308215916,三个高颜值美女吊带丝袜服务你就问爽不爽
https://www.ds57.xyz/movie.php?id=4102710657753050,韩国最新限制级剧情片：《兄嫂3》 有激情 有剧情的少有的韩国三级电影不容错过 还是超清版本的
https://www.ds57.xyz/movie.php?id=4527025721035898,“轻一点我不行了天啊高潮了”对白淫荡身材纤细奶子却很大的骚妹子连体镂空网袜被猛男爆操高潮迭起尖叫1080...
https://www.ds57.xyz/movie.php?id=5720209325663745,一坊高颜值网红脸御姐主播粉嫩鲍鱼小范冰冰 一多自慰大秀 颜值高身材好 自慰插穴
https://www.ds57.xyz/movie.php?id=5887427818961442,性感少妇露脸一个人在家没有老公很寂寞，黑丝情趣各种诱惑身材不错，撅着屁股自慰床上爬着等你来干，不要错过
https://www.ds57.xyz/movie.php?id=5465157530270517,两个中年大叔找来2个小姐偷拍啪啪大秀 一人一个小姐大力猛干
https://www.ds57.xyz/movie.php?id=9971215627156198,最新宅男福利网红女神麻酥酥呦内部会员版兔子小姐羞耻开x裤“老公舔人家骚奶头”淫语自述
https://www.ds57.xyz/movie.php?id=8310985849238932,家中太卡出去开房双飞两个露脸骚货全过程身材都不错相貌也可以换着干淫水都挺多连搞2场对白精彩
https://www.ds57.xyz/movie.php?id=5953518110327423,全民直播时代农民工兄弟带着样子淳朴的打工妹到山顶荒废的凉亭野战普通话对白
https://www.ds57.xyz/movie.php?id=3019548179581761,大奶妹子主播 道具插菊花 床上用炮机自慰 快速抽插呻吟 菊花和逼逼同时被插 非常精彩
https://www.ds57.xyz/movie.php?id=4383746534585953,漂亮性感御姐女神尐茉莉 一多自慰大秀 肾苗条 木耳肥嫩美 尿尿插穴很诱人
https://www.ds57.xyz/movie.php?id=3710687854327261,美乳女神2018版小鸟酱Kotori 特别销魂篇 女上疯狂无套骑操扭动 淫液白浆浪叫 高清私拍100P 高清1080P完整版
https://www.ds57.xyz/movie.php?id=9840505896136164,国人罕见的长吊干的女友直叫--哎呀哎呀哎呀
https://www.ds57.xyz/movie.php?id=6519353515468538,高颜值性感美女洗澡都这么骚气故意挑逗把下面洗干净然后大震动器加肉棒把骚穴搞的淫水泛滥叫的诱人完整版
https://www.ds57.xyz/movie.php?id=9504814688116312,骚女【丝袜控】肉丝高跟鞋跳蛋塞逼自慰，跑步机上扭动屁股拉扯跳蛋
https://www.ds57.xyz/movie.php?id=9260482997633516,陈雅漫 - 逐渐成熟的身体
https://www.ds57.xyz/movie.php?id=1422406313940882,PR社尤物女神の我是你可爱的小猫大尺度诱惑福利60套打包合集
https://www.ds57.xyz/movie.php?id=5023345872759819,最新宿舍盗摄校花颜值美女学生，在宿舍全裸洗漱时被偷拍，胸部还未发育但非常匀称
https://www.ds57.xyz/movie.php?id=2850816878490150,冷S之猫奴酒店暴力调教看剪辑版
https://www.ds57.xyz/movie.php?id=1775927767157554,91呆哥高端约会系列-素颜校花小年第二部,逼嫩水多的校花美女,外表清纯可人,叫声淫荡不堪入耳,露脸内射,国语...
https://www.ds57.xyz/movie.php?id=6772809908725321,好久没更新微拍小视频了第十季终于出场
https://www.ds57.xyz/movie.php?id=9280672129243612,170长腿女神『Roro』经典舔蛋吃棒毒龙 大长吊无套内射 放荡淫叫
https://www.ds57.xyz/movie.php?id=898902355693280,50分钟多角度超长偷拍多个颜值高的美女如厕时的姿态
https://www.ds57.xyz/movie.php?id=3461953685618937,高颜值超有艳熟少妻的巨大潜质，换各种丝袜诱惑老公，甚至中指插逼逼呻吟淫水声勾引老公的性欲！
https://www.ds57.xyz/movie.php?id=5156442658044398,最新流出素人投稿自拍小蛮腰翘臀美乳大学生漂亮援交妹与富二代啪啪啪还没干爱液就湿透内裤撸点很高
https://www.ds57.xyz/movie.php?id=8806169535964727,大棒棒哥哥 制服面具
https://www.ds57.xyz/movie.php?id=5195941226556897,聚会认识身材不错的爆乳骚浪日本妹 怒操骚货多次高潮 纯正日语叫床 AV级享受 技术一流 淫荡喷水 实乃极品
https://www.ds57.xyz/movie.php?id=5072414274327457,网络正红小美女大白皙，皮肤超嫩的全部奉上
https://www.ds57.xyz/movie.php?id=4396005328744650,167CM清纯邻家女孩高挑模特 很配合摄影师酒店1小时换了5套情趣装拍摄但一摸就说要加钱 这么漂亮加一倍都行
https://www.ds57.xyz/movie.php?id=578978424891829,炮椅情趣房盗录-美女床上操了又上炮椅 看表情即痛苦又享受
https://www.ds57.xyz/movie.php?id=7802342521026731,T档丁字裤配黑丝高根极度诱惑 小骚逼逼插电动假鸡巴翘美臀裹真鸡巴 边录边裹玩的真嗨完美露脸 激情口活篇OK
https://www.ds57.xyz/movie.php?id=1590282693505287,极品 长相甜美的小美女大尺度视频 超大假鸡鸡疯狂插逼自慰 高清无码
https://www.ds57.xyz/movie.php?id=3482755273580,约炮大神HJGG网聊宾馆约会欲望十足良家少妇性感吊带黑丝啪啪啪干完一次休息下撸硬又搞一次叫声销魂
https://www.ds57.xyz/movie.php?id=5237450180575252,高颜值翘臀黑衣美女好技术搞穴刺激啪啪作品 妹子这大屁股摩擦的太销魂了，挡不住冲动硬了想插入啊720P高清
https://www.ds57.xyz/movie.php?id=7486397661268711,性感漂亮美女和老外喝酒醉后带到家给换上情趣内衣强行口交被大洋屌爆操
https://www.ds57.xyz/movie.php?id=8874665470793843,在东莞做过小姐的美女主播让狼友刷够了礼物马上打电话叫了个猥琐的炮友过来直播啪啪
https://www.ds57.xyz/movie.php?id=2600207584910094,国产怀旧经典A片 都是匋宏惹的祸-SM之火焰 有饭岛爱称谓的艳星匋宏主演 国语对白
https://www.ds57.xyz/movie.php?id=703656310215592,高颜值挺嫩妹子十七雨季全裸诱惑 慢慢脱掉内衣站立自摸逼逼掰开特写
https://www.ds57.xyz/movie.php?id=2854834841564297,国模莎莎极品私拍高清视频
https://www.ds57.xyz/movie.php?id=7721656979992986,戴着眼镜 满嘴骚话的老女人 单腿黑丝 用性药抹在假JJ插逼流白浆 后入式插逼 骑乘来回抽插 老女人也骚的不行
https://www.ds57.xyz/movie.php?id=3179042283445596,最新流出17位漂亮美眉果贷大合集视频加图片,看看女人的虚荣心有多厉害
https://www.ds57.xyz/movie.php?id=7864393019117415,高颜值身材丰满美女主播吃甜甜圈 激情大秀 奶子圆挺 激情自慰
https://www.ds57.xyz/movie.php?id=693144467659294,白嫩豪乳少妇女主播勾搭中巴司机户外停车坪玩车震不知道为何妹子爆粗骂个广东佬
https://www.ds57.xyz/movie.php?id=3464325554668903,高颜值性感妹子【狐狸就是妖】椅子上大黑牛自慰，跳蛋塞入拉扯呻吟娇喘，
https://www.ds57.xyz/movie.php?id=2554703596979379,大奶少妇俯身口交 非常漂亮的美人儿 国语对白
https://www.ds57.xyz/movie.php?id=2347199707292020,喷血推荐 黑丝短裙豹纹内衣网红美女主播无套被草 呻吟说 操进一点 射里面哥哥
https://www.ds57.xyz/movie.php?id=3722365135326981,高颜值大乳晕漂亮萌妹子全裸床上舔奶子自摸BB粉嫩呻吟诱惑
https://www.ds57.xyz/movie.php?id=7920055449940264,家用电脑摄像头被黑强开TP两口子啪啪啪锅盖头纹身哥操逼很猛抽插速度快把娇妻干的啊啊叫貌似玩内射国语对白
https://www.ds57.xyz/movie.php?id=7872448829002678,精选露脸抄底逛服装店高跟长腿漂亮黑嫩连衣裙妹子
https://www.ds57.xyz/movie.php?id=8380130655132234,【高颜值】小美女佩琪洗澡秀 美丽容颜让人迷醉
https://www.ds57.xyz/movie.php?id=2785395765677094,91临海听风-万恶的拜金女只要给钱咋玩都行普通话对白108P高清无水印
https://www.ds57.xyz/movie.php?id=8266144557856023,超级骚货晓骚咪穿黑丝情趣套装高跟被胖情人各种爆操 扛腿猛操淫叫“受不了了”不停的要 连续的操 骚逼特写
https://www.ds57.xyz/movie.php?id=4553050277754664,刚直播时间不长的小妞露脸玩的已经很嗨了，护士情趣服黑丝高跟，骚浪淫语小逼很嫩，两个道具玩逼到高潮爆菊
https://www.ds57.xyz/movie.php?id=9163562129251658,手机直播美乳小护士浴室洗澡秀皮肤粉嫩漏逼自摸
https://www.ds57.xyz/movie.php?id=1988239451311528,坑爹的男按摩师偷拍私处保健直播男医生前戏做的不够到位客人不愿意不让扣了真是太尴尬了
https://www.ds57.xyz/movie.php?id=2624914324842393,皮肤白皙的少妇露脸性欲很旺盛，一个人自慰呻吟，道具是真不少各种姿势抽插骚逼，累了还有炮击，高潮不断享受
https://www.ds57.xyz/movie.php?id=3516955249942839,有钱大老板重金微信约啪高颜值外围女模波霸肥臀口活一流娇喘呻吟声听的心痒痒不用点神油插这样的穴得秒射国...
https://www.ds57.xyz/movie.php?id=6507391533814371,非常喜庆的少妇露脸诱惑，大奶子很丰满圆润自己玩奶头淫声荡语非常骚，骚逼特写展示，粉里透红自己抠到高潮
https://www.ds57.xyz/movie.php?id=7026466880925000,【重磅福利】汤不热稀缺资源整理542V绝佳收藏版福利大合集
https://www.ds57.xyz/movie.php?id=7989185717888176,这么白嫩的小美女竟然在宿舍就把自己给交出去了，B穴好粉嫩 ，看的jj好硬
https://www.ds57.xyz/movie.php?id=7740956181660295,91秦先生第十七部-特别篇放学后的援交 720P高清无水印完整版
https://www.ds57.xyz/movie.php?id=4853359968401492,甜美的美腿御姐露脸搞3P 边干她还边给人舔鸡巴 像极了岛国爱情片 美腿穿丝袜扒开个洞就猛操她 仙仙欲死
https://www.ds57.xyz/movie.php?id=7652205373160541,颜值不错美女御姐主播收费直播大秀 高颜值木耳粉 跳蛋炮机插穴自慰
https://www.ds57.xyz/movie.php?id=8048218074254692,高颜值美女主播韩水水直播大秀 身材也棒 自慰插穴
https://www.ds57.xyz/movie.php?id=140136783011257,最新流出2019版果贷视频身材高大的魏姓妹子宾馆开房自拍自慰视频给债主
https://www.ds57.xyz/movie.php?id=5175847080536187,最新台湾明星女神『娜娜』参加性爱派对疯狂3P私拍劲爆流出 无套抽插 淫乱浪叫 爆精内射中出 高清720P完整版
https://www.ds57.xyz/movie.php?id=4666342884302139,果哥 秀人网乳神美女嫩模李梓熙新作性感小猫猫大尺度白金版拍摄
https://www.ds57.xyz/movie.php?id=5797000071033835,富家公子哥同城群聚会撩的漂亮长发美眉很会吃J8快速爆操搞的美女娇喘淫叫表情销魂干的叫老公受不了了对白淫...
https://www.ds57.xyz/movie.php?id=3014533040113747,骚气熟女开裆蓝色丝袜钢管舞诱惑秀 全裸扭动身材钢管上旋转逼逼塞跳蛋
https://www.ds57.xyz/movie.php?id=3082548077218234,长发清纯小妹子人美身材好 活儿也不错口活特别棒 一被操就浪叫
https://www.ds57.xyz/movie.php?id=8552219504490495,黑人大战白人妹子-花臂纹身长发妹子3P大屌黑人双洞齐插暴力抽插深插到底-1080P高清
https://www.ds57.xyz/movie.php?id=9851295505650342,丰满小美女与男友的私密自拍,大奶露脸口交国语
https://www.ds57.xyz/movie.php?id=3648252934217453,颜值不错微笑直播大秀 激情自慰
https://www.ds57.xyz/movie.php?id=8746117455884814,【百度云泄密系列】【重磅超级福利】良家自拍视频版（第一季）（二十二套）
https://www.ds57.xyz/movie.php?id=5441350145265460,金色的齐逼小短裙真是性感至极，直接毒龙舔龙根，尻逼的时候女的还一直喊我是骚货 尻死我
https://www.ds57.xyz/movie.php?id=5009391219355166,人妻杀手哥宾馆开房约战露脸少妇很有技术含量的足交口活舌尖顶马眼配合销魂呻吟口爆1080P
https://www.ds57.xyz/movie.php?id=4474750873632729,长相甜美新人萌妹子自慰第五部 沙发上跳蛋震动逼逼非常粉嫩
https://www.ds57.xyz/movie.php?id=5342234475538135,超正点性感翘挺电臀女神闫盼盼诱惑写真：浴缸湿身半裸诱惑挑逗
https://www.ds57.xyz/movie.php?id=5134659684263170,棚户区站街女暗拍胖墩哥鸡巴虽短提起靓妹双腿撞花心正要高潮外面有人叫门
https://www.ds57.xyz/movie.php?id=9606304271146656,用青春性贿赂领导！床上害羞归害羞，裤子终究还是要脱的。 痛！你就叫吧，让你的男朋友黑暗里哭泣吧！
https://www.ds57.xyz/movie.php?id=3827080377377569,罕见91大神露脸主题宾馆约炮看上去很良家的妹子连体黑丝射完一炮歇会又干妹子肤白臀肥丰满肯定败火国语对白...
https://www.ds57.xyz/movie.php?id=3621833631768822,校园旁宾馆打扮时尚年轻大学生情侣开房啪啪啪美女身材纤细长发飘飘长得好看被眼镜男挑逗狠狠的干了
https://www.ds57.xyz/movie.php?id=6277905106544495,非常接地气的草台班子下乡村慰问表演群魔乱舞都有功夫噼腿翻跟斗专门给你看私处和奶子720P
https://www.ds57.xyz/movie.php?id=1928135952912271,情人老公出差在她家好好打炮 床边半推半就的就到床上了 小骚货露脸被操的大声浪叫也不怕邻居听到
https://www.ds57.xyz/movie.php?id=7473372831009328,【重金自购】独家国模丝丝超大尺度高清午马1080P视频丝丝
https://www.ds57.xyz/movie.php?id=8524975217878819,人老欲望不减老干部退休小旅店泄欲大妈的胸又白又大卖力给口硬激烈啪啪貌似老头干不动了大妈不满意方言对白
https://www.ds57.xyz/movie.php?id=311883697286248,91康先生新作之特邀91网友猛烈抽插福州李婷正面拍摄108P完整版
https://www.ds57.xyz/movie.php?id=4949067141860723,极品风骚网红91古古小姐现场勾引路人路边吹箫 被路人玩跳蛋娇喘呻吟 超棒身材 美乳翘臀 极品骚货
https://www.ds57.xyz/movie.php?id=7585318265482783,肉棒哥与女仆装淫娃狂乱春药娇喘之夜欲水横流720P完整版
https://www.ds57.xyz/movie.php?id=3914596484974026,KJ哥回归首发！170黑丝OL与粉色情趣内衣诱惑
https://www.ds57.xyz/movie.php?id=344731523655355,高档SPA水疗温泉酒店现场选妃700-900价位点一个像新疆妹的可爱小轩各种服务技术一流干2炮国语1080P原版
https://www.ds57.xyz/movie.php?id=2002285323105752,奶大屁股圆的社会大姐，露脸与炮友啪啪，开档黑丝情趣舔着大鸡巴，在椅子上与大哥嗨皮，各种体位抽插内射
https://www.ds57.xyz/movie.php?id=9031608453951776,闺蜜来访照样不耽误直开播刮阴毛,刮完后说感觉后悔了,没有毛看着好丑
https://www.ds57.xyz/movie.php?id=3109295959584415,工业大学小学妹逃课到酒店约炮 苗条好身材激情猛操用力猛插
https://www.ds57.xyz/movie.php?id=3581639514304697,极品女神级中国留学生姐妹花视讯聊天秀之第一部 很纯很可爱 值得收藏
https://www.ds57.xyz/movie.php?id=8029414648190141,精选全网高清作品系列：泰俄混血闺蜜DARA自娱自乐无码露脸下部
https://www.ds57.xyz/movie.php?id=1267469553276896,91新人罗伊大大11月最新原作-调操大一双马尾18岁嫩鲍美穴萝莉 道具大屌强双插调教 拽着胳膊后入爆操小骚货...
https://www.ds57.xyz/movie.php?id=3338484806008637,颜值不错骚气网红小美眉刷大飞机就直播舔脚啪啪！
https://www.ds57.xyz/movie.php?id=1789175327867269,永州一哥史上最强野外露出3P露脸颜射口爆，玩的太嗨了真他妈爽
https://www.ds57.xyz/movie.php?id=1826740293763578,猥琐眼镜摄影师KK哥和国模小邓酒店开房私拍边拍边淫爽死了1080P高清无水印原版
https://www.ds57.xyz/movie.php?id=7743989331647754,【百度云泄密系列】大一大奶丰满胖胖的新生
https://www.ds57.xyz/movie.php?id=1867424794472754,妖艳美女主播黑色黑丝高跟跳蛋自慰大秀 爽得嗷嗷直叫
https://www.ds57.xyz/movie.php?id=1588865453377366,皮肤白皙 身材苗条的可爱留学生 SM 口吃鸡鸡 女上位操逼
https://www.ds57.xyz/movie.php?id=4495807192288339,91C仔之大鸟兄弟最新绝美精品大片第三部作品-番号SF-A003：约啪大眼睛肉感福建桑拿妹子叫声精彩～1080P高清完整...
https://www.ds57.xyz/movie.php?id=155827747657895,高清粤语对白香港佬与内地情妇自拍舔完屁眼还敢亲吻 女的主动上位，看来这段日子太寂寞了
https://www.ds57.xyz/movie.php?id=7447467586025596,精选全网高清作品系列20：sison小嫩模私拍狂欢夜无码露脸720P 65分钟完整版
https://www.ds57.xyz/movie.php?id=5263959420844913,氪重金约的巨乳妹子游泳池裸泳双飞，完美的一个游泳池，两个大胸妹子（一个D一个F），花了我差不多快3w
https://www.ds57.xyz/movie.php?id=4294725498184561,淫过年下-淫荡侄女的新年茎喜
https://www.ds57.xyz/movie.php?id=2139251250773668,【国内真实良家泄密】从女友到妻子的一些自拍
https://www.ds57.xyz/movie.php?id=8797574052587152,韩国女主播各种骚浪诱惑，情趣高跟，奶头特写，屁股非常翘
https://www.ds57.xyz/movie.php?id=7523156460374594,【极品女神系列】CSgirl纯涩劲爆网红超诱惑视频写真摄影师王涛VIP专场-长腿网红晗予篇 极致美乳 高清无水印
https://www.ds57.xyz/movie.php?id=2313968748785555,露脸阿姨这举世无双的销魂口活难怪成了寡妇这技术一般人学不来
https://www.ds57.xyz/movie.php?id=4838578440248966,怪盗咪J RE~反撃の悪戯～VOL.06 クラブで掴まえた・エリナ
https://www.ds57.xyz/movie.php?id=7929112040437758,半推半就到顺从主动很会装假的大屁股少妇
https://www.ds57.xyz/movie.php?id=7345833485014737,极好身材I罩杯巨乳女优青山奈々无码流出非破解版FC2PPV-1208855喜欢的赶紧收下
https://www.ds57.xyz/movie.php?id=7351525733247399,富二代约到极品清纯美女学生妹 完美身材制服诱惑 粉穴诱你深插
https://www.ds57.xyz/movie.php?id=9284312711097300,色胆包天猥琐四眼仔大白天楼道里脱光苗条美腿性感小女友啪啪玩的花样还不少搞的大叫很刺激1080P原版
https://www.ds57.xyz/movie.php?id=4432626031339168,爱扎人的小爽玩滴蜡诱惑黑丝情趣，奶子很挺骚逼特写，水好多让狼友选个道具玩，撅着屁股自己插好淫荡，叫声好骚
https://www.ds57.xyz/movie.php?id=9910259856842458,御姐女神美女主播收费直播大秀 颜值高身材好 自慰插穴 很是诱人
https://www.ds57.xyz/movie.php?id=5413762470707297,金屋藏娇阁颜值不错很骚的主播q朴妮唛1126直播大秀第三弹 激情啪啪男的终于射了
https://www.ds57.xyz/movie.php?id=4075576481409371,露脸抄底短裙黑内漂亮小妹上楼梯一瞬间偷拍裙底风光
https://www.ds57.xyz/movie.php?id=5485662608407438,【国内真实良家泄密】【自拍】-巨乳妹分手流出
https://www.ds57.xyz/movie.php?id=3412680379115045,情趣酒店360监控TP小情侣啪啪完来了个貌似等炮友的淫妹子把这当成游乐园了在这荡秋千
https://www.ds57.xyz/movie.php?id=5878096041269600,【老孟探花】酒店嫖妓，妹子颜值不错，身材高挑，口交观音坐莲态度好，呻吟诱人物有所值
https://www.ds57.xyz/movie.php?id=1151495440863072,最新极品无毛嫩妹小鸟酱百合系列4 三姐妹互玩鲍鱼 道具自慰粉嫩无毛逼逼
https://www.ds57.xyz/movie.php?id=9344770885072648,生理保健【女性SPA推油催情按摩】男技师给肥臀离异少妇用上了内置震动蛋配合按摩淫水泛滥娇喘呻吟主动掏J8...
https://www.ds57.xyz/movie.php?id=4608944607898593,精品自拍-174CM女神级魔鬼身材翘臀美女嫩模为出名不惜酒店主动献身啪啪,掰开性感大长腿激烈爆插,真能干!
https://www.ds57.xyz/movie.php?id=7062088581733406,《小M找主人》新人男女加入眼镜御姐KTV嗨完冰和猛男在沙发和地板做爱多人淫荡乱交
https://www.ds57.xyz/movie.php?id=177424731664359,初恋情人娜娜女神降临 完美身材 旧情复燃 酒后宾馆激情做爱 各种疯狂缠绵 叫床淫荡 注意音量 高颜值露脸
https://www.ds57.xyz/movie.php?id=9676793091930450,骚气魅心户外秀自行车上放道具JJ抽插车内肛塞震动棒自慰高潮喷水很是诱惑
https://www.ds57.xyz/movie.php?id=6070987260900438,91左郎各种方式玩肉丝高跟空姐第四部
https://www.ds57.xyz/movie.php?id=8297036737203598,超正极品美女与男友啪啪性爱遭流出
https://www.ds57.xyz/movie.php?id=5365114621818066,圣诞节约啪娇俏大三学妹 草莓内裤太可爱 翘美臀后入啪啪抽插小嫩逼 无套抽插 叫床好听 高清720P原版无水印
https://www.ds57.xyz/movie.php?id=4141105217859149,xh98hx 约炮女主播_番号xh04 -1080P高清完整版
https://www.ds57.xyz/movie.php?id=154048847034573,黑丝大奶骚姐姐露脸真是个水做的女人，自慰骚逼淫水流不停下面放个盆都快接满了，黄瓜双插粑粑都干出来了
https://www.ds57.xyz/movie.php?id=7399890674278140,新人主播性感长腿小安妮，情趣内衣火辣热舞，粉嫩骚逼激情自慰，呻吟可射，精彩不要错过
https://www.ds57.xyz/movie.php?id=8462769580073655,国模~安可私拍高清视频
https://www.ds57.xyz/movie.php?id=5207588742487133,【重磅福利】最新价值500RMB国产孕妇奶妈电报群福利私拍集流出 11位骚气孕妇全方位露脸展示大肚子身体
https://www.ds57.xyz/movie.php?id=3470681211911142,身材娇小长相不错的亚裔小美女大战国外友人 瘦小的身材被劳外狂干
https://www.ds57.xyz/movie.php?id=5881574004888535,周末与大长屌男友激情啪啪秀舔硬鸡巴多体位爆肏
https://www.ds57.xyz/movie.php?id=7222251817584038,最近很火的实力男主播龙哥一本正经的向大家介绍要去和从没大秀过的靓妹约炮看逼逼妹子貌似处女
https://www.ds57.xyz/movie.php?id=3538230988197028,【百度云泄密系列】极品良家小骚货情侣道具啪啪
https://www.ds57.xyz/movie.php?id=2346733151935041,清纯小美女被男友蛊惑带着漂亮女闺蜜一起和他啪啪,闺蜜的逼逼又紧又粉身体柔软各种干,2人轮流内射.国语!
https://www.ds57.xyz/movie.php?id=3385676369071007,中年大叔越南找小姐啪啪直播秀 骑乘后入多种姿势换着草妹子皮肤白皙诱人 很是诱惑不要错过
https://www.ds57.xyz/movie.php?id=5688991309143603,全程无套玩弄北京上门大学生郭天歌 花这么多钱也值了 不带套 口交做爱口爆
https://www.ds57.xyz/movie.php?id=704087014310061,南波王事件原版母带无码流出-『京香Julia』流出第二部原番BEB-016贩卖FC2PPV-128169附5G超清
https://www.ds57.xyz/movie.php?id=2013326580636203,还是那位当初非常火爆的美女空姐洗澡时被猥琐男强拍阴户肥美忍不住把J8吃硬站位激情后入内射呻吟好诱人
https://www.ds57.xyz/movie.php?id=8461589789949358,又一位下海到国外拍动作片的旗袍美眉那粉嫩小穴貌似水土不服对洋屌过敏长了很多红点
https://www.ds57.xyz/movie.php?id=950499628670513,多P淫乱大战 小伙连开两炮一次对付三个真是爽翻了应接不暇
https://www.ds57.xyz/movie.php?id=9994299779646098,高颜值美女主播私人玩物七七和炮友双人啪啪大秀 完整版 激情啪啪
https://www.ds57.xyz/movie.php?id=911226472817361,只穿牛仔裤的极品大胸白嫩妹子
https://www.ds57.xyz/movie.php?id=2947100051678717,一线馒头逼的小妖精带着表妹搞4P 都是妖艳的小贱货 两人同时被干 叫床声传满整个屋子 就不怕邻居投诉吗
https://www.ds57.xyz/movie.php?id=260722246021032,最新22岁大排量肥臀肥鲍短发学生妹肉感十足完美炮架子援交土豪无套内射中出射完再用口水把鸡巴裹干净爽翻了
https://www.ds57.xyz/movie.php?id=6854291879571974,露脸抄底黑色郭丁字裤红高有点像碧婷的妹子
https://www.ds57.xyz/movie.php?id=676956186071038,高颜值小姐姐和粉丝约啪 F奶纤细柳腰 模特身材 口交肛交啪啪 口爆射到喉咙干呕不止
https://www.ds57.xyz/movie.php?id=2966142371296882,北京文艺小青年与女友自拍性行为艺术小电影初恋小姐被老师破处后的堕落
https://www.ds57.xyz/movie.php?id=6551512121222913,【我的高中女同学们】3女1男淫乱大战丝袜黑丝自慰小伙连开两炮一次对付三个真是爽翻了应接不暇
https://www.ds57.xyz/movie.php?id=540883461944758,美女主播黑丝美脚撩骚诱惑狼友
https://www.ds57.xyz/movie.php?id=6554403859190643,人美屄遭罪 长腿模特在家穿成这样一天被肏三次都算少 在厨房里就被要求穿着情趣内衣做饭等着突然的插入
https://www.ds57.xyz/movie.php?id=3245485089719295,SWAG『米宝』喜欢被肉棒叫起床一早小穴就被塞满满 哥哥我还要
https://www.ds57.xyz/movie.php?id=5662909676320851,超白净‘小姐姐’虎牙和姐妹CD小熏互相呵护对方的隐私部位，为你口交是我最大的幸福，好羡慕这对CP 第二部！！
https://www.ds57.xyz/movie.php?id=53122318349778,逼逼无毛双马尾口罩妹子双人啪啪秀 开裆肉丝口交道具玩弄一番再后入肥逼诱人
https://www.ds57.xyz/movie.php?id=1473434967920184,最新高质量美巨乳特辑-帅哥这次大保健挑个样靓身材正的妞，竟然给舌吻
https://www.ds57.xyz/movie.php?id=8392782174050808,强烈推荐东北话淫荡搞笑村里三个老头组团把村妓叫到家里啪啪睾丸上长个大肉疙瘩被说长两个J8内射完还继续干
https://www.ds57.xyz/movie.php?id=8123527211137116,颜值不错御姐美女主播少妇姐姐奥直播大秀 奶子丰满 自慰喷水
https://www.ds57.xyz/movie.php?id=9753638948313892,【百度云泄密系列】大一妹子清涩的性福时光
https://www.ds57.xyz/movie.php?id=2919925735332072,最近超高人气主播探花现场直播真实约操36D爆乳大三兼职妹纸 勇猛冲刺 一顿爆插操到妹纸没劲 高清完整版
https://www.ds57.xyz/movie.php?id=5503736692480743,国内高端TS艾美人和两姐妹，三人轮流操直男，直男好幸福啊！！
https://www.ds57.xyz/movie.php?id=2156061725690961,无毛小骚逼的高潮喷水大秀，3小时直播录影，大黑牛不断摩擦骚逼，高潮喷水把自己搞上巅峰完事洗澡诱惑
https://www.ds57.xyz/movie.php?id=9884350225329400,豪华套房模特级别高颜值气质美女与富二代开房啪啪美女吃肉棒的样子很诱人射一炮穿上黑丝制服又干一炮呻吟声...
https://www.ds57.xyz/movie.php?id=3024648302234709,最新流出Hegre大作高人气着名极品美少女嫩模艾米丽全裸享受精油性按摩女神的片子秒懂下画面唯美诱人1080P超...
https://www.ds57.xyz/movie.php?id=2788494396954775,超短裙时尚性感的大学美女酒店被性欲旺盛的男友各种高难度体位狠狠爆插了3次,白皙翘臀后入猛干,水嫩漂亮!
https://www.ds57.xyz/movie.php?id=8205406493507326,黑丝高跟情趣极品女友深喉口交，后入激情爆草骚浪的呻吟经典对白1080P高清无水印
https://www.ds57.xyz/movie.php?id=2741480991244316,富二代的极品模特小女友在宾馆玩红绳诱惑 魔鬼身材天使面孔长发飘飘情趣红绳被操的大声浪叫
https://www.ds57.xyz/movie.php?id=1397081483155489,可爱粉色船鞋踩踏蹂躏小棍子 原味鞋套着玩弄挤吐奶
https://www.ds57.xyz/movie.php?id=6260229493491352,这婊子是有多欠操啊，一口就把鸡巴咬进去吸吮，性感的纹身上位电臀，被小哥哥后入激情抽插，骚逼特写浪荡呻吟
https://www.ds57.xyz/movie.php?id=6990029211156070,台湾SWAG『娃诺』人夫酒店约会偷情 摩铁约炮激战 大白臀骑马
https://www.ds57.xyz/movie.php?id=2452691029757261,hk龙哥 丝袜高跟极品OL制服少妇，一对圆润大奶子很漂亮，在宾馆沙发上爆草蹂躏，放荡的淫叫
https://www.ds57.xyz/movie.php?id=1546111116185784,大飞哥东莞水疗按摩会所找小姐偷拍直播水床按摩热身飞哥口活也不错搞得女技师很享受
https://www.ds57.xyz/movie.php?id=7266952339559793,【女神降临】台湾JVID大尺度情欲视频-豪乳女神张语昕陪你过假日 骑乘欲望棒模拟做爱 超清1080P原版无水印
https://www.ds57.xyz/movie.php?id=3722601910121739,酒窝美素人宾馆和壮丁约拍被草爽了 开发菊花高潮不断
https://www.ds57.xyz/movie.php?id=4765478121116757,【极致SM调教】男友把清新女友调教成淫荡小母狗 身材不错 多角度拍摄 背后不为人知的秘密 高清720P完整版
https://www.ds57.xyz/movie.php?id=8632709248922765,斗鱼性感美女主播谭晓彤付费视频17部VIP会员尊享版绝佳收藏福利
https://www.ds57.xyz/movie.php?id=1287689157761633,极品女神级网红美女可爱小胖丁和长屌土豪酒店约炮 白皙皮肤 经典后入姿势
https://www.ds57.xyz/movie.php?id=2884452380239963,探花约炮兼职妹 激情口交啪啪暗拍
https://www.ds57.xyz/movie.php?id=1159235951490700,【全网第一骚货】极品混血美女【星酱】户外酒吧勾引帅哥 酒吧露出玩跳蛋 各种挑逗舌吻口交 高清超长版
https://www.ds57.xyz/movie.php?id=7716391957364976,很有韵味美女少妇穿着开档情趣内衣自慰大秀 脸蛋漂亮身材好 自慰插穴
https://www.ds57.xyz/movie.php?id=7095802831463516,颜值不错御姐直播 激情自慰大秀
https://www.ds57.xyz/movie.php?id=2423868016339838,很有风骚的骚货主播 穿着连体丝袜 露奶诱惑 床上手指插逼自慰大秀 道具插逼 来回抽插呻吟 非常精彩
https://www.ds57.xyz/movie.php?id=4477352239191532,趁着午休大家都去吃饭办公室爆操极品害羞小情人，时时刻刻害怕有人进来，反而搞得超久。粤语对白
https://www.ds57.xyz/movie.php?id=6911078221164644,男神外围四哥酒吧带两个坐台妹子回宿舍打牌喝酒脱衣服 大屌双飞 两骚货对白有趣
https://www.ds57.xyz/movie.php?id=6644654725678265,真实自拍【高质量精品系列】清纯少女的真实约跑
https://www.ds57.xyz/movie.php?id=1321810893714428,拳交女王周晓琳，稀有极品！国产顶级AV
https://www.ds57.xyz/movie.php?id=4457646617665887,颜值不错妹子张开双腿道具自慰 拨开内裤跳蛋塞入按摩器震动呻吟娇喘
https://www.ds57.xyz/movie.php?id=8764726631343365,私密保健会所《女子养生SPA》给几个富姐提供推油抠逼口交啪啪还带了个徒弟
https://www.ds57.xyz/movie.php?id=4029616676270962,各种姿势狠操美乳披肩女神级小骚货 俏皮浪叫后入骚逼 骚货很主动很骚
https://www.ds57.xyz/movie.php?id=2198334271088242,白嫩瑜伽洋妹子被黑人教练吃豆腐唯美爆操
https://www.ds57.xyz/movie.php?id=5753589794039726,JL屌哥新作-约操蓝色过膝袜长发MM娜娜 穿着高跟蓝筒袜做很带劲 干的小骚货嘤咛乱 叫完美露脸 高清720P完整...
https://www.ds57.xyz/movie.php?id=712354122661054,实力男主播强哥撩妹系列-宾馆套路两个少妇打麻将输了一个挨操一个口交
https://www.ds57.xyz/movie.php?id=2896420168690383,清纯可爱嫩妹仙女小甜甜 一多自慰大秀 木耳超级粉嫩 表情非常享受
https://www.ds57.xyz/movie.php?id=4884663978591561,牛逼主播楠楠野外露出勾引摩的司机打野战 刚开始摩的佬是拒接的 后来百般无奈下只能狠狠的草死这骚货了
https://www.ds57.xyz/movie.php?id=1763530001044273,丰满身材逼逼毛毛非常浓密妹子自慰秀 掰开逼逼塞入跳蛋呻吟娇喘
https://www.ds57.xyz/movie.php?id=5564140798524022,分享在家真实迷玩黑丝美少妇 短裤脱了又穿回去 貌似经过激烈思想斗争 拍摄和手法都很生蔬
https://www.ds57.xyz/movie.php?id=5849080462940037,国产高颜值最新精品-美女妹子自拍惨遭男友剃毛啪啪,白嫩小穴操的淫叫,揭露年轻情侣日常疯狂性爱私密生活!
https://www.ds57.xyz/movie.php?id=7358714505098760,最新极品网红『香软多汁』情趣露臀黑丝肛塞狐狸尾巴 浴室湿身诱惑 自慰呻吟
https://www.ds57.xyz/movie.php?id=929774581454694,珍藏—电脑肉鸡偷开摄像头远程私密录象第22部，露脸夫妻做爱口交换衣,真实性生活大曝光
https://www.ds57.xyz/movie.php?id=8802215713076293,国产自拍强片推荐作品--带着少妇情人景区玩露出自慰被路人发现吓尿了,站起来就跑,边跑边穿内裤！国语对白！
https://www.ds57.xyz/movie.php?id=8594104736112058,英国小伙国内嫖妓漂亮小姐还和皮条阿姨打电话交流有困难 很漂亮，看下外国佬是如何在中国叫鸡的吧
https://www.ds57.xyz/movie.php?id=4558477648533881,极品主播 AMY小野猫 啪啪福利
https://www.ds57.xyz/movie.php?id=526434178464114,最新极品爆乳女神私人玩物首次超大尺度全裸露出 爆乳美穴 骑乘假屌 呻吟高潮 视觉冲击 高清720P完整版
https://www.ds57.xyz/movie.php?id=6610311679542065,最新流出colette精品三位美女姐妹花玩游戏玩出激情销魂互慰大胡子男参战生猛三飞画面诱惑
https://www.ds57.xyz/movie.php?id=6703667868860066,宾馆约炮熟妇一对大奶被后入干的左右晃荡 口爆射嘴里技术还很不错
https://www.ds57.xyz/movie.php?id=8396153887733817,雀儿约了个高颜值风衣少妇，近距离口交舔弄上位骑乘猛操，淫语骚话呻吟不断非常诱人
https://www.ds57.xyz/movie.php?id=7006411328911781,去朋友家里操她老婆，刺激
https://www.ds57.xyz/movie.php?id=292824599891901,【女神们的淫荡之夜】超级震撼-4女2男酒店群P高颜值极品身材女神们骚浪互舔待操场景淫靡刺激宏大
https://www.ds57.xyz/movie.php?id=9857043311931192,这样的淫荡生活太向往了游玩群交刺激挡不住美女大长腿啪啪 妹子有肉有身材屁股翘着肉肉叠加操虚了720P高清
https://www.ds57.xyz/movie.php?id=9760754485614598,丰满御姐gt伊人红妆 直播大秀 穿着开档丝袜 激情自慰很是淫荡
https://www.ds57.xyz/movie.php?id=8543713651597500,最新『妮宝』VIP私人定制-父女乱伦 女儿看片自摸喊爸爸 老爸立马现身满足啪啪
https://www.ds57.xyz/movie.php?id=2714824103750288,贵州旅游勾搭上的极品长发瓜子脸美女团友
https://www.ds57.xyz/movie.php?id=5705369203351438,外地出差600元找的某大学嫩妹,开车带她到郊区小树林野战,脱了裤子才发现原来是极品一线天,毛毛还没发育全！
https://www.ds57.xyz/movie.php?id=8443838055245578,Christy跪地滴蜡开场主观视角女仆装挨操附肛门开发片段（番号014）-by 海哥
https://www.ds57.xyz/movie.php?id=2865575705654919,颜值不错很漂亮的御姐美女主播直播小秀 身材也很苗条 奶子不大不小很诱人
https://www.ds57.xyz/movie.php?id=4774136585183442,对白非常精彩广东女主播半夜勾引河南摩的司机野战有屌丝观众建议去墓地玩被女主播拒绝了 广东口音的普通话...
https://www.ds57.xyz/movie.php?id=6865389137528837,胸前纹身大奶美女全裸自慰秀第四部 肥逼道具JJ抽插震动棒自慰高潮出白浆
https://www.ds57.xyz/movie.php?id=5366945518180728,脂粉味有点重的黑丝站街女还挺幽默的问嫖客戴不戴套戴几个
https://www.ds57.xyz/movie.php?id=4116916377097368,颜值不错爆乳妹子约炮SM双人啪啪秀 情趣装手铐脚铐口塞后入大力猛操
https://www.ds57.xyz/movie.php?id=9227539123967290,国人漂亮妹子有点像李小璐直播自慰秀
https://www.ds57.xyz/movie.php?id=4101836336776614,颜值不错皮肤白皙女主播沙发上全裸 黄瓜抽插自慰逼逼无毛略黑呻吟 很诱惑
https://www.ds57.xyz/movie.php?id=9784874808974564,眼镜土豪小老板像是第一次体验桑拿会所女技师全套服务被搞的呻吟连连还说下次还找她对白搞笑死了720P高清
https://www.ds57.xyz/movie.php?id=6042658779770136,推特福利姬『DTALI徐爱丽』超嫩白虎萝莉蕾丝女仆喵爪子 全身渔网袜多体位啪啪 咩咩萝莉音超爽内射
https://www.ds57.xyz/movie.php?id=5973288496024907,燕J大学外语系花与男友性爱私拍震撼流出 后入趴操漂亮美乳嫩妹超享受 国语对白 高清1080P版
https://www.ds57.xyz/movie.php?id=6084220581687987,极品巨乳高颜值麻豆被摄像师潜规则大鸡巴背操粉逼
https://www.ds57.xyz/movie.php?id=8833713019266725,露脸少妇口爆流出，大胸美乳，边摸奶子边深喉插嘴
https://www.ds57.xyz/movie.php?id=5409175972454250,私人玩物极品嫩白大胸小萝莉大尺度诱惑抠逼自慰，粉嫩的小逼
https://www.ds57.xyz/movie.php?id=5537871900014579,宇航员精品之秀人网木奈奈黑丝连体衣超级诱惑
https://www.ds57.xyz/movie.php?id=8048813343048096,【污萌少女】高颜值美乳妹子跳蛋自慰，坚挺大奶揉搓跳蛋塞入拉扯，毛毛浓密粉穴非常诱人
https://www.ds57.xyz/movie.php?id=9957905118353664,富二代约操女神级大长腿舞蹈老师,超薄透明丝袜撕个洞干完又趴在白嫩翘臀上插,最后在放满水的浴缸里操.国语!
https://www.ds57.xyz/movie.php?id=8995743896812201,国产TS系列天妃在家口交小鲜肉 听着呻吟后入没几下就顶不住了
https://www.ds57.xyz/movie.php?id=1705966033041477,幼师院校胸大性感的漂亮美女放暑假回家前一晚和男友宾馆啪啪,美女特意穿上网购的性感黑丝操,淫叫声真嗲!
https://www.ds57.xyz/movie.php?id=7425954523496330,迷奸奶子特别大的妹子,疯狂揉吸，这对大奶着实让人爱不释手，操完以后用手狂扣
https://www.ds57.xyz/movie.php?id=3475102339871227,颜值很高女神主播大尺度直播秀 超短裙没穿内裤 搔首弄姿掰开小穴 不要错过
https://www.ds57.xyz/movie.php?id=1737197372131049,小骚逼约炮滴滴司机酒店啪啪，不一样的口交方式就是刺激，骚逼出水后主动求草，各种姿势都很配合，叫声好骚
https://www.ds57.xyz/movie.php?id=8329728031530976,Twitter福利Baby木瓜G奶 放荡不羁的一对骚气豪乳各种野外露出诱惑
https://www.ds57.xyz/movie.php?id=9748566974885762,台湾SWAG爆乳明星『吴梦梦』年度最强国语剧情 父母出门吃饭 家教和学生从客厅干到房间 无套内射 国语对白
https://www.ds57.xyz/movie.php?id=582219916395843,离异人妻熟女 玩的特别开 熟女就是什么都懂 百无禁忌
https://www.ds57.xyz/movie.php?id=4207649100571871,身材不错腰细胸大美乳妹子厕所漏奶漏逼小秀 貌似来大姨妈还塞着卫生棉
https://www.ds57.xyz/movie.php?id=823800163343548,妹纸按照要求展示逼逼并且自慰给大家看
https://www.ds57.xyz/movie.php?id=1728255725465715,【国产夫妻论坛流出】居家臥室 交换聚会 情人拍攝 有漏 有生活照 都是原版高清（第一部）
https://www.ds57.xyz/movie.php?id=1393339433707296,身材苗条面具纹身妹子夫妻双人秀第二部 全裸自摸诱惑口交硬了再抽插
https://www.ds57.xyz/movie.php?id=7493514684028924,两对年轻小情侣出租屋啪啪,换着对方小女友艹.俩妹子还很配合
https://www.ds57.xyz/movie.php?id=2676966679282486,男主播四哥嫖鸡直播 黑丝红高跟小骚逼各种姿势狂草
https://www.ds57.xyz/movie.php?id=4820227078162134,嫖妓达人路边按摩店150元约了个身材样貌很正点的96年美女技师全套服务 口活不错 国语720P高清
https://www.ds57.xyz/movie.php?id=1965449843555688,远距离长焦距褕拍室外温泉洗浴女池1080P超清
https://www.ds57.xyz/movie.php?id=7032994171604514,没套了老婆给波打爽呀清晰国语对话
https://www.ds57.xyz/movie.php?id=7595415599644184,高颜值长发性感妹子双人啪啪 红色内衣口交上位骑乘抽插后入猛操呻吟娇喘 很是诱惑喜欢不错过
https://www.ds57.xyz/movie.php?id=9720922638662160,最新超爆美乳网红女神麻酥酥哟收费会员版之黑丝透明旗袍 极品黑丝爆乳 嫩鲍美穴 超诱惑
https://www.ds57.xyz/movie.php?id=787760773673653,网爆门事件香港某酒店一对情侣趁着夜晚没人在顶层游泳池啪啪被监控拍下
https://www.ds57.xyz/movie.php?id=5918653067201376,养生私密保健 偷拍闺蜜和客人激情啪啪
https://www.ds57.xyz/movie.php?id=3720849957317114,针孔TP服装店主淑女气质漂亮妹子与男友造爱很猛把苗条美女搞的胡言乱语高潮时来电话都不想接对白清晰
https://www.ds57.xyz/movie.php?id=3277259217575192,167CM清纯邻家女孩高挑模特 很配合摄影师酒店1小时换了5套情趣装拍摄但一摸就说要加钱 这么漂亮加一倍都行
https://www.ds57.xyz/movie.php?id=7428025905974209,户外勾搭一姐『组织857』勾搭技能展示秀 装修师傅 司机小哥挨两炮 路边自慰喷水
https://www.ds57.xyz/movie.php?id=4053620519116521,【泰燃寻欢记】酒店高价约操上门外围女，身材苗条玲珑有致，娇滴滴听话颜值高，口交啪啪做不停
https://www.ds57.xyz/movie.php?id=9237895500846208,颜值可以的嘿秀漂亮大咪女主播可可大秀 直播摸逼嘘嘘 可惜BB被很多人操过了 清晰国语
https://www.ds57.xyz/movie.php?id=8898691483773291,颜值不错身材苗条美女主播情趣肚兜丁字裤自慰秀 淫语骚话翘着屁股后入
https://www.ds57.xyz/movie.php?id=3260259358212352,颜值不错年轻嫩妹直播大秀 双人激情口交啪啪
https://www.ds57.xyz/movie.php?id=5885950387455523,丰满大奶妹汽车旅馆口交经典姿势啪啪手淫视讯遭前任洩漏（二）
https://www.ds57.xyz/movie.php?id=5142619372345507,骑士哥啪啪个锥子脸尖鼻梁气质坐台小姐穿着丝袜玩
https://www.ds57.xyz/movie.php?id=7697156975045800,91佛爷1月最新-离异D奶娇小气质少妇第4部,性感黑丝包臀裙超诱惑,迫不及待扒光衣服狂操,身材好皮肤白操逼好...
https://www.ds57.xyz/movie.php?id=585228120908141,【午夜寻花】再约老常客非常骚奶茶妹，加钱再来一炮口交大力猛操呻吟
https://www.ds57.xyz/movie.php?id=5604943307116628,大长腿混血妹子苗条肉肉抱着把玩受不了冲动硬了啪啪操穴作品 穿着高跟在玫瑰花上插入猛搞刺激啊销魂720P高...
https://www.ds57.xyz/movie.php?id=4031745577231049,【百度云泄密系列】还在读书的大奶女友和男友大尺度图片和视频
https://www.ds57.xyz/movie.php?id=2229069680906832,超卡哇伊美少女三寸萝莉之古装摇篮潮吹记 道具插粉嫩穴 淫水不停流 诱惑呻吟 浴室剃毛 高清1080P原版无水印
https://www.ds57.xyz/movie.php?id=2209936673752963,SWAG 极品美乳客服小姐上班和男友偷偷做爱自拍 被干到潮吹内射 边打客服电话被被后入猛操 中文字幕 高清720...
https://www.ds57.xyz/movie.php?id=9151566624641418,国模韩冰长腿美乳套图+现场性爱视频(原档国语珍藏版)
https://www.ds57.xyz/movie.php?id=771360252983868,汝家工作室9月巨献-拉美裔卡戴珊被Jeremy Long爆操至极
https://www.ds57.xyz/movie.php?id=6430114372633398,常州某大学极品白嫩女孩周日与男友宾馆打炮玩自拍,只听叫床声就能让你射,真漂亮！
https://www.ds57.xyz/movie.php?id=9896994866430760,颜值不错美女主播溪水直播大秀 颜值高身材好 激情自慰
https://www.ds57.xyz/movie.php?id=6388200074434280,大奶子御姐露脸气质迷人，奶子上还有一朵带刺的玫瑰，道具抽插骚逼水声都能听到，激情抠逼浪叫，表情是真骚
https://www.ds57.xyz/movie.php?id=1992377508431673,【百度云泄密系列】精彩视频五弹来袭！真实感爆棚！第五弹（第一部）二十部合一
https://www.ds57.xyz/movie.php?id=6614728374406695,白皙皮肤萌妹子双人啪啪大秀 性感大白屁股上位骑乘后入猛操非常诱人
https://www.ds57.xyz/movie.php?id=9515013638883830,骚气少妇主播双人啪啪秀深喉口交一番再后入大白屁股 呻吟娇喘很是诱惑
https://www.ds57.xyz/movie.php?id=2089174352586269,小嫂子给大哥做服务，做着做着就开始不老实了，把鸡巴撩起来口活摸奶子，直接暴力插入，小嫂子浪叫声不断
https://www.ds57.xyz/movie.php?id=5561633347533643,台湾SWAG『Arie』优雅女秘书美颜OL淫乱日记 饥渴淫娃超激烈实战绝顶潮吹
https://www.ds57.xyz/movie.php?id=8594830734655261,玩LOL手游认识的以前在东莞某高级会所做前台的性感美女,约到酒店啪啪,穿的真风骚,一对爆乳看的直流口水!
https://www.ds57.xyz/movie.php?id=3768551303073764,大肚男和小玉早起打晨跑，大肚男还挺猛尻的床都颤抖嘎吱响，小玉还给情人喊快干我 干我
https://www.ds57.xyz/movie.php?id=9951451201923192,高中女生宿舍卫生间暗藏摄像头拍了她们寝室三个妹子洗澡
https://www.ds57.xyz/movie.php?id=4171877903863787,女神级嫩模雨珍穿着制服演绎带着丝袜求职被潜丝袜美腿小穴湿嗒嗒的
https://www.ds57.xyz/movie.php?id=4655421809293330,叶女神超经典神作沦陷肉欲挡不住冲动想操作品《我为卿狂高清精修版》字幕佳作 妹子高质量极品肉肉要硬了
https://www.ds57.xyz/movie.php?id=5635723811574280,近景拍摄好刺激，身材很妙小骚逼和炮友的多姿势性爱记录，好骚可撸一发
https://www.ds57.xyz/movie.php?id=6803497928194702,成人社区最新流出素人自拍19岁双马尾可爱羞涩大学生漂亮妹子宾馆援交土豪淫水好多内射无毛蝴蝶B
https://www.ds57.xyz/movie.php?id=8524278574623168,五星级酒店大堂偷拍到的一个没穿内裤的短裙美女 打一成语-空穴来风
https://www.ds57.xyz/movie.php?id=6467808363959193,露脸淫荡少妇娜宝姐高价售卖作品 灰色情趣内衣坐在浴室的凳子上跳蛋自慰 骚穴高潮出还流血
https://www.ds57.xyz/movie.php?id=3981318059377372,白富美魔鬼身材极品美女背着男友和小情人外地旅游足足被操了2天,极品蝴蝶穴干的受不了爬到沙发上还被插.叫...
https://www.ds57.xyz/movie.php?id=2472901754081249,这个牛逼了玩弄骚熟女将近6小时，情趣装黑丝高跟各种诱惑，不玩骚逼直播走后门，爆草菊花听少妇的叫声把
https://www.ds57.xyz/movie.php?id=9689892632886768,17岁性感大屌高颜值TS涵涵 小妮子真尼玛性感 黑丝诱惑 吃自己的大长屌 用舌头舔龟头 爽死了！
https://www.ds57.xyz/movie.php?id=2338931043632328,网路疯传的极品E奶淫荡少妇户外露出 与小鲜肉深喉口爆拳交颜射
https://www.ds57.xyz/movie.php?id=5864261430688202,淫新春3P双妃带你飞 草完这个草那个
https://www.ds57.xyz/movie.php?id=6613580845296383,两个肤白身材超火爆的高挑女郎浴室裸体互摸调情，来自女郎的诱惑（高清版）
https://www.ds57.xyz/movie.php?id=8436141298152506,镜子前丝袜制服小美女乖巧口交 直接后入小骚货操的大声浪叫再拉到床上继续操的抽搐大声浪叫
https://www.ds57.xyz/movie.php?id=9378449940122664,“你为什么不射完咧为什么不多射点儿”91很拽的富二代重金约炮高颜值混血女神高校在读兼职卖肉呻吟很嗲国语
https://www.ds57.xyz/movie.php?id=9831187133677304,果哥出品黑丝长腿网红脸模特蕾丝情趣装崛起大屁股翘臀多姿势摆拍
https://www.ds57.xyz/movie.php?id=7790348059497774,最新流出留学生【苏琪】和外国男友刺激性爱日常（第三部）户外湖边蓝天白云下激情野战
https://www.ds57.xyz/movie.php?id=8505718586966395,大肥屁股留学生贱货李美静被野蛮人男友沙发上爆肏太生猛了干到高潮尖叫内射1080P高清原版
https://www.ds57.xyz/movie.php?id=1565579734742641,留美大学生李美静与同居男友激情嗨炮弹性大肥臀非常诱人暴力深喉干完B洞再干屁眼高潮不断表情丰富2连发1080...
https://www.ds57.xyz/movie.php?id=6768015208654106,老公外出到紧身超短皮裙白嫩少妇家操她，儿子还在旁边哭着
https://www.ds57.xyz/movie.php?id=8000558996573091,越看越有味道的小少妇给你口交，这口活不是一般的让人爽，直接大屌颜射
https://www.ds57.xyz/movie.php?id=6539453277364373,【360稀有高清资源】高颜值情侣 小伙用手捅的女友淫水直流 再用大鸡巴插入
https://www.ds57.xyz/movie.php?id=605041221715509,暗拍丝足会所制服诱惑足交指划漫游超爽体验
https://www.ds57.xyz/movie.php?id=6847612615674734,【国内真实良家泄密】绝版精品良家珍藏版（第十一季）
https://www.ds57.xyz/movie.php?id=4343623989261687,刚成年没多久的小妹子 浴缸洗澡时自慰自拍 表情好享受
https://www.ds57.xyz/movie.php?id=7002048776485026,91校长力作-被爆操的OL女职员灰色短裙丝袜职业制服OL诱惑1080P高清完整版
https://www.ds57.xyz/movie.php?id=3846361562609672,淘宝店主中葡混血美女MELY黑丝高跟后入爆草1080P高清无水印
https://www.ds57.xyz/movie.php?id=5597492721863091,戴着口罩 皮肤白嫩的妹子 露奶露逼诱惑 用手轻轻的拍打小骚逼 床上手插插逼自慰大秀 非常诱人
https://www.ds57.xyz/movie.php?id=44360635802149,颜值不错美女和自己的拉拉女友直播大秀 双头蛇插双人
https://www.ds57.xyz/movie.php?id=7716978937387466,90后美乳翘臀艺校大学生美少女酒店援交有钱老板口活堪比会所技师被干的不停说舒服叫声刺激
https://www.ds57.xyz/movie.php?id=4549815515056252,好久不见带着小女友到酒店来一发最爱后入猛烈抽插小嫩逼拽着头发用力猛操最后叫的真夸张
https://www.ds57.xyz/movie.php?id=6419805241748691,混社会痞子黑二少酒店玩肏高颜值苗条女友这是喝了神仙水嘛干的好猛连射两次搞的美女欲仙欲死1080P原版
https://www.ds57.xyz/movie.php?id=7507654372602701,简陋出租房窗外TP被胖子糟蹋的极品竹笋奶妹子给脸上擦香
https://www.ds57.xyz/movie.php?id=2117252326570451,清纯长腿校花甜甜家中电脑台前脱衣秀 手指抠逼诱惑动人 看到都想草
https://www.ds57.xyz/movie.php?id=8398263701237738,清纯漂亮美女17岁雨季直播大秀 双人激情啪啪
https://www.ds57.xyz/movie.php?id=4998607113957405,长的还不错的漂亮少妇，贵在真实 喜欢这个骚逼的荡性，特别会玩，也能给拍
https://www.ds57.xyz/movie.php?id=5108604063279927,最新极品萝莉网红美少女习呆呆魅惑视频-粉红护士套装美女深喉口爆 极致诱惑 原版私拍97P 高清960P无水印版
https://www.ds57.xyz/movie.php?id=5955190784297884,微博miaotutu付费之穹妹COS黑丝灌肠合集
https://www.ds57.xyz/movie.php?id=5159521508030593,91四哥酒店豪华套房模仿大神冷先生穿着各式性感情趣内衣调教大三骚女友1080P高清版
https://www.ds57.xyz/movie.php?id=1497751055285334,高清无码录制QQ群酒店约炮3女2男淫乱啪啪非常有韵味的少妇爽死了
https://www.ds57.xyz/movie.php?id=9014264075085520,手机直播福利之私人玩物（原90后嫩模）奶大肥臀水逼，道具抽插淫语，最后倒计时高潮喷水诱惑
https://www.ds57.xyz/movie.php?id=2266043568961322,用扇情的乳头凸起和溢出乳房秒杀男人的白色胸罩巨乳妻，就这样被她征服
https://www.ds57.xyz/movie.php?id=8713643923401833,最新台湾SWAG人气女神『琳儿』与粉丝激情啪啪私拍 撕裂丝袜舔我的穴 69舔的受不了 主动骑上去 高清720P版
https://www.ds57.xyz/movie.php?id=7148127299733460,清纯妹妹被插着吻，来感觉后直接躺倒开干，妹妹高潮后还抱着男朋友不让他拔出，最后只好内射。
https://www.ds57.xyz/movie.php?id=6629844778217375,高颜值白嫩清纯小美女KTV+电影院大胆露出自拍合集
https://www.ds57.xyz/movie.php?id=907091437838971,手机直播福利道具自慰男女喷，露脸黑丝情趣大耳环的女人特别骚，吃完鸡巴道具插逼淫语浪叫
https://www.ds57.xyz/movie.php?id=2384785474278033,夫妻二人的性爱日常，女的穿着高跟被男的抱着操，站着抬腿操，站着后入操好骚
https://www.ds57.xyz/movie.php?id=8748865537345409,颜值不错短发妹子全裸跳弹塞逼逼 震动自慰呻吟娇喘毛毛比较整齐
https://www.ds57.xyz/movie.php?id=1750634829513728,CB极品女神dami高清直播自拍福利视频：制服护士装圆润饱满奶子好诱人
https://www.ds57.xyz/movie.php?id=3461978100240230,酒店偷拍高颜值E罩杯性感大长腿气质美女约操B
https://www.ds57.xyz/movie.php?id=4376144101843238,丰乳肥臀美女主播 一多自慰大秀 丰满身材 诱人表情 扣穴自慰
https://www.ds57.xyz/movie.php?id=6508201654069126,一王三后激情群p啪啪秀 男的太性福了 口交啪啪 令人羡慕
https://www.ds57.xyz/movie.php?id=3364614406600594,清纯漂亮小美女氧气少女 一多自慰大秀 身材苗条木耳粉嫩 淫水很多
https://www.ds57.xyz/movie.php?id=8293804950080812,非常淫骚的性感网袜国人美少妇被4名老外伺候玩弄
https://www.ds57.xyz/movie.php?id=4468510434962809,邻居家两姐妹洗澡被我全拍下,好白嫩的玉体,真乃人间珍品,附学校照片
https://www.ds57.xyz/movie.php?id=9760201778262854,露脸约操大奶小骚逼，骚穴无毛，做起爱来很淫荡，最后口爆
https://www.ds57.xyz/movie.php?id=6449466049671173,把妹哥约炮排球运动员，极品肥臀后入就是一阵狂怼，这姿势草着超有感觉
https://www.ds57.xyz/movie.php?id=6129382625222206,性格可爱无死角的活跃大学女孩，白色连体泳衣让我忍不住压在下面操到高潮呻吟
https://www.ds57.xyz/movie.php?id=1047677202150225,女神思瑞视频福利SM捆绑高跟鞋开裆黑丝骑道具大JJ自慰再被黑吊男插
https://www.ds57.xyz/movie.php?id=3624555394053459,气质不错美女椅子上诱惑一番性感高跟鞋 张开双腿自摸逼逼道具抽插自慰
https://www.ds57.xyz/movie.php?id=209324564784765,风吟鸟唱新作品流出！嫩模瑶瑶酒店拍艺术照，为了拍摄效果给摄影师揉逼还给他口交让自己动情
https://www.ds57.xyz/movie.php?id=2432563188485801,北京极品边操逼边和男友通电话 骗说 我想你了 还担心被听出来 露脸露胸露逼 还差点把电话号码念出来了
https://www.ds57.xyz/movie.php?id=8021541535854340,PR社尤物女神の我是你可爱的小猫大尺度诱惑福利60套打包合集
https://www.ds57.xyz/movie.php?id=2707981197163462,武汉林轩第二部18厘米巨炮怒草99年白虎妹子逆天长腿
https://www.ds57.xyz/movie.php?id=5171858365647495,酒店认识97年F杯巨乳翘臀小萝莉 约操宾馆各式爆操 高颜值爆乳翘挺非常耐操 干的乱叫 高清1080P原版无水印
https://www.ds57.xyz/movie.php?id=4589199209585786,高颜值有情趣全程露脸金牌女主播众筹大秀，奶子上还有纹身，逼肥水多道具抽插浪叫，几把进去能淹死第6弹
https://www.ds57.xyz/movie.php?id=6707376237027347,胳膊上有纹身的美女用手机拍摄一下屋子检查有没有摄像头
https://www.ds57.xyz/movie.php?id=9614671310409904,嘎哥大半夜在被窝里和媳妇爽一发 肉丝脚丫子真会搓噢
https://www.ds57.xyz/movie.php?id=6559108588844538,飒爽小姐姐高跟黑丝一看就冲动受不了要搞啪啪作品 大长腿肉欲身材操穴极品啊美女这风情鸡儿硬了720P高清
https://www.ds57.xyz/movie.php?id=4288851758465171,偷拍街头巷角的各种美女的裙子底裤，专门尾随美女偷拍
https://www.ds57.xyz/movie.php?id=3489708988927304,百度云稀缺精选多部泄密视频集合含有女同磨豆腐
https://www.ds57.xyz/movie.php?id=531832720153033,特色酒店TP顾不上吃饭的年轻小情侣带着撸串啤酒来嗨皮干完匆匆吃几口歇会继续再干
https://www.ds57.xyz/movie.php?id=7703898013569415,皮肤白嫩的小嫂子被大哥摸的受不了开始激情啪啪，口活给力淫声浪语，多体位激情抽插被大哥伺候的非常舒服
https://www.ds57.xyz/movie.php?id=6600945163518190,精品视讯系列-极品美女主播各种诱惑大尺度大秀
https://www.ds57.xyz/movie.php?id=6416677413508296,夫妻居家摄像头自录露脸啪啪啪娇妻颜值还可以一对炮弹乳白又大阴毛好茂密
https://www.ds57.xyz/movie.php?id=2063616332598030,深圳高端性感美女TS乐基儿 火烈的舌头舔富二代鸡巴 舌头好会舔啊，乳房包裹住滚烫的鸡巴乳交 呻吟不断 好诱惑...
https://www.ds57.xyz/movie.php?id=8016973435878754,高颜值不错大白美乳妹子双人啪啪 深喉口交上位骑乘抽插最后内射浴室洗澡
https://www.ds57.xyz/movie.php?id=1033469620160758,齐逼短裙露脸骚大姐，奶子不小很软特写骚逼诱惑，滴蜡尖叫母狗撒尿，熟女的感觉就是败火
https://www.ds57.xyz/movie.php?id=5174448383040726,最新AV剧情演绎新作-黑丝空姐出门被袭击拖回宿舍迷晕强操 高跟黑丝 完美身材 穿空姐制服爆操 高清720P完整...
https://www.ds57.xyz/movie.php?id=9032716862857342,质量sm重磅题材《字母圈国产巅峰sm调教，强制高潮、窒息失禁、捆绑SP、工具玩弄》之二
https://www.ds57.xyz/movie.php?id=8027993110008538,江西出差酒店600元找了个身材高挑奶子挺翘的良家小少妇,背着老公出来做,女上位被操的连续高潮,鸡巴插进去就...
https://www.ds57.xyz/movie.php?id=4295937344431877,珍藏十多年的女神 长相超级清纯crd003 还有点害羞的样子简直要人命 双乳很粉嫩 虽然不算大但很挺坚
https://www.ds57.xyz/movie.php?id=584621299058198,极品户外美乳女神『苍井美』与闺蜜及男友KTV嗨唱 喝多了和闺蜜男友KTV卫生间激情无套爆操逼 高清完整版
https://www.ds57.xyz/movie.php?id=3790991734713316,大神聆风听雨1小时爆操173连体黑丝女神骚货“好爽 操我 操哪里？操逼逼 什么逼啊？小骚逼”淫荡对白有字幕
https://www.ds57.xyz/movie.php?id=612972183153033,极品青春美女大学妹子放假居家兼职果聊赚外快,长相清纯,粉沐耳水水的,很润
https://www.ds57.xyz/movie.php?id=5551778147928417,最新极品嫩妹小鸟酱百合系列2 姐妹花浴缸女同嬉戏 呻吟声好甜
https://www.ds57.xyz/movie.php?id=5789772206917405,新年巨献2-性感气质美女KTV唱歌喝多了被带到酒店内裤塞到嘴里绑住手脚疯狂玩弄后边干边用手机拍摄特写!
https://www.ds57.xyz/movie.php?id=4370060618966818,高颜值苗条气质妹子情趣装道具自慰 大黑牛近距离特写震动逼逼呻吟娇喘非常诱人
https://www.ds57.xyz/movie.php?id=7762169786728919,摄影界大咖王涛老师作品身材纤细性感网红妹薇薇平面搔首弄姿全裸诱惑附图17P+视频1080P超清原版
https://www.ds57.xyz/movie.php?id=7402903749607503,性感美女女神高颜值好身材激情自慰叫声十分淫荡
https://www.ds57.xyz/movie.php?id=596929294988513,两个刚成年的闺蜜两萝莉美眉被三个吊丝男骗到婚纱店试穿婚纱淫乱5P
https://www.ds57.xyz/movie.php?id=4957489967346191,怪盗咪J 忍対眠り姫 VOL.109 忍 対　ユリ 后编
https://www.ds57.xyz/movie.php?id=7490672580897808,泡良达人马老湿中午吃了大蒜约炮单位情人开房被妹子怒斥去刷牙才肯和他做爱
https://www.ds57.xyz/movie.php?id=320132486522197,有肉感的大奶38E的少妇 情趣内衣 机器插逼受不了淫语乱叫fuck
https://www.ds57.xyz/movie.php?id=4069618545472622,有点像偷情的大叔与白肤大吊奶姐姐火爆啪啪啪俩人很能干女上位摇的特刺激一起冲刺高潮连干2炮叫的爽
https://www.ds57.xyz/movie.php?id=2520109442993998,漂亮可爱的小美女和纹身炮友鸳鸯浴口交床上啪啪啪
https://www.ds57.xyz/movie.php?id=3955121911130845,高颜值风骚少妇 一男两女在床上一多大秀 喜欢的不要错过
https://www.ds57.xyz/movie.php?id=8766713244840503,完美露脸抄底买奶茶的超高颜值身材爆好的白内短裙小姐姐
https://www.ds57.xyz/movie.php?id=245926715433597,铠甲美女白衣公主真骚啊太会玩搞穴啪啪作品《星球大战成人版》激情佳作 这样的剧情很燃很鸡动流口水性奋了
https://www.ds57.xyz/movie.php?id=182384266518056,骚气少妇SM捆绑双人啪啪大秀 情趣装椅子上手铐口塞扣交上位骑乘抽插
https://www.ds57.xyz/movie.php?id=3901585647836327,一个非常吊的主播，一多表演逼逼吃苹果啊，抹着润滑油硬往逼里塞，看她下垂的奶子好像是在哺乳期
https://www.ds57.xyz/movie.php?id=1993017233908176,美腿女子的裤子没收了。隔着丝袜被色狼玩的多次高潮
https://www.ds57.xyz/movie.php?id=3624275648035109,91大神带你体验某会所客房内的销魂服务女技师够骚上来先来段艳舞挑逗双机位拍摄前台的妞不错720P高清
https://www.ds57.xyz/movie.php?id=8751851073466241,美女主播小蜜蜂 约粉丝玩群交内射 奶头和逼逼都粉嫩嫩的很诱人
https://www.ds57.xyz/movie.php?id=1277372329495847,风吟鸟唱07嫩模虫虫与摄影师手持自拍动作片34分钟 高清无遮挡原版
https://www.ds57.xyz/movie.php?id=9101779516786336,颜值不错90少妇直播 无毛粉木耳激情自慰 很是诱人
https://www.ds57.xyz/movie.php?id=2242042352445423,百度热搜 抖音消停了，“迪卡侬潮喷门事件”却愈演愈烈！不堪入目击穿你的底线！
https://www.ds57.xyz/movie.php?id=8480108054354787,有钱就是任性 土豪一次过高价约炮两位高颜值深圳空姐美女玩3P 鸡巴要爽坏了
https://www.ds57.xyz/movie.php?id=5212164167314768,文静长发辣妈和情人偷情激情镜头记录下满头大汗的样子,逼毛刮得真干净
https://www.ds57.xyz/movie.php?id=9470725758001208,比较搞笑的婚礼敬酒,新娘轮番坐在兄弟们大腿上亲吻敬酒
https://www.ds57.xyz/movie.php?id=644096503965556,“用力宝贝快用力用力”大神文哥酒店挥重金约啪高颜值黑丝吊带性感美腿S级外围女叫床声很刺激很能叫对白淫...
https://www.ds57.xyz/movie.php?id=7292501148767769,颜值不错御姐范美女主播 极品美乳 又白又挺 大小正好 时不时搓揉 很是诱人
https://www.ds57.xyz/movie.php?id=7546948650851846,鹅蛋脸整过容的娃娃脸女神 坚挺的巨乳 典型的童颜巨乳 小穴粉得过分 加上筷子版的长美腿 简直就是人间般尤...
https://www.ds57.xyz/movie.php?id=5140165467746556,00后颜值女神约啪炮友 大屌深入骑马后入 撅着白雪屁股 无套啪啪 射的满肚子都是精华
https://www.ds57.xyz/movie.php?id=523297060281038,小骚妇约社会哥直播深喉口交各种体位无套爆操表情如痴如狂
https://www.ds57.xyz/movie.php?id=4948327788151801,亚西亚激情大棚演出第二部哇塞好多人呀赤裸裸的色情表演随着嗨曲晒奶晒逼还下台与观众互动表演BB吸烟
https://www.ds57.xyz/movie.php?id=7775734355673194,极品淫娃金毛狮子骚女『野猫韩韩』约粉丝户外车震 大黑牛玩粉穴 骑乘无套啪啪 顶操快速抽插 高潮浪叫
https://www.ds57.xyz/movie.php?id=6648983745835721,【重金自购】【独家整理】QQ微信小视频1000部-第六部分
https://www.ds57.xyz/movie.php?id=3908624360337853,颜值不错牙套妹【性感小学妹】沙发振动棒抽插，开裆网袜抬腿大力猛操，
https://www.ds57.xyz/movie.php?id=3321616826578974,最新网红少女『恶犬』VIP私人定制-黑旗袍 惹火身材 娇喘低吟自慰“爸爸求你了，小穴痒，快进来” 附34P
https://www.ds57.xyz/movie.php?id=9949396937154234,商务酒店俯拍会吸烟的美乳都市拽妹约炮大金链子霸气纹身社会大哥非常喜欢美女吃他JJ把嘴当逼洞插
https://www.ds57.xyz/movie.php?id=7654439616017044,被灌醉后的学生妹成了死猪一头，随意玩没任何知觉，肛门松弛全开爆菊肛交、虐玩胸、解锁奇葩难度姿势啪啪等，包含...
https://www.ds57.xyz/movie.php?id=7745295404456556,91大神呆哥10月最新绝美精品佳作高端约会系列-小蛮腰瑜伽老师第二部，露脸才是王道偷情瑜伽老师，翘臀小蛮腰，逼...
https://www.ds57.xyz/movie.php?id=6725113582797348,国内新平台录制为国争光东北小伙啪啪明星颜值身材性感的韩国妹子
https://www.ds57.xyz/movie.php?id=4121960327029228,美女自拍 女孩身材真好,搬开女孩的腿猛尻，尻到潮喷尿淫水
https://www.ds57.xyz/movie.php?id=4839211022481322,小鲜肉(秦先生)约炮极品女神完整版系列第六期、第七期合集
https://www.ds57.xyz/movie.php?id=4245378579944372,91大神扬风女神系列09-之浴火强力春药45分爆干凌辱女神母狗1.2G原版
https://www.ds57.xyz/movie.php?id=5165966697968543,蛇蝎美人1-2季床戏集锦大合集
https://www.ds57.xyz/movie.php?id=6981367296539247,颜值很高御姐美女主播玩着手机插着骚穴 身材白嫩自慰插穴很是诱人
https://www.ds57.xyz/movie.php?id=6401055860333145,饥渴的风骚三姐妹把进门的饿了么外卖员撩坏了，露脸把小哥裤子扒了口交，小哥上头了按着小姐姐一顿猛草
https://www.ds57.xyz/movie.php?id=5540033597499132,露脸操逼合集2
https://www.ds57.xyz/movie.php?id=7523554922081530,现在女主播都疯了 某APP直播平台露脸女主播有骚B做菜啤酒+生姜高潮喷水 礼物真没少给刷 对白精彩
https://www.ds57.xyz/movie.php?id=1967944018542766,对白超级淫荡大奶子女主播白天做晚上做开收费房放着嗨曲车震干一会开着车门下车干远处还有人干活无视
https://www.ds57.xyz/movie.php?id=8615452400408685,无毛女和炮友干完 .可乐罐、啤酒瓶这么粗的也能往逼里塞
https://www.ds57.xyz/movie.php?id=1127309645526111,皮肤白皙身材苗条美女主播第五部 跳蛋自慰逼逼粉嫩刮了毛比较干净
https://www.ds57.xyz/movie.php?id=790453371591866,刚出来工作的打工妹和网友见面请吃饭被灌倒开房各种姿势啪啪
https://www.ds57.xyz/movie.php?id=5969813074916601,跑车福利のJH夜夜zoe白嫩大爆乳尤物美女直播诱惑最全整理13V打包合集
https://www.ds57.xyz/movie.php?id=8062019078060985,RealAgent Fun And Orgy On A Yacht游艇上的狂欢乐趣 美女香槟群p
https://www.ds57.xyz/movie.php?id=6845896421000361,极品粉鲍大三女友刮毛后小逼特干净 操起来特带劲 无套抽插逼紧人骚 口爆射嘴里爽 完美露脸 高清720P完整版
https://www.ds57.xyz/movie.php?id=5424245623871684,91有钱大屌男高价约炮极品外围黑丝漂亮模特露脸 床上地上来回操 模特真是精品，身高体长，丰乳肥臀，真是极品中的...
https://www.ds57.xyz/movie.php?id=3262465922161937,2017次元水上乐园比基尼---PART1for山庄VIP高清版
https://www.ds57.xyz/movie.php?id=2044461527839303,老哥找了个短发萌妹子直播啪啪 洗完澡口交互摸按着大力猛操非常诱人
https://www.ds57.xyz/movie.php?id=2101747994311154,重磅福利万众期待，超美的大学生御姐丑曦重出江湖529收费房大尺度录制
https://www.ds57.xyz/movie.php?id=6050610658712685,颜值不错骚气少妇夜晚驾车边开边口交 停路边驾驶座上位骑坐抽插非常诱人
https://www.ds57.xyz/movie.php?id=3128248541615903,【宿影传媒】线下约漂亮大学生全裸足交、棉袜足交超嫩（第二部）
https://www.ds57.xyz/movie.php?id=7737354044802487,高收费王牌女主播精品兔子露脸一多大秀，情趣内衣诱惑，奶子漂亮逼很肥，淫语互动狼友呻吟让你射第三弹
https://www.ds57.xyz/movie.php?id=4581767767667770,经商老板民宅按摩店搞了一位良家美少妇透视薄纱粉色情趣装温柔细腻的全套服务沙发上激战国语对白1080P完整...
https://www.ds57.xyz/movie.php?id=8496909048408270,〖JVID高端精品〗超诱惑妆妆xBetty纯洁的修女姿色太诱人 女学生霸王硬上弓 黑丝女神的堕落 高清1080P原版
https://www.ds57.xyz/movie.php?id=5706834369339049,91撸神足疗小姐系列之浴室纯情骚货瑶瑶 爆乳骚货边操边淫语浪叫不停 内射BB 完美露脸 高清720P原版无水印
https://www.ds57.xyz/movie.php?id=7390005066990852,气质熟女姐姐优雅肉肉勾引小鲜肉刺激硬了啪啪作品《华丽的外出》字幕佳作 妹子质量不错文雅性感冲动要操
https://www.ds57.xyz/movie.php?id=5282676378265023,街头搭讪温婉可人的黑发女大生深入交流！
https://www.ds57.xyz/movie.php?id=9445234835147858,魅惑娜娜露脸情趣黑丝表情很骚，道具自慰呻吟，淫声浪语不断，小骚逼水多耐操，镜头前被哥哥调教不要错过
https://www.ds57.xyz/movie.php?id=1175143700093031,淫乱的房间骚浪的母狗来自人妻的3P，很刺激露脸伺候两根几把，非常主动被两猛男轮草，各种姿势蹂躏，浪叫呻吟不断
https://www.ds57.xyz/movie.php?id=9718604567460716,酒店2男2女淫乱群P，00后小萝莉轮番被干，掰穴剃毛玩得不亦乐乎，淫叫声此起彼伏不间断
https://www.ds57.xyz/movie.php?id=9978832881897688,马航空姐宿舍淫骚自拍身材还不错就是肤色黑了一点
https://www.ds57.xyz/movie.php?id=3402752568945288,秘书小姐姐黑丝丁字裤性感诱惑 各种道具自慰狂插逼 还给特写福利
https://www.ds57.xyz/movie.php?id=324797895736992,身材苗条美女主播性感情趣内衣黑丝沙发上道具大JJ自慰秀
https://www.ds57.xyz/movie.php?id=1661468204110860,高颜值腰细胸奶漂亮妹子 漏奶漏逼床上扭动诱惑呻吟娇喘
https://www.ds57.xyz/movie.php?id=4539657728746533,最新流出土豪棉帽哥投稿自拍大战19岁美乳美臀可爱妹子淫液特别多无套内射中出1080P超清
https://www.ds57.xyz/movie.php?id=7113310433924198,儿子第一次摸到妈妈的肉体，趁妈妈喝醉了点着闪光灯从奶子摸到下面 只敢拿手指捅捅 还是不敢乱伦
https://www.ds57.xyz/movie.php?id=1686542481184005,酒店偷拍戴着口罩怕人看见的气质美少妇和单位领导下班偷情,干了一次没过瘾,肤白貌美,奶子圆润坚挺,可惜了!
https://www.ds57.xyz/movie.php?id=2778157796710729,丰满身材鸭舌帽妹子学生制服 沙发自摸奶子振动棒抽插毛毛较多 很是诱惑不要错过
https://www.ds57.xyz/movie.php?id=4569215103983879,个人云盘被黑流出逗逼疯狂大胆情侣公共场合露出打炮公交车上口交怎么刺激怎么玩碉堡了
https://www.ds57.xyz/movie.php?id=8418773910962045,纯纯妹子小船上香艳唯美江上啪啪看的鸡动刺激作品《漂流欲室高清版》字幕佳作 创意给力奶子很诱人要硬啊
https://www.ds57.xyz/movie.php?id=7462697410956025,96年东航小姐姐，这次飞回北京没换衣服直接从T2接回家操，让做什么做什么,先吹后做 无套内射高清特写，
https://www.ds57.xyz/movie.php?id=6141236149705946,调教自家女友 全裸在浴缸里 对着她的嘴巴尿尿 女主竟然还开嘴去接
https://www.ds57.xyz/movie.php?id=7490348452702165,国产TS系列身材爆炸好的思琪酒店各种姿势被艹
https://www.ds57.xyz/movie.php?id=8564717541448772,非常风骚的骚大奶 直播大秀 奶子超大 自慰插穴淫水白浆
https://www.ds57.xyz/movie.php?id=3058413700200617,极品美乳蝴蝶逼小姐姐穿着白丝先用剃须刀把逼毛刮了再用超大号自慰棒插穴逼上还有颗痣高清1080P
https://www.ds57.xyz/movie.php?id=6003538267686963,百度云流出视图外貌清纯的保险推销吴小姐为了大保单上门和变态客户杜先生玩SM自拍
https://www.ds57.xyz/movie.php?id=2142699980176985,虎牙熊猫TV红牌大胸主播美娜酱baby下海21小时大合集VIP会员收藏福利
https://www.ds57.xyz/movie.php?id=4151955568231642,四川某高校神颜值美女大学生宿舍床上拉上布帘全裸掰穴直播处女膜，她室友知道她的肮脏面目吗？
https://www.ds57.xyz/movie.php?id=1422938508912921,漂亮小姐姐室外性奋让人鸡动想插作品 Heyzo-1130 苗条身材颜值不错大白天这样的环境操穴太爽了冲动720P高清
https://www.ds57.xyz/movie.php?id=9764710115268826,喜欢吃性药的女人，这大奶子你喜欢吗？道具自慰骚逼水多流白浆，最骚的女人说着最骚的淫语，呻吟声都能叫你射
https://www.ds57.xyz/movie.php?id=7412670352496207,身材高大的白肤美小英姐和眼镜佬啪啪完洗澡给大家看下面的逼毛真性感
https://www.ds57.xyz/movie.php?id=4166222978383302,高颜值苗条【00后嫩妹】情趣内衣诱惑，脱掉露粉穴近距离特写非常诱人
https://www.ds57.xyz/movie.php?id=3880408699624240,宅男女神完美身材的完具少女-妖姬12月最新作品 黑丝制服塞入跳蛋出白浆后 用假JB观音坐莲 叫床太骚了扛不住
https://www.ds57.xyz/movie.php?id=6410866929218173,国产大制作级别 七个女神并排在沙发上 床上各种互摸跳蛋自慰互舔 有几个身材真的极品 像模特儿自称空姐
https://www.ds57.xyz/movie.php?id=6461373674683273,超漂亮女神用按摩棒插入自己的一线天粉嫩逼，直至喷水大秀脱力瘫倒
https://www.ds57.xyz/movie.php?id=912264017388224,PR社尤物女神の我是你可爱的小猫大尺度诱惑福利60套打包合集
https://www.ds57.xyz/movie.php?id=4458793005906045,摄像头偷拍纹身男女情趣房大红床啪啪全程 吃过午餐休息后继续干
https://www.ds57.xyz/movie.php?id=6463657058775425,上海年轻漂亮的长腿美女嫩模和异国男友外地旅游酒店激情啪啪自拍,奶大逼嫩被大粗吊快速抽插,包裹的真严实!
https://www.ds57.xyz/movie.php?id=8112411671318114,长相清纯性格可爱的漂亮小嫩妹奶子又圆又大 逼毛没多少 小穴很粉嫩
https://www.ds57.xyz/movie.php?id=7964089871384203,粉嫩逼逼苗条身材嫩妹子自慰秀 逼逼微毛床上自摸阴蒂呻吟翘起屁股非常诱人
https://www.ds57.xyz/movie.php?id=2290697121061384,刚入职的173CM性感长腿秘书为了讨好老总 办公室性感蕾丝要求潜规则啪啪 长腿美女叫得 好动听
https://www.ds57.xyz/movie.php?id=6360824480652809,身材完美大学生美眉兼职人体模特宾馆私拍还是一个无毛的1080P超清
https://www.ds57.xyz/movie.php?id=3536280435509979,性感小仙女自拍福利黑丝丁字裤诱惑道具自慰近距离特写不要错过
https://www.ds57.xyz/movie.php?id=8464609826914966,非常可爱瘦瘦的贫乳萝莉 被男友操得想要暂停 叫床声音也很可爱 让人想暴力操死她 可能太瘦了身体吃不消啊
https://www.ds57.xyz/movie.php?id=3929086127318442,熟女人妻母亲因为女儿卖淫还债，抽插她的小穴，看着她的表情，非常投入，一直眯着眼睛在享受性爱
https://www.ds57.xyz/movie.php?id=5866371970623732,高颜值美女性感黑丝无毛蛮腰翘臀开房与男友造爱销魂自摸肉棒吃硬直接肛交内射男主罕见露脸1080P原版
https://www.ds57.xyz/movie.php?id=4604588067159057,这样的圣诞节太性福双飞两个高质量美少女嫩逼啪啪插入销魂作品 妹子白嫩跪爬屁股翘着受不了要肾虚了720P高...
https://www.ds57.xyz/movie.php?id=6076516974717379,小青蛙 国A大神微信约生活不如意出轨人妻咖啡厅谈心然后宾馆玩SM道具3P太专业了对白精彩1080P超清原版
https://www.ds57.xyz/movie.php?id=3360910969786346,第一坊有点婴儿肥的美女大尺度制服丝袜诱惑最后假阳具自慰插逼冒淫水，流湿一片（高清珍藏版）
https://www.ds57.xyz/movie.php?id=1970085515640676,骚货女主播直播吸吊，自慰玩假屌，骚到一逼
https://www.ds57.xyz/movie.php?id=5782748409546912,韩国主播双人秀身材都一级棒，奶子非常好看
https://www.ds57.xyz/movie.php?id=8685506153851748,白嫩细眼身材超好韩国妹子被长吊男狂插到底很享受
https://www.ds57.xyz/movie.php?id=8944265786558390,颜值不错长发少妇自慰啪啪 站立道具JJ插完再被后入猛操
https://www.ds57.xyz/movie.php?id=9644264457747340,颜值不错美女直播 激情自慰大秀
https://www.ds57.xyz/movie.php?id=7819856805726886,91新疆一匹狼精品之作维吾尔族女神野外疯狂3P混战 情趣护士装爆操 完美露脸 国语对白 高清1080P原版无水印
https://www.ds57.xyz/movie.php?id=991992005147039,金屋藏娇阁颜值不错御姐美女蓝颜你就像第二个我一多自慰大秀 身材也不错 自慰棒大力插穴自慰 很是诱人
https://www.ds57.xyz/movie.php?id=7871893877163529,有情调知识文艺青年男女洞窟主题房啪啪长发气质眼镜美女身材真好阴毛性感乳房饱满坚挺干了2炮后入时还问深...
https://www.ds57.xyz/movie.php?id=7833914631046355,漂亮大眼睛美少女纯纯白丝很心动前后进入刺激啪啪作品 美女娇嫩这样的骚骚挡不住逼穴都被搞了鸡动啊720P高...
https://www.ds57.xyz/movie.php?id=835667545907199,和哥们一起3P玩操漂亮美乳骚货小情 换着操真带劲 身材不错 叫床给力 蒙眼操小B更刺激 高清1080P原版无水印
https://www.ds57.xyz/movie.php?id=8773670517839491,短发清纯萌妹子三指狂扣嫩比紫薇高潮喷水
https://www.ds57.xyz/movie.php?id=6485564000904560,单亲家庭长大的孩子金牌小野猫3露脸黑丝直播叫爸爸想要大鸡巴道具自慰自己舔奶扣逼每次都玩到高潮虚脱水多
https://www.ds57.xyz/movie.php?id=9326826636679470,骇客破解家庭探头窥视辑不同年龄夫妻居家性爱生活孤寂人妻手淫辣妈哺乳更衣完整版
https://www.ds57.xyz/movie.php?id=8361330307088792,最新土豪匪帽男约战白嫩24岁温柔腼腆漂亮美女各种道具玩弄粉嫩嫩小骚B爱液泛滥弄湿裙子很容易高潮干2炮吞精
https://www.ds57.xyz/movie.php?id=1185719100758433,网络红人极品H罩杯奶神妹疯狂性爱视频流出9合一高清完整版
https://www.ds57.xyz/movie.php?id=6762937819585204,瘦瘦小骚逼荡妇口活不错，女上位很主动的快速摇，叫床叫的好骚
https://www.ds57.xyz/movie.php?id=8864283603616059,【重磅福利】精心整理各大平台20多位美女主播共计305部福利视频合集打包
https://www.ds57.xyz/movie.php?id=779765020124614,【新年巨献】白嫩漂亮的小美女分手后和同事外出吃饭时被灌醉带到酒店尽情拍摄后又被狠狠的爆操!
https://www.ds57.xyz/movie.php?id=4277057461440563,“今天道具喷水”超级骚的G杯奶罩御姐美女主播露脸道具疯狂插逼直到喷水为止
https://www.ds57.xyz/movie.php?id=1103143268264830,颜值不错的金牌主播 口交假JJ 椅子上漏奶露逼诱惑 道具插逼自慰 假JJ插 后入式骑乘 非常诱人
https://www.ds57.xyz/movie.php?id=3797083231620490,精品自拍-性感桃花型美乳嫩模李X熙被摄影师捆绑后用道具震的大叫：很久没有和别人发生关系,我不要,你戴避孕套...
https://www.ds57.xyz/movie.php?id=7642153841443360,新鲜出炉颜值不错的艾薇儿黑丝高跟情趣挑逗牛仔男友，露脸口交被猛男在沙发上多体位抽插浪叫，很会享受让炮友舔...
https://www.ds57.xyz/movie.php?id=1338326479308307,高颜值短发妹子全裸道具自慰啪啪 口交抽擦搞完再用按摩器自己玩
https://www.ds57.xyz/movie.php?id=8445212938822806,喷水女王白富美主播黄瓜双插爆菊大秀,黄瓜都不带套真怕断在骚B里面
https://www.ds57.xyz/movie.php?id=1780854300595820,高质量圆臀美女白嫩丰满好身材火辣挡不住插入啪啪销魂包射啊，妹子气质妖艳高挑肉肉操穴真是尤物720P高清
https://www.ds57.xyz/movie.php?id=2267930102534592,北京高颜值小妹让我操翻了，完美的炮友身材
https://www.ds57.xyz/movie.php?id=5294712316244841,【野狼出击】老哥约了个颜值不错红衣妹子TP啪啪，口交大力猛操呻吟娇喘
https://www.ds57.xyz/movie.php?id=7143843215890229,有一个可以让你玩她逼得女孩真幸福，露脸了吃着奶子玩着逼，水好多大鸡巴无套抽插叫声淫荡，给舔鸡巴真爽
https://www.ds57.xyz/movie.php?id=7542024389840662,漂亮有韵味美女和炮友双人啪啪大秀 先口后啪 尝试多种体位
https://www.ds57.xyz/movie.php?id=2688543540425598,就没见过这么骚的人妻少妇怀着小宝宝还这样浪身材好奶子大脱光扭臀晃腰各种诱惑动作旁边男的貌似在打飞机
https://www.ds57.xyz/movie.php?id=7979593644849956,唯美口活系列 喜欢的不要错过
https://www.ds57.xyz/movie.php?id=9546234537847340,枫随风酒店约啪98年C奶主播 各种体位疯狂抽插连干两次大声浪叫(完整版)
https://www.ds57.xyz/movie.php?id=7340132328681648,混血帅哥和漂亮女友啪啪直播大秀，这样的女友我也想有一个
https://www.ds57.xyz/movie.php?id=8155155153945088,小夫妻黄播为生每天2-3场真拼命体力不够只能多做口交少妇嘴巴都肿了
https://www.ds57.xyz/movie.php?id=172650176100432,调教骚逼爱妻，AV棒，假鸡巴插逼，淫靡十足
https://www.ds57.xyz/movie.php?id=9369489024393260,女神级性感气质白领美女和公司领导下班酒店偷情啪啪时突然接到男友电话查岗,男的边干女的边接电话.国语!
https://www.ds57.xyz/movie.php?id=148807354271411,国产剧情顶级私人订制系列『白领迷情』 变态男尾行漂亮白领 迷晕凌辱强操 穿着衣服直接上 高清1080P完整版
https://www.ds57.xyz/movie.php?id=3328403248451650,精品外泄-颜值高又性感的极品美女嫩模酒店被土豪全力抽插,每插一次美女就淫叫一下,美女享受又不敢大叫!
https://www.ds57.xyz/movie.php?id=9187336489558220,邻家女孩极品双女 两个巨乳尤物姐妹花互舔咪咪 道具紫薇大秀 刺激
https://www.ds57.xyz/movie.php?id=563472872599959,G点按摩教学高清经典收藏 高潮喷水痉挛 金手指教程 男人都可以学一学
https://www.ds57.xyz/movie.php?id=3497342481277883,91永州一哥大白天全露出晒台操逼 身材苗条 叫声很大也不怕被别人听见 真刺激
https://www.ds57.xyz/movie.php?id=702256928198039,八月新流出宾馆空调出风口偷放摄像头偷拍眼镜哥用口活征服年轻少妇看表情这逼味道貌似不错
https://www.ds57.xyz/movie.php?id=6158043015748262,高颜值美女丑曦收费诱惑秀 苗条身材抖动屁股非常诱人近距离特写肥逼
https://www.ds57.xyz/movie.php?id=1224209326319396,约啪在校极品美腿大二校花妹子 各种手撸丝足激情啪啪
https://www.ds57.xyz/movie.php?id=9805421652272344,性感漂亮的少妇美女酒店被恋屁控领导从后面扶着丰满翘臀用力抽插,中间还换了套性感睡衣,干的美女欲死欲仙!
https://www.ds57.xyz/movie.php?id=6528948280028999,迷奸 近2小时气质美少妇被两个屌丝怼醉带到宾馆开房随意玩弄
https://www.ds57.xyz/movie.php?id=2435456328094005,女友涂着红趾甲的白净玉足很给力 往档里掏出丁丁就戳真利落
https://www.ds57.xyz/movie.php?id=8794788983650506,颜值爆表的超美校花大学生被帅哥男友酒店爆操 被射一脸还要舔干净大鸡 露脸真是绝美
https://www.ds57.xyz/movie.php?id=1348037784919142,海军制服小妹妹酒店后入猛顶小嫩穴 制服诱惑大力抽插
https://www.ds57.xyz/movie.php?id=4205399504862725,《欲望姐姐们》韩国限制级电影电影讲述三个女人以不同的方式勾引男人的故事
https://www.ds57.xyz/movie.php?id=6570956795476377,上海陆家嘴某公司顶楼极品业务员口活真娴熟，她男朋友就在楼下上班，赶紧来一炮。这单给她不亏
https://www.ds57.xyz/movie.php?id=465398076921701,【百度云泄密系列】美女胡琦相册内居然出现如此香艳一幕！
https://www.ds57.xyz/movie.php?id=3378447964787483,国外情侣啪啪视讯秀大长吊男友多种姿势换着操后入上位 性感大屁股
https://www.ds57.xyz/movie.php?id=1901851063594222,【重磅推荐】最火爆疑似原熊猫主播朴惠N超大尺度4W礼物私拍流出 玩弄极致粉穴 全程露脸 开三点 高清720P版
https://www.ds57.xyz/movie.php?id=8284471151418984,极品网红骚伊伊 高跟黑丝小肚兜极致诱惑 各式姿势连续抽插爆精内射
https://www.ds57.xyz/movie.php?id=1523115527816116,颜值不错妹子道具自慰 小振动棒大力震动逼逼呻吟娇喘
https://www.ds57.xyz/movie.php?id=1617427258752286,老污龟最新网袜作品-连体网袜 高跟美腿 风骚少妇 口活一绝 连续抽插 暴力抽送 叫声淫荡 高清1080P版 推荐
https://www.ds57.xyz/movie.php?id=8513183626346290,极品外围女勾引土豪 白嫩大奶 天然白虎穴
https://www.ds57.xyz/movie.php?id=9466309892013670,粗黑大鸡巴打桩机似的猛操大屁股小骚逼，看得很刺激
https://www.ds57.xyz/movie.php?id=5234133610501885,颜值不错的温柔妹子这样的生活太向往了美景操穴啪啪作品 高质量美女大长腿肉肉起伏吞吐鸡巴要硬啊720P高清
https://www.ds57.xyz/movie.php?id=4010848929174244,怪盗咪J 饮友イタズラ剧场 VOL.33 【H・Kちゃん】　セクシー系ギャル现役女大学生 1回目
https://www.ds57.xyz/movie.php?id=2452157619409263,广州海珠区某会所经理培训新招来的年轻女技师 调教她们如何给客人 口交 打飞机 啪啪
https://www.ds57.xyz/movie.php?id=1530581046827137,91最美的平面模特太嫩太美了，看一眼就受不了了，对着每晚肯定射能几次，多少钱都行！
https://www.ds57.xyz/movie.php?id=3967976421117782,龙鱼哥约炮长发高挑少妇 露脸特别主动 情趣装肉丝高跟鞋
https://www.ds57.xyz/movie.php?id=2300626491196453,大哥大有钱任性挥霍玩女人奢华会所召了3个年轻漂亮女公关换上情趣装各种嗨帝王般享受没钱真享受不来国语对...
https://www.ds57.xyz/movie.php?id=2510638707317412,一男两个熟女双飞啪啪大秀 69互舔道具插菊花再骑脸舔逼上位猛插
https://www.ds57.xyz/movie.php?id=8576541100628674,91小A君复出新作-贵州旅游勾搭上的极品长发瓜子脸美女团友,肌肤雪白,嫩逼超紧,强忍着淫叫,爽的想飞!
https://www.ds57.xyz/movie.php?id=9975171708501876,合租房卫生间定点针孔偷拍白肤大波妹子洗澡拿着澡巾搓的很仔细啊
https://www.ds57.xyz/movie.php?id=8996962006203830,长相很纯的在校大学生妹子,寝室熄灯后拉上床帘,被窝里果聊兼职,奶子发育的不错
https://www.ds57.xyz/movie.php?id=749372881837189,床边后入猛操细腰美臀性瘾女友 操的直叫BABA 无套后入啪啪直响 淫语浪叫“好爽 操死了”高清720P原版无水印
https://www.ds57.xyz/movie.php?id=6115364124998450,胖哥东南亚嫖妓颜值还可以的混血妹子两人都干到气喘吁吁1080P高清无水印
https://www.ds57.xyz/movie.php?id=4011533637531101,身材苗条骚气眼镜妹子白色网袜双人啪啪秀 深喉口交骑乘后入最后射在肚子上 呻吟诱惑
https://www.ds57.xyz/movie.php?id=9654459711164236,【全国探花】深夜约了个粉衣腰细胸大妹子，扭动性感大屁股后入大力猛操
