https://www.ds43.xyz/movie.php?id=1452181907370686,暗拍乡村大棚草台班子艳舞团脱衣表演模仿男女啪啪啪现场观众不少啊上下两部1
https://www.ds43.xyz/movie.php?id=4265752816572785,【精选360】高清白色浴缸系列-一夜七次狼的平头眼镜哥和大奶女友床上干了浴缸干 整整干了七次才满足
https://www.ds43.xyz/movie.php?id=3084064186550677,91大神九月新作-拿下六星酒店高个短裙酒店迎宾 性感情趣丝网连体内衣 翘臀口活 无套后入啪啪爆操 内射中出
https://www.ds43.xyz/movie.php?id=9442324340343476,微博万粉penny小腰精性感黑丝高跟摸逼VIP收费视频
https://www.ds43.xyz/movie.php?id=2607927462086081,朱茵周海媚陈法蓉三个极品女神情欲看的鸡儿硬鸡动作品《爱在娱乐圈的日子调色字幕版》激情佳作 颜值丰满
https://www.ds43.xyz/movie.php?id=3390688812360167,97日语学生妹背着男友约炮多次高潮
https://www.ds43.xyz/movie.php?id=756417121738195,AISS爱丝绝版《索菲穿行》极品灰丝 翘挺美乳 录制工作状态全程 国语对白 无删减高清无水印 个人收藏完整版
https://www.ds43.xyz/movie.php?id=2654471206478774,甜美女神主播李娜宝宝 直播露出粉嫩三点 挑逗插穴诱惑
https://www.ds43.xyz/movie.php?id=5439110542647541,女神彭丹吴家丽大乳房丰满肉肉想操作品《极度兽性高清调色板》字幕佳作 美女闺蜜撕逼好身材冲动硬了啊
https://www.ds43.xyz/movie.php?id=469503691419959,第一坊纹身主播雪妹妹1105视讯秀包臀短裙热辣艳舞沙发分开双腿道具自慰
https://www.ds43.xyz/movie.php?id=6312841922044754,SWAG『邦妮』骚老婆玩道具 真枪插入 痉挛双穴高潮升天
https://www.ds43.xyz/movie.php?id=6312841922044754,SWAG『邦妮』骚老婆玩道具 真枪插入 痉挛双穴高潮升天
https://www.ds43.xyz/movie.php?id=9409411139786244,91秦先生第3期酒店约炮高颜值长发翘臀小师妹720P完整版
https://www.ds43.xyz/movie.php?id=7833667281083763,完美身材巨乳漂亮妹子户外秀第二部 厕所脱衣漏奶漏逼尿尿揉奶子
https://www.ds43.xyz/movie.php?id=8591783307492733,大白天两个社会小青年带2个妹子野外山坡下4P露脸直播轮番抽插这个干另一个去站岗大声呻吟也不怕路人听见对...
https://www.ds43.xyz/movie.php?id=12708357535302,苗条身材妹子和炮友双人啪啪秀 开裆黑丝逼逼塞跳蛋屁股上写子后入抽插 很是诱惑不要错过
https://www.ds43.xyz/movie.php?id=12708357535302,苗条身材妹子和炮友双人啪啪秀 开裆黑丝逼逼塞跳蛋屁股上写子后入抽插 很是诱惑不要错过
https://www.ds43.xyz/movie.php?id=9371575145050884,干到干不动为止年轻大学生热恋情侣校外开房造爱不知道干了多少炮外表素雅大屁股妹子很骚喂不饱那种
https://www.ds43.xyz/movie.php?id=5663634170778096,【小程潇】高颜值大奶妹子道具自慰，单腿黑丝沙发振动棒抽插近距离特写
https://www.ds43.xyz/movie.php?id=1878529186360538,骇客破解家庭探头窥视刚生育完的少妇忙着啪啪不顾小孩骚逼淫荡对白
https://www.ds43.xyz/movie.php?id=4894946557469666,PR社区福利秀网红少女内部VIP：Kanami酱之寂寞的女秘书 黑丝高跟美腿极品诱惑 高清私拍34P+6V整合 唯美推荐
https://www.ds43.xyz/movie.php?id=1834560497663915,颜值不错苗条身材妹子自慰第二部 卫生间香蕉鸡蛋塞入逼逼尿尿非常诱人
https://www.ds43.xyz/movie.php?id=4404840865172446,红色奶头高颜值妹子情趣装吊带网袜 张开双腿跳蛋震动自慰非常诱人
https://www.ds43.xyz/movie.php?id=4404840865172446,红色奶头高颜值妹子情趣装吊带网袜 张开双腿跳蛋震动自慰非常诱人
https://www.ds43.xyz/movie.php?id=8536618067882955,【裸特别档】19下半年终结篇 97年四川妹子李X 山水养人 皮肤光洁水灵 把屁股露B 自慰秀 附21P
https://www.ds43.xyz/movie.php?id=1665782895870506,性欲超旺盛妹子，叫男人回来脱掉玩她鸡巴，以前被土豪包养了两年现在换她玩弄贱男
https://www.ds43.xyz/movie.php?id=5099706859327853,【可爱的小骚】两男两女室内淫乱群P，小骚萝莉身材娇小胸却很大，馒头穴黑丝69玩得开喜欢被轮番插，场景刺激淫靡
https://www.ds43.xyz/movie.php?id=2298543546348810,小钢炮神威再操极品白虎馒头逼小骚货 前后双洞都不放过 嫩逼爆菊 无套抽插爆精内射 淫语对白 完整版收藏
https://www.ds43.xyz/movie.php?id=2298543546348810,小钢炮神威再操极品白虎馒头逼小骚货 前后双洞都不放过 嫩逼爆菊 无套抽插爆精内射 淫语对白 完整版收藏
https://www.ds43.xyz/movie.php?id=6738730953074992,最新约操极品F爆乳知名网红『喵小兔』 极品女神骑乘顶操 淫荡浪叫 F杯爆乳口交诱人 完美露脸 高清1080P版
https://www.ds43.xyz/movie.php?id=4831708967685699,两个高颜值妹子风情各异发骚求操挡不住鸡动啪啪作品 乳房精致白嫩肉肉双飞太爽了冲动要硬要虚啊720P高清
https://www.ds43.xyz/movie.php?id=4831708967685699,两个高颜值妹子风情各异发骚求操挡不住鸡动啪啪作品 乳房精致白嫩肉肉双飞太爽了冲动要硬要虚啊720P高清
https://www.ds43.xyz/movie.php?id=5454224441200495,超美花女郎吴沐熙 黄金比例绝美身材三点尽露 完整版
https://www.ds43.xyz/movie.php?id=7982567735016346,当年《迪迦奥特曼》女主角『丽娜』传说中下海之作《皆月》还被恶人操尿了 看着心疼 中文字幕 完整收藏版
https://www.ds43.xyz/movie.php?id=9314107503741980,留守村姑姐妹俩勾引路边护林员,小树林里激情双飞啪啪啪
https://www.ds43.xyz/movie.php?id=9314107503741980,留守村姑姐妹俩勾引路边护林员,小树林里激情双飞啪啪啪
https://www.ds43.xyz/movie.php?id=781729337759316,高颜值骚妖TSAmy 和3姐妹跟两直男5P 淫乱的场面 这些姐妹的妖声也太好听了，互相在谈论今天干了几个 刺激！
https://www.ds43.xyz/movie.php?id=6637496962212026,很是风骚淫荡美少妇穿着开裆网丝不停的翘着屁股展示大肥臀和骚穴 掰开骚穴很淫荡
https://www.ds43.xyz/movie.php?id=6764760771766305,黑色透明旗袍情趣女神的诱惑 与大屌男友口活互舔 无套直插粉穴美鲍 淫语乱叫高潮 爆操内射 高清1080P完整版
https://www.ds43.xyz/movie.php?id=5999315679073334,最新自购200元火爆推特小结巴2019新作 小熊背心牛仔裤 三点全露 酷可爱 原版私拍235P 高清720P原版无水印
https://www.ds43.xyz/movie.php?id=5999315679073334,最新自购200元火爆推特小结巴2019新作 小熊背心牛仔裤 三点全露 酷可爱 原版私拍235P 高清720P原版无水印
https://www.ds43.xyz/movie.php?id=9108935282565654,露脸抄底白色高跟鞋蕾丝丁字裤高雅志靓女
https://www.ds43.xyz/movie.php?id=8849206320010126,颜值不错御姐美女主播三藏取精 激情大秀 自慰插穴
https://www.ds43.xyz/movie.php?id=4227391285821795,微博最新流出高贵气质极品美少妇激情自拍视频 乍一看，我还以为是张柏芝呢，真心漂亮啊，艳福不错
https://www.ds43.xyz/movie.php?id=3242204119451344,最新众筹高颜值气质美女大学生私人订制自慰视频流出性感的内衣超诱人的身材高潮喷尿撸点很高1080P原版
https://www.ds43.xyz/movie.php?id=3242204119451344,最新众筹高颜值气质美女大学生私人订制自慰视频流出性感的内衣超诱人的身材高潮喷尿撸点很高1080P原版
https://www.ds43.xyz/movie.php?id=6077763941138983,十三妹再次来袭，奶大肤白极品美穴，浴室各种姿势抠用喷淋头边冲边抠
https://www.ds43.xyz/movie.php?id=7545683383941650,美兰女神-高跟丝袜美脚控制丁丁随时爆发
https://www.ds43.xyz/movie.php?id=6759679219685495,新婚不久的美娇娘老公不在家耐不住寂寞网上发骚，大奶子大屁股逼逼粉红水又多，自慰呻吟精彩不要错过
https://www.ds43.xyz/movie.php?id=8063459442928433,【泰燃寻欢】眼镜男约了个高颜值苗条白衣妹子，骑乘口交舔硬大力猛操，呻吟娇喘声非常诱人
https://www.ds43.xyz/movie.php?id=1539270756766200,36F高颜值魔鬼身材巨乳美女穿着OL性感职业黑丝装和网友激情操逼,先在凳子上撕破丝袜干又拉到床上扒光衣服插...
https://www.ds43.xyz/movie.php?id=1539270756766200,36F高颜值魔鬼身材巨乳美女穿着OL性感职业黑丝装和网友激情操逼,先在凳子上撕破丝袜干又拉到床上扒光衣服插...
https://www.ds43.xyz/movie.php?id=6665788455866277,粗指交外加跳弹 肛门双穴齐开爽死了 国语对白
https://www.ds43.xyz/movie.php?id=6665788455866277,粗指交外加跳弹 肛门双穴齐开爽死了 国语对白
https://www.ds43.xyz/movie.php?id=8303939560428262,【360水滴TP】红色大床主题精选-大学生情侣开房做爱，女上位啪啪好疯狂，颜值高身材好，对白清晰
https://www.ds43.xyz/movie.php?id=5619472530670464,【人间水蜜桃】妖艳妹子双女跳蛋大黑牛自慰，近距离特写震动双双高潮喷水
https://www.ds43.xyz/movie.php?id=5619472530670464,【人间水蜜桃】妖艳妹子双女跳蛋大黑牛自慰，近距离特写震动双双高潮喷水
https://www.ds43.xyz/movie.php?id=229280823841691,养生spa会所给富婆按摩 激情抠穴到高潮暗拍
https://www.ds43.xyz/movie.php?id=3080852860584855,国内牛人冒死爬破窗偷拍极品大奶美乳洗澡 这身材太迷人了
https://www.ds43.xyz/movie.php?id=4212480443529784,91呆哥真实强推酒吧DJ的白嫩妹妹刚开始还反抗一插进入就老实了1080P高清
https://www.ds43.xyz/movie.php?id=6095014573074877,眼镜男家外养情人漂亮少妇温柔体贴主动身材也好最主要是口活一流J8菊花舔个遍连肏2炮得此女性福啊
https://www.ds43.xyz/movie.php?id=4885802487842739,黑衣美模诱惑挡不住一看就冲动想搞作品 美女奶子柔软身材肉肉是个操穴的尤物啪啪停不下要肾虚了720P高清
https://www.ds43.xyz/movie.php?id=1454207380302250,野狼勾搭少妇直播 激情双人啪啪秀 十分淫荡
https://www.ds43.xyz/movie.php?id=411608498543500,重温最经典的国产3P大作成熟性感美艳丝袜少妇值得撸上一发720P高清
https://www.ds43.xyz/movie.php?id=6657592249102890,魔鬼身材平面美女嫩模兼职外围高价与金主酒店啪啪,腰细屁股大,美乳干的晃来晃去,各种姿势操的呻吟浪叫.国语...
https://www.ds43.xyz/movie.php?id=6657592249102890,魔鬼身材平面美女嫩模兼职外围高价与金主酒店啪啪,腰细屁股大,美乳干的晃来晃去,各种姿势操的呻吟浪叫.国语...
https://www.ds43.xyz/movie.php?id=6552614411339164,《全国探花》雀儿满天飞重金网约兼职高颜值美女空姐，口交各种姿势草爽歪歪
https://www.ds43.xyz/movie.php?id=8829506416805089,四川妹美少年战士 跳蛋插在反应异常敏感部位 无限高潮
https://www.ds43.xyz/movie.php?id=5999552174471319,颜值不错的咖啡色美女超诱惑丝袜看了受不了鸡儿硬想搞穴作品 美女身材不错奶子屁股饱满插入享受啊720P高清
https://www.ds43.xyz/movie.php?id=5999552174471319,颜值不错的咖啡色美女超诱惑丝袜看了受不了鸡儿硬想搞穴作品 美女身材不错奶子屁股饱满插入享受啊720P高清
https://www.ds43.xyz/movie.php?id=4655487514100969,李女神超纯心动受不了硬了啪啪作品《玉女性经高清修复版》字幕佳作 两个美女都很纯颜值一流白衣打炮超激情
https://www.ds43.xyz/movie.php?id=4655487514100969,李女神超纯心动受不了硬了啪啪作品《玉女性经高清修复版》字幕佳作 两个美女都很纯颜值一流白衣打炮超激情
https://www.ds43.xyz/movie.php?id=3011797387152910,苗条长发墨镜美女网袜短裙诱惑 骚舞扭动跳蛋爆菊炮击抽插逼逼
https://www.ds43.xyz/movie.php?id=7806577887386084,最新2019网红美女软萌萝莉小仙新年首作-白猫咪的呻吟 跳蛋塞粉穴 挑逗到顶峰高潮喷水 超清1080P原版无水印
https://www.ds43.xyz/movie.php?id=9312509372830390,十大禁忌经典之一尺度很大玩弄妹子情欲刺激作品《感官世界操到世界尽头高清版》字幕佳作 露出鸡巴逼逼
https://www.ds43.xyz/movie.php?id=1095350547693669,高颜值眼镜御姐性感吊带黑丝诱惑，扭动屁股马达臀椅子上拨开内裤特写自摸，
https://www.ds43.xyz/movie.php?id=3377977008931339,新人xlx最新精品-公寓约操穿美少女战士服的性感黑丝美女,先干小穴再用丝袜美腿夹着鸡鸡操,最后射高跟鞋里....
https://www.ds43.xyz/movie.php?id=5086853271350265,新晋微博网红萌兰酱2019最新大尺度作品-黑丝电动水晶棒 粉逼肉 骚浪叫 自慰速插特写 高清1080P原版无水印
https://www.ds43.xyz/movie.php?id=4003712986595928,漂亮主播你的初恋女友 直播大秀 自慰插穴
https://www.ds43.xyz/movie.php?id=432946840301156,高颜值极品姐妹花双女秀 揉奶诱惑 妹妹绝活扩肛 互舔逼逼 69式舔 妹妹帮姐姐手指插逼自慰 非常精彩
https://www.ds43.xyz/movie.php?id=432946840301156,高颜值极品姐妹花双女秀 揉奶诱惑 妹妹绝活扩肛 互舔逼逼 69式舔 妹妹帮姐姐手指插逼自慰 非常精彩
https://www.ds43.xyz/movie.php?id=527247977443039,济南直播偷拍约啪大叔私约的高颜值模特美眉！
https://www.ds43.xyz/movie.php?id=5128351571038365,最新91新晋大神小白菜新作-约操娇嫩美乳99年小软妹 叫声好听 很听话 无套速插嫩逼随便操 高清1080P完整版
https://www.ds43.xyz/movie.php?id=9367888350971044,休闲娱乐会所嫖娼阴毛浓密很听话的黑丝小姐听俩人对白好像很熟了是个老嫖客720P高清
https://www.ds43.xyz/movie.php?id=9367888350971044,休闲娱乐会所嫖娼阴毛浓密很听话的黑丝小姐听俩人对白好像很熟了是个老嫖客720P高清
https://www.ds43.xyz/movie.php?id=2914480697363615,91粉粉之纯情学生制服主动上位骑乘，白白的屁股细细的腰，身材让人情不自禁
https://www.ds43.xyz/movie.php?id=2418775432743132,【网爆门事件】绝对真实-性欲极强的一对情侣自拍流出-高清原版无水印
https://www.ds43.xyz/movie.php?id=4371724724769592,好兴奋啊约炮美容院老板娘到家里啪啪关键时刻鸡巴硬不起来要靠姐姐用嘴辅助1080P高清无水印
https://www.ds43.xyz/movie.php?id=7023560446687043,【360稀有资源】香奈儿主题房精选-小情侣中午开个钟点房激情啪啪两炮，妹子颜值高身材好，男友上来就舔穴受不了...
https://www.ds43.xyz/movie.php?id=7023560446687043,【360稀有资源】香奈儿主题房精选-小情侣中午开个钟点房激情啪啪两炮，妹子颜值高身材好，男友上来就舔穴受不了...
https://www.ds43.xyz/movie.php?id=2872032048180699,对白淫荡下流暴力粗口霸气有钱女王陛下各种调教肥猪男和女性奴让她俩搞射到黑丝上再让女奴舔干净720P高清
https://www.ds43.xyz/movie.php?id=2872032048180699,对白淫荡下流暴力粗口霸气有钱女王陛下各种调教肥猪男和女性奴让她俩搞射到黑丝上再让女奴舔干净720P高清
https://www.ds43.xyz/movie.php?id=444640154018998,曹晓雪精品作品-酒店约操哈尔滨二人转美女演员,太骚了说：有逼不操,大逆不道,太硬了,快操受不了了!高清无水印...
https://www.ds43.xyz/movie.php?id=3759673563763499,最新情侣自拍流出-情趣黑丝套装小女友沙发上乖巧分腿让男友无套插入猛操 换学生装接着草内射 高清1080P版
https://www.ds43.xyz/movie.php?id=1750436322763562,很屌丝的四眼男宾馆约炮高颜值气质佳大学生美女援交妹眼镜哥很饥渴有口臭妹子不想亲嘴他强行亲啪啪啪过瘾了...
https://www.ds43.xyz/movie.php?id=4959002514369786,第一坊户外女主播公园草坪直接艳舞跳起来，假鸡巴贴到车门上翘起屁股就是尻
https://www.ds43.xyz/movie.php?id=9817927959375084,技术控缝隙洞中偷拍暗恋三年的女神洗澡，奶子太诱人了，好几次都想冲进去把她奸了
https://www.ds43.xyz/movie.php?id=2341693439520895,约操精致美乳完美S身材制服小护士 扛腿使劲操 不停浪叫干的啪啪响 国语对白 高清私拍66P 高清720P完整版
https://www.ds43.xyz/movie.php?id=5257520521990955,休假搞了两个质量不错的美女激情一起插作品 妹子颜值不错气质冷艳看着很想操并排一起翘臀求啪要肾虚了720P...
https://www.ds43.xyz/movie.php?id=1996847912669181,主播名叫B女孩双飞秀的2个妹子 一多互插大秀 轮流给对方用大玉米棒子插穴很是淫荡
https://www.ds43.xyz/movie.php?id=2325706407427788,百看不厌高质量美女云集肉欲鸡动搞穴作品《3D肉蒲团导演剪辑加长版》字幕佳作 妹子颜值身材一流啪啪要虚
https://www.ds43.xyz/movie.php?id=8240164397284389,风骚漂亮主播TC蕾丝爆乳佳人 一多自慰大秀 先玩灌肠 然后坐在椅子上自慰
https://www.ds43.xyz/movie.php?id=4789094626903534,某外语学院水嫩性感的大学美女被鸡巴粗大的强壮弯屌男干完嘴巴扒掉短裤直插无毛小嫩逼,掂着双腿狠狠干,逼小...
https://www.ds43.xyz/movie.php?id=3500969763845205,精选露脸抄底偷拍各种高颜值时尚妹子们
https://www.ds43.xyz/movie.php?id=7036587097682059,宅男福利PR社极品少女我是你可爱的小猫之没有男朋友只能黄瓜白嫩波霸粉嫩馒头逼自插高潮颤抖
https://www.ds43.xyz/movie.php?id=7508066720329225,平头哥宾馆约操微信勾搭了很久的医学院药学系气质性感大美女,皮肤白皙颜值高,逼毛茂盛猛扣,操的眼神迷离淫...
https://www.ds43.xyz/movie.php?id=4948894977569580,【一代嫖客】兄弟俩合伙叫鸡上门服务，喝酒聊天先把感情沟通好，回卧室啪啪插得妹子直求饶，连唿受不了赶紧射吧
https://www.ds43.xyz/movie.php?id=6634864816442132,笑容甜美可爱漂亮美乳国模丫丫大尺度私拍人体艺术生理期也不休息掰开私处任由拍摄720P高清完整原版
https://www.ds43.xyz/movie.php?id=3097052383236587,推特网红福利姬蛇信子(兔牙姐姐)一天之内约啪三位大款，穿着各种制服被爆草颜射一脸精液1080P高清无水印版
https://www.ds43.xyz/movie.php?id=3097052383236587,推特网红福利姬蛇信子(兔牙姐姐)一天之内约啪三位大款，穿着各种制服被爆草颜射一脸精液1080P高清无水印版
https://www.ds43.xyz/movie.php?id=3296043723821,清纯美女主播初音i11.25一多自慰大秀 身材很棒木耳也很粉嫩 插出好多淫水白浆
https://www.ds43.xyz/movie.php?id=8185140057466924,香港三级邱淑贞《魔鬼女集中营》
https://www.ds43.xyz/movie.php?id=8568805675022304,曾火爆整个网络的艺校舞蹈系美眉应聘系列高颜值肥臀美乳妙龄少女脱衣表演及形体展示完整版生活照11P+视频3V...
https://www.ds43.xyz/movie.php?id=4568031853996217,无码高清 刚出道的嫩模彤彤酒店被摄影师狂干小嫩逼呻吟给力-1080P高清完整版
https://www.ds43.xyz/movie.php?id=8794006016105413,神作精品三个妹子各有风情翘着屁股诱惑忍不住冲动想操作品丰满身材美臀肉肉美女太会搞吞吐鸡巴硬了
https://www.ds43.xyz/movie.php?id=8794006016105413,神作精品三个妹子各有风情翘着屁股诱惑忍不住冲动想操作品丰满身材美臀肉肉美女太会搞吞吐鸡巴硬了
https://www.ds43.xyz/movie.php?id=7418478787876666,极品高颜值女神marley 清纯OL服装到好友家玩爱 喝了红酒性感的身体挡不住性欲 被好友操向粉嫩的小穴儿 啊啊...
https://www.ds43.xyz/movie.php?id=6278795818798244,香港猥琐摄影师KK系列调教大奶嫩模【小然】口交灌肠各种道具调教
https://www.ds43.xyz/movie.php?id=2292850958183408,【重金自购】【价值千元】各大论坛网站流出的真实自拍-高清无水印（第二部）
https://www.ds43.xyz/movie.php?id=3882481977343559,山西万荣第二小学数学老师祖孙三代母子与姐夫外甥姐妹姐弟3P女同多人乱伦全套19部视频 (8)
https://www.ds43.xyz/movie.php?id=5212448374368250,“快点动起来 自己舔 没事自己看的”两个学生衣服不脱就在写字桌上草逼 貌似女孩很不情愿 可惜是个快枪手
https://www.ds43.xyz/movie.php?id=6074910615570843,【姐弟关系】圆润大奶妹子酒店啪啪，开裆黑丝性感大屁股后入套弄非常诱人
https://www.ds43.xyz/movie.php?id=8162264842540026,玲妹妹双人激情露脸小夫妻，生活不易镜头前直播啪啪，还在哺乳期奶水很多，激情爆操浪叫不断熟透了续
https://www.ds43.xyz/movie.php?id=280160820111632,91把妹哥新作-有幸摘得H杯巨乳学妹初夜续 小美女第一次破处挺主动 抓着J8往逼里塞 骑着不停的操 完美露脸
https://www.ds43.xyz/movie.php?id=280160820111632,91把妹哥新作-有幸摘得H杯巨乳学妹初夜续 小美女第一次破处挺主动 抓着J8往逼里塞 骑着不停的操 完美露脸
https://www.ds43.xyz/movie.php?id=280160820111632,91把妹哥新作-有幸摘得H杯巨乳学妹初夜续 小美女第一次破处挺主动 抓着J8往逼里塞 骑着不停的操 完美露脸
https://www.ds43.xyz/movie.php?id=280160820111632,91把妹哥新作-有幸摘得H杯巨乳学妹初夜续 小美女第一次破处挺主动 抓着J8往逼里塞 骑着不停的操 完美露脸
https://www.ds43.xyz/movie.php?id=3964156550355255,手机直播巨乳骚女情趣装黑色网袜翘起双腿扣逼道具自慰大秀呻吟诱惑不要错过
https://www.ds43.xyz/movie.php?id=753581905737519,家庭摄像头破解强开TP蜗居小两口床上啪啪边干边聊插几下再吃几口电动道具69搞的大奶妹尖叫说老公操死我了对...
https://www.ds43.xyz/movie.php?id=753581905737519,家庭摄像头破解强开TP蜗居小两口床上啪啪边干边聊插几下再吃几口电动道具69搞的大奶妹尖叫说老公操死我了对...
https://www.ds43.xyz/movie.php?id=7184939645230770,韩国最新三级片
https://www.ds43.xyz/movie.php?id=6633703494444489,大神约援交少妇私人寓所高难度姿势深喉啪啪
https://www.ds43.xyz/movie.php?id=2586945611983537,【表妹19岁】两男两女淫乱群P，大奶小萝莉轮流玩跳蛋自慰出了好多水，兄弟齐上阵把妹子们都搞高潮
https://www.ds43.xyz/movie.php?id=2586945611983537,【表妹19岁】两男两女淫乱群P，大奶小萝莉轮流玩跳蛋自慰出了好多水，兄弟齐上阵把妹子们都搞高潮
https://www.ds43.xyz/movie.php?id=73819351382553,91汤先生最新顶级佳作-气质俱佳的超短裙制服小姐姐,这一期绝对值得观看,颜值气质极高,被我内射2次.1080P版!
https://www.ds43.xyz/movie.php?id=8288450422696769,91新人xh98hx新作-南航空姐下班迫不及待与男友开房打炮 穿空姐制服激情怒操 美乳乱颤刺激 高清720P完整版
https://www.ds43.xyz/movie.php?id=7260632128454745,年度最让人羡慕的粉丝刷了一个皇冠就成功约炮良哥的炮友和她的淫骚闺蜜玩双飞良哥在旁边解说
https://www.ds43.xyz/movie.php?id=8944880785420537,小哥约炮妹子 激情啪啪大秀射屁股
https://www.ds43.xyz/movie.php?id=5970422718673944,香港超经典勾魂噩梦作品《人肉叉烧包高清修复版》字幕佳作 片子尺度很大当时看了好长时间都不适应大神啊
https://www.ds43.xyz/movie.php?id=5204428564757109,精品推荐 身材丰满美女和瘦弱男友一起玩直播 屁眼抽烟 然后口交被后入
https://www.ds43.xyz/movie.php?id=3750377800315618,屋顶摄像偷拍两对情侣开房做爱 第一对女的清纯 第二对女的性感 情趣内衣都穿上了
https://www.ds43.xyz/movie.php?id=1179122412577271,颜值不错的骚货少妇 床上跳蛋塞进逼里 震动阴蒂 假JJ插逼 自慰器震动阴蒂 叫声淫荡 高潮喷水
https://www.ds43.xyz/movie.php?id=9178094337694346,人称陈冠希直播大秀 双人激情口交啪啪
https://www.ds43.xyz/movie.php?id=1829362465068698,两个骚货妹子双女秀 轮流表演 妹妹揉奶 掰开逼逼诱惑 姐姐黑道具骑乘 后入式插 黄瓜插逼流白浆
https://www.ds43.xyz/movie.php?id=1861026892438531,老总与21岁完美身材秘书私拍无套啪啪，每次看到蝴蝶小嫩B让人超有欲望,狂插到高潮,表情淫荡真是风骚美女 ！
https://www.ds43.xyz/movie.php?id=591369625180959,【分享老婆】满足不了老婆，带6个男人回家把白嫩漂亮老婆操到抽搐高潮 这次该满足了吧
https://www.ds43.xyz/movie.php?id=7147469418123364,真实系列9-肤白奶大颜值高的漂亮美女出租屋内不小心被一个小帅哥弄晕了,各种姿势操,小穴都快干肿了！
https://www.ds43.xyz/movie.php?id=26282011531293,颜值不错短发妹子双人啪啪 毛毛浓密上位后入抽插掰开逼逼近距离特写
https://www.ds43.xyz/movie.php?id=8781061712652445,(勾引上门男技师）富婆招两男技师上门全身服务 推油+啪啪
https://www.ds43.xyz/movie.php?id=2751313988119364,颜值很不错的漂亮妹子忧郁气质挡不住一看就想狠狠揉捏啪啪猛操作品 奶子浑圆屁股诱人美女风情虚了啊720P高...
https://www.ds43.xyz/movie.php?id=2751313988119364,颜值很不错的漂亮妹子忧郁气质挡不住一看就想狠狠揉捏啪啪猛操作品 奶子浑圆屁股诱人美女风情虚了啊720P高...
https://www.ds43.xyz/movie.php?id=7313362993299961,极品爆乳网红美少女软软趴在床单上VIP超诱惑之公交车上玩跳蛋 忍住高潮的呻吟 系列私拍图片14P 高清720P版
https://www.ds43.xyz/movie.php?id=9795182966627180,纹身小青年狂草女朋友的漂亮闺蜜 激情69式 手指捅菊花
https://www.ds43.xyz/movie.php?id=795726752839982,颜值不错美女主播和炮友双人啪啪大秀 小穴粉里透红 口交啪啪
https://www.ds43.xyz/movie.php?id=1993576027452945,爱好摄影的老板高级休闲度假酒店选个肥臀美女技师拍女体写真然后鸳鸯浴挑逗玩足交口交回床激情啪啪1080P原...
https://www.ds43.xyz/movie.php?id=4466588068753481,【单单妹】被困在重庆老家的小嫩妹，偷跑出去刚露臀被发现，又到河边撒尿掰穴，回家后开始自慰插鲍鱼
https://www.ds43.xyz/movie.php?id=2779934308491647,美乳女神新版小鸟酱Kotori 最新百合系列3 情趣内衣三姐妹互玩白虎美穴 妩媚呻吟 高清私拍51P 高清720P版
https://www.ds43.xyz/movie.php?id=2779934308491647,美乳女神新版小鸟酱Kotori 最新百合系列3 情趣内衣三姐妹互玩白虎美穴 妩媚呻吟 高清私拍51P 高清720P版
https://www.ds43.xyz/movie.php?id=4977978672832251,颜值不错的肉肉美女这大屁股看了受不了冲动很想操啊 妹子丰满好身材充满肉欲插入啪啪挡不住要肾虚了720P高...
https://www.ds43.xyz/movie.php?id=4977978672832251,颜值不错的肉肉美女这大屁股看了受不了冲动很想操啊 妹子丰满好身材充满肉欲插入啪啪挡不住要肾虚了720P高...
https://www.ds43.xyz/movie.php?id=7982898112386465,91大神重庆操丰满美女两次完整作品 这个妹子质量很不错肉肉好身材乳房大屁股肥冲动是插穴的极品720P高清
https://www.ds43.xyz/movie.php?id=7982898112386465,91大神重庆操丰满美女两次完整作品 这个妹子质量很不错肉肉好身材乳房大屁股肥冲动是插穴的极品720P高清
https://www.ds43.xyz/movie.php?id=7982898112386465,91大神重庆操丰满美女两次完整作品 这个妹子质量很不错肉肉好身材乳房大屁股肥冲动是插穴的极品720P高清
https://www.ds43.xyz/movie.php?id=6872372445650399,国庆献礼-大三校妓为我服务，手法纯熟比会所的技师还要精
https://www.ds43.xyz/movie.php?id=9481454691849648,91大神佛爷用鸭王本色征服35岁健身房美少妇草到人家受不了爆粗口720P高清无水印原版
https://www.ds43.xyz/movie.php?id=5310852769762278,170CM极品外围女美女被大屌哥撕破黑丝高难度姿势猛干,趴在性感翘臀上狠狠内射,干的淫叫：太大了,受不了了!
https://www.ds43.xyz/movie.php?id=5310852769762278,170CM极品外围女美女被大屌哥撕破黑丝高难度姿势猛干,趴在性感翘臀上狠狠内射,干的淫叫：太大了,受不了了!
https://www.ds43.xyz/movie.php?id=5504729831591249,双飞新疆高颜值俩姐妹第4弹 妩媚双眼两凤争吃吊
https://www.ds43.xyz/movie.php?id=5504729831591249,双飞新疆高颜值俩姐妹第4弹 妩媚双眼两凤争吃吊
https://www.ds43.xyz/movie.php?id=5504729831591249,双飞新疆高颜值俩姐妹第4弹 妩媚双眼两凤争吃吊
https://www.ds43.xyz/movie.php?id=4985868567600846,极品妹子乔依琳苏梅岛定制众筹旅拍视频1080P高清高清无水印
https://www.ds43.xyz/movie.php?id=578592945821583,所有美女明星三级啪啪露出合集六 这一部里好多心动到不行的美女看着小翘臀还有熟悉面孔的激情戏超嗨啊
https://www.ds43.xyz/movie.php?id=3820899971760809,黑丝高跟情趣小少妇露脸，一个人寂寞在家陪狼友互动，第一次直播玩的不是很开，奶子很挺逼逼很粉，看着就想干
https://www.ds43.xyz/movie.php?id=3820899971760809,黑丝高跟情趣小少妇露脸，一个人寂寞在家陪狼友互动，第一次直播玩的不是很开，奶子很挺逼逼很粉，看着就想干
https://www.ds43.xyz/movie.php?id=2961145695298910,91蟹哥最新约炮翻版“小陈美琪”高清露脸多姿势做爱搞笑对白-1080P高清版
https://www.ds43.xyz/movie.php?id=4649185379967093,有钱大神缌先生约啪高素质温文尔雅长发美女轻轻一搞淫水就湿透内裤刚插入的一声呻吟太诱人操的说不要不要
https://www.ds43.xyz/movie.php?id=5684426776133478,大学城附近海洋主题宾馆激情夜 身材超棒眼睛骚妹喜欢骑乘做爱 美臀扭动真能叫 连操好几炮 高清720P版
https://www.ds43.xyz/movie.php?id=9585408549755812,颜值不仅高 身材还丰满很棒cwpbd64下面的小森林很密所以性欲也很强大 两个猛男轮流插到内射才能满足她
https://www.ds43.xyz/movie.php?id=9585408549755812,颜值不仅高 身材还丰满很棒cwpbd64下面的小森林很密所以性欲也很强大 两个猛男轮流插到内射才能满足她
https://www.ds43.xyz/movie.php?id=8751765931956470,苗条大长腿少妇开裆黑丝高跟鞋啪啪，口交足交后入骑乘大力猛操非常诱人，
https://www.ds43.xyz/movie.php?id=186818954534828,金牌女主播大美妞，露脸一多大秀，性感的情趣内衣苗条身材特写道具抽插，指奸菊花淫语呻吟不断
https://www.ds43.xyz/movie.php?id=2668238356709480,办公室玩小幼师 你们要看的女主来了
https://www.ds43.xyz/movie.php?id=707086613401770,大奶妹子和纹身小哥双人啪啪大秀 菊花插肛塞口交后入爆菊跳蛋塞入
https://www.ds43.xyz/movie.php?id=707086613401770,大奶妹子和纹身小哥双人啪啪大秀 菊花插肛塞口交后入爆菊跳蛋塞入
https://www.ds43.xyz/movie.php?id=707086613401770,大奶妹子和纹身小哥双人啪啪大秀 菊花插肛塞口交后入爆菊跳蛋塞入
https://www.ds43.xyz/movie.php?id=7702186829410493,『7酱老爷』 婚纱新娘 翘臀美乳 床上多体位猛操啪啪 呻吟浪叫 极致诱惑 双机位视角
https://www.ds43.xyz/movie.php?id=6753977905027568,全程记录狂操公司新来的极品小秘书 性感纹身小嫩B非常紧 多姿势爆操高潮 完美身材 高颜值露脸
https://www.ds43.xyz/movie.php?id=9848183342255652,莲女神巅峰啪啪作品《灯草和尚高清修复版》字幕佳作 几个女主颜值高乳房挺翘气质美女吸奶挡不住很冲动
https://www.ds43.xyz/movie.php?id=8946368750184774,00年大一师范女神 背着男朋友偷情 高潮到双奶抖动
https://www.ds43.xyz/movie.php?id=8946368750184774,00年大一师范女神 背着男朋友偷情 高潮到双奶抖动
https://www.ds43.xyz/movie.php?id=3578983675688505,苗条妹子约猛男草逼 身材脸蛋双一流后入插穴
https://www.ds43.xyz/movie.php?id=6661850847303867,苗条白皙妹子双头龙自慰 倒着身子双头龙抽插近距离特写 逼逼无毛1080P高清
https://www.ds43.xyz/movie.php?id=6661850847303867,苗条白皙妹子双头龙自慰 倒着身子双头龙抽插近距离特写 逼逼无毛1080P高清
https://www.ds43.xyz/movie.php?id=2293059295043349,酒店约炮上门兼职嫩妹，谈价格的聊天记录搞笑，插得太猛套子都破了重新换，妹子娇小苗条直接抱起来插
https://www.ds43.xyz/movie.php?id=1675554504618048,一区哆哆刹马哆哆 极品户外直播脱裙子尿尿诱惑极致喜欢的不要错过
https://www.ds43.xyz/movie.php?id=8229081626050174,你的肉姐一根AV棒闯天下，不断摩擦阴蒂骚逼爽到高潮喷水痉挛抽搐真她么骚，颜值还是很不错的不要错过
https://www.ds43.xyz/movie.php?id=5990575435571373,丰满骚情少妇直播大秀 双人激情口交啪啪 十分淫荡
https://www.ds43.xyz/movie.php?id=8729370846413076,最新G哥大尺度白金视频破解流出爆乳嫩模颜瑜角色扮演VR制服诱惑骚舞被玩奶1080P高清版
https://www.ds43.xyz/movie.php?id=8729370846413076,最新G哥大尺度白金视频破解流出爆乳嫩模颜瑜角色扮演VR制服诱惑骚舞被玩奶1080P高清版
https://www.ds43.xyz/movie.php?id=6659017838537693,同一个男人尻了三个不同女人的故事，客厅车震办公室男人还是活好屌大有性福
https://www.ds43.xyz/movie.php?id=5526317320764065,YYG哥微信撩了一个月终于把外企公司高颜值气质女秘书给拿下了圆润大翘臀换着花样肏她娇喘大叫我要我要
https://www.ds43.xyz/movie.php?id=2650734609924257,超火爆!斗鱼退役女战神 双生姐妹花群高清私拍与群友互动刮逼毛激情舌吻 太激情太刺激了
https://www.ds43.xyz/movie.php?id=2650734609924257,超火爆!斗鱼退役女战神 双生姐妹花群高清私拍与群友互动刮逼毛激情舌吻 太激情太刺激了
https://www.ds43.xyz/movie.php?id=3411101056262851,黎燕珊徐曼华纯妹子啪啪作品《尸蛊艳谭高清版》字幕佳作 曹大神真是享尽艳福好多高质量美女都尝过太羡慕
https://www.ds43.xyz/movie.php?id=2412708951160311,【网爆门事件】日本最年轻议员吉武昭博和女高中生性爱门之五
https://www.ds43.xyz/movie.php?id=9237100062891840,最新2020极品爆乳女神『麻酥酥哟』3月新作-销魂蓝色旗袍 巨乳翘挺 揉乳玩穴 原版私拍32P 高清720P原版首发
https://www.ds43.xyz/movie.php?id=1142167630605399,颜值不错骚气大奶妹子双人车震 后座道具JJ插摩擦逼逼出水口交非常诱人
https://www.ds43.xyz/movie.php?id=3207910256460309,韩国演艺圈卖淫偷拍悲惨事件《第二十四部》超漂亮的美女-高清无水印原版
https://www.ds43.xyz/movie.php?id=9457785049453378,少妇特别骚，在卫生间穿高跟鞋跟主人口交
https://www.ds43.xyz/movie.php?id=864067040383815,中年男云南边境贫困地区500元就包夜操了位身材颜值很不错的性感大美女,身强体壮干的妹子受不了要高潮!
https://www.ds43.xyz/movie.php?id=2949369628913700,吐血推荐 网红极品软萌萝莉小仙VIP高价付费视频1V水手服配黄瓜疯狂自慰出大量白浆1080P超清
https://www.ds43.xyz/movie.php?id=7541822548955679,性福生活啊女友高质量闺蜜裙装很诱惑一扒就可以操穴销魂受不了双飞啪啪要射虚了 妹子肉体极品猛插1080P高清
https://www.ds43.xyz/movie.php?id=7541822548955679,性福生活啊女友高质量闺蜜裙装很诱惑一扒就可以操穴销魂受不了双飞啪啪要射虚了 妹子肉体极品猛插1080P高清
https://www.ds43.xyz/movie.php?id=5349567183293402,家庭摄像头破解强开TP老公J8毛剃光了老婆帮忙检查干净不然后舔硬了主动骑上去做运动内射好风骚的人妻
https://www.ds43.xyz/movie.php?id=7817102777771652,敏感妹子香蕉自慰干出淫水下体不由自主的高潮颤抖
https://www.ds43.xyz/movie.php?id=7306193667463958,大尺度姐弟乱乱刺激啪啪情欲作品《爱很烂高清修复版》字幕佳作 妹子都挺漂亮这个片子满满全是肉欲鸡动啊
https://www.ds43.xyz/movie.php?id=5593945453874767,两闺蜜轮流到镜头前插穴自慰 很是淫荡 最后俩人一起骚舞
https://www.ds43.xyz/movie.php?id=2441277792677283,性玩具的激情盛宴 暴虐抽插调教BDSM女主 漂亮美乳 强制高潮 夹头深喉 抽插耳光 直顶花蕊 中文解说 完整版
https://www.ds43.xyz/movie.php?id=5556861977092922,某学校在校学生，比较萝莉可爱身材不错胸至少有B  各种爆菊肛交没任何反应，各种高难度姿势啪啪
https://www.ds43.xyz/movie.php?id=5556861977092922,某学校在校学生，比较萝莉可爱身材不错胸至少有B  各种爆菊肛交没任何反应，各种高难度姿势啪啪
https://www.ds43.xyz/movie.php?id=5556861977092922,某学校在校学生，比较萝莉可爱身材不错胸至少有B  各种爆菊肛交没任何反应，各种高难度姿势啪啪
https://www.ds43.xyz/movie.php?id=2755204555578530,“啊操我射给我”91大神KXS约炮东北网友辽宁张眯长发大高个开档黑丝多体位爆操对白精彩淫荡720P高清
https://www.ds43.xyz/movie.php?id=8059519054368138,3P大战双飞维密大空姐 年轻漂亮身材超棒又美又骚换了N个姿势搞得满面红润大汗淋漓
https://www.ds43.xyz/movie.php?id=702191866002976,质量sm重磅题材《字母圈国产巅峰sm调教，强制高潮、窒息失禁、捆绑SP、工具玩弄》之四
https://www.ds43.xyz/movie.php?id=6699118623510003,高颜值美少妇两男一女3P啪啪大战 上位骑乘大力猛一个干完再换另一个
https://www.ds43.xyz/movie.php?id=1482009952887892,两个骚货少妇双女秀 揉奶诱惑 舔对方逼 叠罗汉 舌吻 用道具插对方逼 轮流女上位操充气娃娃 很精彩
https://www.ds43.xyz/movie.php?id=1990312696434557,很久没播的小爽还是那么骚，全程露脸黑丝情趣奶子上有纹身，自慰一多淫声浪语，骚逼特写道具抽插，高潮不断
https://www.ds43.xyz/movie.php?id=7589000836014748,老牌网红不老童颜女神瞳孔闺床欲望高涨电动道具自慰粉嫩小骚穴私处搞了这么久还是这样粉嫩阴毛特别性感
https://www.ds43.xyz/movie.php?id=7589000836014748,老牌网红不老童颜女神瞳孔闺床欲望高涨电动道具自慰粉嫩小骚穴私处搞了这么久还是这样粉嫩阴毛特别性感
https://www.ds43.xyz/movie.php?id=3968785484321415,91新人xh98hx新作-动漫COS干物妹小埋黑丝情趣制服蒙眼睛被爆操 机巧少女不会受伤尽情抽插 高清720P完整版
https://www.ds43.xyz/movie.php?id=1324532749131322,【精选稀缺360】浪漫圆床房-颜值很高的长发妹子娇喘呻吟着说喜欢观音坐莲这个姿势 高潮时会很爽
https://www.ds43.xyz/movie.php?id=2897540107369,极品爆乳户外勾搭女神『叶子姐姐』网吧勾引两个屌丝男 约炮宾馆疯狂玩3P太刺激 前怼后操给小骚货爽翻了
https://www.ds43.xyz/movie.php?id=8812329764477909,强烈推荐本次作品-车展会上认识的超高颜值完美身材的车模 
https://www.ds43.xyz/movie.php?id=2095604906789958,玩健身的健壮华裔眼镜小哥又泡了两个少妇回寓所啪啪估计这身材能征服不少少妇
https://www.ds43.xyz/movie.php?id=5095404651947320,性感长发妹子SM情趣装黑丝高跟鞋按摩器炮击自慰大秀呻吟娇喘诱惑
https://www.ds43.xyz/movie.php?id=1544800740666687,最新PR社新晋爆乳女神夏茉果果之办公室故事 制服+爆乳+高跟+美腿+肉丝=极品女神 摸乳玩穴 高清720P完整版V1
https://www.ds43.xyz/movie.php?id=3215471045114100,一群追梦男的女混乱淫荡生活很有触感情欲鸡动了《再见歌舞伎町高清字幕版》激情佳作 妹子大乳房真实感啊
https://www.ds43.xyz/movie.php?id=1244239462539553,91猛男FY微信约啪炮友风骚老板娘味十足穿上情趣装玩自拍太猛每次都给操连续高潮满足的老公都不想要了对白刺...
https://www.ds43.xyz/movie.php?id=5175149990245700,短发可爱的妹子 床上全裸诱惑 道具双插 后入插菊花 来回抽插呻吟掰开逼逼诱惑 非常精彩
https://www.ds43.xyz/movie.php?id=5175149990245700,短发可爱的妹子 床上全裸诱惑 道具双插 后入插菊花 来回抽插呻吟掰开逼逼诱惑 非常精彩
https://www.ds43.xyz/movie.php?id=6749104028567672,高颜值美少妇双人啪啪秀 口交性感黑丝撕裆大屁股上位自己动非常诱人
https://www.ds43.xyz/movie.php?id=6749104028567672,高颜值美少妇双人啪啪秀 口交性感黑丝撕裆大屁股上位自己动非常诱人
https://www.ds43.xyz/movie.php?id=4129011812619865,精瘦小伙后入超级耐操的炮友 骚货头埋在被子撅着屁股挨操 地动床摇
https://www.ds43.xyz/movie.php?id=6027825395576656,极品身材网红嫩妹悠宝三岁大尺度自拍视图23套合集
https://www.ds43.xyz/movie.php?id=9532363433390856,气质不错高颜值靓丽妹子奶子坚挺下面粉嫩干净
https://www.ds43.xyz/movie.php?id=2545012771151960,姐妹搭档完美配合 主播 [姐妹两貌美如花] 2人4条美腿 裸体秀
https://www.ds43.xyz/movie.php?id=3584321439266205,最新流出留学生刘玥和闺蜜汪珍珍被洋帅哥康爱福一个插嘴一个插逼720P高清版
https://www.ds43.xyz/movie.php?id=8918857369571924,清纯漂亮美女17岁雨季直播大秀 双人激情啪啪
https://www.ds43.xyz/movie.php?id=8910884661599994,小姐姐平台漂亮美女甜心宝宝0403收费大秀 礼物不断高潮不断 自慰插穴很是诱人
https://www.ds43.xyz/movie.php?id=278322016820311,身材很苗条带着鸭舌帽的年轻嫩妹主播收费一多自慰大秀 身材十分高挑 激情自慰很诱人
https://www.ds43.xyz/movie.php?id=3028367888182401,阴毛剃的没几根的风骚少妇女上位和炮友啪啪啪 还自己给自己灌肠 真会玩
https://www.ds43.xyz/movie.php?id=5747201363556087,美少妇骚红内衣开裆灰丝大黑牛震动 呻吟娇喘直喊舒服戴情趣面具手指揉搓高潮喷水
https://www.ds43.xyz/movie.php?id=5009088707156479,微博网红@秦艽小彩虹VIP收费作品，下垂大奶子，手指抠双穴，各种道具自慰9V合集 (4)
https://www.ds43.xyz/movie.php?id=8001570990309119,很牛逼的虐阴狂魔小浪蹄美女5小时39分极限虐待自己阴部大奶子滴蜡要把乳头烤熟给狼粉吃夹子高跟鞋狂虐私处...
https://www.ds43.xyz/movie.php?id=9079117272049188,撸点极高的微博高人气软妹子铃铛VIP收费自拍27V整合3V粉嫩一线天馒头小穴特别爱流水3
https://www.ds43.xyz/movie.php?id=1787417833693325,对自己屁股很有信心的主播不停的翘起屁股 确实很白很翘 木耳也很漂亮
https://www.ds43.xyz/movie.php?id=8891921117901802,北京大卵哥系列-卷发混血大波妹-国语高清完整原版无水印
https://www.ds43.xyz/movie.php?id=8000824553892016,91大神xy2966528作品第2部-快捷酒店爆操穿着黑色长筒袜的骚逼小少妇，中途老公还打来电话1080P高清原版
https://www.ds43.xyz/movie.php?id=1575081781484186,风骚淫荡两姐妹 不停搓揉小穴自慰 摸完自己的还不忘去摸对方的小穴
https://www.ds43.xyz/movie.php?id=2366787828505039,香港变态摄影师和好友酒店3P美女嫩模轮流爆操美女嘴巴都快干肿了又前后双插
https://www.ds43.xyz/movie.php?id=7440454866737127,新晋网红二次元狂热美少女首爆处女新作 漂亮美乳爆奶 粉嫩美鲍 巨乳诱惑100% 高清私拍45P 高清1080P完整版
https://www.ds43.xyz/movie.php?id=7440454866737127,新晋网红二次元狂热美少女首爆处女新作 漂亮美乳爆奶 粉嫩美鲍 巨乳诱惑100% 高清私拍45P 高清1080P完整版
https://www.ds43.xyz/movie.php?id=4194860756397247,长相很是清纯漂亮嫩妹美女主播和炮友双人啪啪大秀 颜值不错身材苗条 口交啪啪
https://www.ds43.xyz/movie.php?id=1014284170232713,绿帽老公叫来表弟宾馆3P美艳网袜老婆,2个人轮流操一个比一个干的狠,内射高潮不断,淫声浪语,国语对白！
https://www.ds43.xyz/movie.php?id=9668723554350436,网红小美露脸情趣装诱惑，大鸡巴撑爆小嘴毒龙口活真爽，主动上位摩擦舔我乳头太刺激，白嫩大屁股干着真舒服
https://www.ds43.xyz/movie.php?id=1453090431168675,两个大长腿高挑妹子缠绵吸允看的冲动受不了加入一起啪啪操穴 美女颜值身材一流大屁股白嫩肉肉要硬
https://www.ds43.xyz/movie.php?id=1453090431168675,两个大长腿高挑妹子缠绵吸允看的冲动受不了加入一起啪啪操穴 美女颜值身材一流大屁股白嫩肉肉要硬
https://www.ds43.xyz/movie.php?id=4629994286224246,女神李丽珍肉肉气质心动受不了鸡鸡硬了想操作品《风尘三女字幕版》激情佳作 好多漂亮妹子各有风情冲动啊
https://www.ds43.xyz/movie.php?id=6823687516152859,【热爱高端模特】约了个少妇TP啪啪完整版，69口交骑坐抽插搞完做服务再来一炮
https://www.ds43.xyz/movie.php?id=886938581243157,极品嫩模兔兔露脸连续两场大秀直播，精彩从不间断，黑丝袜高跟鞋苗条身材，小奶子很诱人，道具插逼里呻吟
https://www.ds43.xyz/movie.php?id=886938581243157,极品嫩模兔兔露脸连续两场大秀直播，精彩从不间断，黑丝袜高跟鞋苗条身材，小奶子很诱人，道具插逼里呻吟
https://www.ds43.xyz/movie.php?id=6422858047299087,【野狼出击】偷拍网约上门的大奶兼职少妇，胸大屁股大，撸硬了开插，最喜欢抱起来抽插到高潮
https://www.ds43.xyz/movie.php?id=6422858047299087,【野狼出击】偷拍网约上门的大奶兼职少妇，胸大屁股大，撸硬了开插，最喜欢抱起来抽插到高潮
https://www.ds43.xyz/movie.php?id=6251124651171267,黑丝情趣小骚逼露脸被大哥捏着奶子吃奶，扩阴器看阴道处女膜残片，抠着屁眼用跳弹玩逼，各种姿势爆草第4弹
https://www.ds43.xyz/movie.php?id=6251124651171267,黑丝情趣小骚逼露脸被大哥捏着奶子吃奶，扩阴器看阴道处女膜残片，抠着屁眼用跳弹玩逼，各种姿势爆草第4弹
https://www.ds43.xyz/movie.php?id=8772651390172541,碰到个极品女奴 越打她越开心 屁股都开花了 还爸爸爸爸的叫真任
https://www.ds43.xyz/movie.php?id=5927055622451007,李女神颜值身材一流情欲啪啪搞穴要硬作品《爱的精灵精修版》激情佳作 妹子高质量各有风情鸡动想操肾虚了
https://www.ds43.xyz/movie.php?id=9646369502879680,最新流出公共卫生间TP刚下班的气质美女白领坐在马桶上自慰解渴纤细二指插进去捅出高潮水声清脆叫声销魂
https://www.ds43.xyz/movie.php?id=5571760418824852,(坦克出击)胖男老哥约了个白衣丰满少妇 穿上黑丝抠逼调情骑乘猛操 搞了两次
https://www.ds43.xyz/movie.php?id=1554102078080177,开档黑丝性感好身材骚话，道具插逼秀，非常有激情浪叫呻吟高潮迭起，看骚逼白浆直流，期待哥哥的大几把插进来
https://www.ds43.xyz/movie.php?id=8254396603442729,最新流出黑客破解居家摄像头下夜班回家扒下熟睡中老婆的内裤把儿子推开一边就干
https://www.ds43.xyz/movie.php?id=700470730662345,萝莉萌妹子双人秀来大姨妈第二部 屁股上写字肛塞插入翘着屁股玩弄
https://www.ds43.xyz/movie.php?id=700470730662345,萝莉萌妹子双人秀来大姨妈第二部 屁股上写字肛塞插入翘着屁股玩弄
https://www.ds43.xyz/movie.php?id=700470730662345,萝莉萌妹子双人秀来大姨妈第二部 屁股上写字肛塞插入翘着屁股玩弄
https://www.ds43.xyz/movie.php?id=686650238931179,极品美女主播爆乳丰臀跳蛋震逼 爽得高潮淫水潮喷
https://www.ds43.xyz/movie.php?id=8406690745614469,“老公你太厉害了”叫声销魂漂亮小骚妇上面吃棒棒糖下面被男友吃啪啪啪高潮乱叫体位玩遍了干3炮国语
https://www.ds43.xyz/movie.php?id=7742512845434248,91大神KXS高价微信约炮身材性感清纯可爱小美女是名幼师兼职卖肉沙发茶几爆操双机位完整版1080P超清
https://www.ds43.xyz/movie.php?id=7742512845434248,91大神KXS高价微信约炮身材性感清纯可爱小美女是名幼师兼职卖肉沙发茶几爆操双机位完整版1080P超清
https://www.ds43.xyz/movie.php?id=7742512845434248,91大神KXS高价微信约炮身材性感清纯可爱小美女是名幼师兼职卖肉沙发茶几爆操双机位完整版1080P超清
https://www.ds43.xyz/movie.php?id=807669390924274,高端约会系列-超强双飞人妻和她闺蜜自己伺候不了我喊闺蜜过来帮忙送外卖的隔着门往里看1080P无水印
https://www.ds43.xyz/movie.php?id=8700502109713852,【手机直播精品福利】主播【人间仙子2】露脸角色扮演黑丝情趣内衣，道具疯狂插逼高潮喷水淫语呻吟不断
https://www.ds43.xyz/movie.php?id=6928305355831981,咸湿房东浴室偷放摄像头偷拍大学生女租客洗澡1080P高清无水印
https://www.ds43.xyz/movie.php?id=9451839728280902,可爱大学生 刚上大一 太嫩了 下面基本是白虎 先给我足交 再手撸 最后在啪啪 太舒服了 屁股被我打得好几个手...
https://www.ds43.xyz/movie.php?id=2680726256221533,国产拳交女王周晓琳第9部榨草莓妈呀刀和叉叉也敢往逼里塞720P高清完整版
https://www.ds43.xyz/movie.php?id=576256993226707,极品身材高颜值【一个小小白】，妹子宅家无聊，穿上性感围裙厨房做饭，美乳大长腿乖乖女，私下搔首弄姿也有淫荡的一...
https://www.ds43.xyz/movie.php?id=9666999047622084,漂亮美女主播健身小西和炮友双人啪啪大秀 啪完不过瘾自慰很是淫荡
https://www.ds43.xyz/movie.php?id=1437040665186941,高价购得-广州某院校大学情侣周末约会一时没控制住在学校楼梯上扒掉美女裤子快速抽插,射了一屁股,方言对白!
https://www.ds43.xyz/movie.php?id=7603847244754434,国内牛人潜入商场女厕侧拍撅着屁股嘘嘘的眼镜美眉逼毛很性感
https://www.ds43.xyz/movie.php?id=204976177774369,【网曝门事件】韩国知名网红『雪熙』和男友性爱私拍流出 极品身材高潮浪叫 女神饥渴扭动 高清720P原版收藏
https://www.ds43.xyz/movie.php?id=2243444924242794,最新极品爆乳大奶妹与男友性爱私拍流出 楼道后入啪啪 跪舔深喉 街头露出 高清私拍720P 高清1080P原版无水印
https://www.ds43.xyz/movie.php?id=8947888882830739,【重磅推荐】推特大神DOM高质量出品剧情调教刚下班回家的OL 炮机自慰棒轮番插小穴很是精彩
https://www.ds43.xyz/movie.php?id=1407523122616112,高颜值长发妹子【西西想嘿咻】和炮友激情啪啪，舔菊口交拨开内裤骑乘
https://www.ds43.xyz/movie.php?id=3899661106988787,长焦距TP公园小树林衣服露个洞的白发老大爷嫖野鸡双手抓着乳房啪啪啪内射还要不停观望周围是否有人
https://www.ds43.xyz/movie.php?id=3961682515218854,苗条骚气眼镜妹子双人啪啪秀第二部 互摸口交上位骑乘后入多种姿势啪啪 呻吟诱惑
https://www.ds43.xyz/movie.php?id=6565757682546973,半老徐娘 吊钟大奶骚货老女人 越老越骚 假JJ插屁眼 手指揉阴蒂 骑乘 拳交 道具双插 特别会玩 高潮迭起
https://www.ds43.xyz/movie.php?id=6565757682546973,半老徐娘 吊钟大奶骚货老女人 越老越骚 假JJ插屁眼 手指揉阴蒂 骑乘 拳交 道具双插 特别会玩 高潮迭起
https://www.ds43.xyz/movie.php?id=6565757682546973,半老徐娘 吊钟大奶骚货老女人 越老越骚 假JJ插屁眼 手指揉阴蒂 骑乘 拳交 道具双插 特别会玩 高潮迭起
https://www.ds43.xyz/movie.php?id=104772872291505,价值166元爆乳完具美少女最新VIP会员版爆乳高跟鞋小护士黑丝过膝袜 窗边口交假J8 高潮抽搐喷水 高清720P版
https://www.ds43.xyz/movie.php?id=3833952033892274,91爱思小仙女思妍最新豪华精品原创大作-潜规则165cm车展女模特 -1080P高清完整
https://www.ds43.xyz/movie.php?id=1758492137305438,最新2019极品爆乳女神『完具妖姬』VIP定制版-空姐制服魅惑 爆裂黑丝 道具速插粉穴 妩媚呻吟 高清720P完整版
https://www.ds43.xyz/movie.php?id=4679047111421824,最新极品爆乳女神私人玩物VIP版之情欲粉红 长屌JJ速插粉穴美鲍 玩出白浆高潮浪叫 高清720P原版无水印
https://www.ds43.xyz/movie.php?id=1288583893328905,内衣超性感的丝袜高跟大长腿良家美女背着老公偷偷出来兼职做楼凤,撕破丝袜狠狠干,最后满足的说：你好厉害啊!
https://www.ds43.xyz/movie.php?id=1288583893328905,内衣超性感的丝袜高跟大长腿良家美女背着老公偷偷出来兼职做楼凤,撕破丝袜狠狠干,最后满足的说：你好厉害啊!
https://www.ds43.xyz/movie.php?id=301861949265003,女神翁虹肉欲风情高质量肚兜诱惑挡不住鸡巴很硬想操作品《性爱禁宫秘史高清修复版》字幕佳作 肉肉冲动啊
https://www.ds43.xyz/movie.php?id=8979386249557137,皮肤白皙高颜值的亚裔美眉电击大秀表情丰富爽的疯狂乱抖
https://www.ds43.xyz/movie.php?id=4871206716634333,最近啪啪上瘾的极品美女『你的佟亚丽』再约热门探花疯狂啪啪 无套插穴出白浆 没过瘾带套自嗨玩穴高潮
https://www.ds43.xyz/movie.php?id=4562151483260095,猎美工作室 萝莉的遭遇，捕获双马尾娇萌萝莉
https://www.ds43.xyz/movie.php?id=332059627398848,这个小美女越看越有味道灵动气质超有感觉很想搞啪啪作品《激烈的爱高清修复字幕版》激情佳作 凹凸鸡动啊
https://www.ds43.xyz/movie.php?id=2483062953688204,国内精品小骚货大战双肥男这次干的少妇直喊爹，中间还来个肉夹馍
https://www.ds43.xyz/movie.php?id=2111744410358369,难得一见的纯天然白虎馒头逼被外籍同学男友大屌爆操 小骚货全身三洞被都操个遍 好逼都让外国狗操了 可惜了
https://www.ds43.xyz/movie.php?id=2769204317592084,系列哥 女友客厅迷恋韩剧 卧室偷操迷醉闺蜜 身材超棒高跟黑丝 无套插入操醒还很配合继续操 超清1080P原版无...
https://www.ds43.xyz/movie.php?id=9327150075696408,疑似某平台直播主迷了俩少妇？一个拍摄一个干，其中一个剖腹产
https://www.ds43.xyz/movie.php?id=7549954378046095,完美主角，第一次约长发极品模特拍摄，大长腿好性感风骚女上位爆草
https://www.ds43.xyz/movie.php?id=9942963174544274,六爷新作大干首次兼职的学妹 衬衫制服小短裙圆润坚挺双峰推倒猛操无套内射
https://www.ds43.xyz/movie.php?id=4601574456319213,颜值高身材高美女主播 收费直播大秀 无毛粉穴 自慰插穴淫水湿润
https://www.ds43.xyz/movie.php?id=4140032329596579,仙气十足的精致小姐姐心动一看就想操啪啪刺激作品 美女腿很好看真嫩啊大屌插入粉穴看的刺激性奋要硬720P高...
https://www.ds43.xyz/movie.php?id=9301657481119036,仁哥洗头厮混上的美容院老板娘离异多年如狼似虎之年身材保养的还不错1080P高清版
https://www.ds43.xyz/movie.php?id=9784855665639042,女神美乳18岁的人生 第一次3P 此逼算得上是上等美鲍
https://www.ds43.xyz/movie.php?id=2094502612017095,高颜值身材好骚气纹身妹子和炮友双人大秀
https://www.ds43.xyz/movie.php?id=6615996235050261,东哥宾馆干轻熟女人妻少妇店让老公看着自己出来约会炮友黑丝大肥屁股相当败火东北话对白搞笑淫荡1080P原版
https://www.ds43.xyz/movie.php?id=3579207859002053,网贷借钱需谨慎傲娇萌萌放高利贷的大哥找了2个还不起钱的小姐姐 宾馆 双飞肉偿
https://www.ds43.xyz/movie.php?id=3579207859002053,网贷借钱需谨慎傲娇萌萌放高利贷的大哥找了2个还不起钱的小姐姐 宾馆 双飞肉偿
https://www.ds43.xyz/movie.php?id=3440501056611538,91KK哥-绝版之-番号[S01E01]-96年CJ平面模特小杨幂,太像了,还真以为是操到她本人了.720P高清版！
https://www.ds43.xyz/movie.php?id=7477920013479888,牛逼的大屌哥第三季，中午午休时间办公室调情女秘书，办公桌前口活爆草直接干到了沙发上 花样多多
https://www.ds43.xyz/movie.php?id=1965556573122739,精灵般的苗条妹子学习不会烦躁打一炮就爽了 美女身材很精致颜值不错啪啪操起来刺激随意把玩真会玩720P高清
https://www.ds43.xyz/movie.php?id=2675168733112514,大屁股肉肉美女尤物啊一看就冲动想操啪啪作品 妹子颜值高嫩身材火辣欲望挡不住硬了真想插入进去720P高清
https://www.ds43.xyz/movie.php?id=2675168733112514,大屁股肉肉美女尤物啊一看就冲动想操啪啪作品 妹子颜值高嫩身材火辣欲望挡不住硬了真想插入进去720P高清
https://www.ds43.xyz/movie.php?id=8285270966589451,贵在真实-先把淫荡人妻弄出水，勾引美团和饿了么两家的外卖小哥，怕发现躲柜子全程偷拍直播
https://www.ds43.xyz/movie.php?id=7325076102279127,91大黄鸭最新流出第19部露脸啪啪高筒丝袜高颜值大学生美女 半身丝袜很有诱惑感 穿上可以性欲大增 干死她
https://www.ds43.xyz/movie.php?id=5425356673076749,海归帅哥大黄鸭榻榻米大战169性感漂亮的灰丝高跟学院派美女720P高清无码露脸完整版
https://www.ds43.xyz/movie.php?id=4510628371499479,性感眼镜御姐热舞自慰大秀，脱衣舞椅子翘屁股道具假屌抽插非常诱人
https://www.ds43.xyz/movie.php?id=837188079021871,一群叼男出钱找美女操穴拍片刺激啪啪作品《青春梦工厂高清精修版》字幕佳作 妹子气质纯纯丰满奶子不错
https://www.ds43.xyz/movie.php?id=4122670455835759,对白淫荡母子乱伦骚妈性感情趣皮衣高跟被儿子无套内射把沙发都弄脏了
https://www.ds43.xyz/movie.php?id=441680289804935,欧美极品高颜值看着就想撸的欲望
https://www.ds43.xyz/movie.php?id=6720157233066857,骚浪的蝴蝶逼小野猫微露脸情趣内衣直播大秀，阴毛都修过道具抽插骚逼特写给你看，每次都玩到自己高潮
https://www.ds43.xyz/movie.php?id=8165097776800394,咪咪又大又挺的纹身淫娃穿格式情趣制服自慰性爱视讯-高清720P无水印（第五部）
https://www.ds43.xyz/movie.php?id=2681990643031895,精选裸贷特别档女神级别主角三，大眼萌妹上下皆粉，身材苗条乳房盈盈而握
https://www.ds43.xyz/movie.php?id=6036763861775398,颜值不错身材高挑气质美女一多自慰大秀 穿着情趣内衣 激情自慰
https://www.ds43.xyz/movie.php?id=2929794448427856,地铁站露脸抄底大长腿肉丝粉内气质高冷的漂亮女神
https://www.ds43.xyz/movie.php?id=394208850339055,真实车震自拍 这大白屁股操不够啊 这是玩的什么体位
https://www.ds43.xyz/movie.php?id=3431767080910504,【淘精岁月】山东小伙下午带两个美女酒店双飞，身材苗条颜值高，做爱配合好很懂男人有情趣，做游戏连续操体力真是...
https://www.ds43.xyz/movie.php?id=3431767080910504,【淘精岁月】山东小伙下午带两个美女酒店双飞，身材苗条颜值高，做爱配合好很懂男人有情趣，做游戏连续操体力真是...
https://www.ds43.xyz/movie.php?id=3431767080910504,【淘精岁月】山东小伙下午带两个美女酒店双飞，身材苗条颜值高，做爱配合好很懂男人有情趣，做游戏连续操体力真是...
https://www.ds43.xyz/movie.php?id=4599261796101928,清纯小妖精TS美巧性感SM衣服，大屌早已饥渴，直男菊花已为美妖备好，艹得直男好舒服！！
https://www.ds43.xyz/movie.php?id=8929311241954565,回头率超高主播连体黑丝黄瓜插逼大秀 对白淫荡
https://www.ds43.xyz/movie.php?id=3816347722895443,隔壁老王在外面乱搞被老婆请来两个女主大惩罚吊起鸡巴用电电奶子逼着喝尿被电的表情太鸡巴搞笑了
https://www.ds43.xyz/movie.php?id=3816347722895443,隔壁老王在外面乱搞被老婆请来两个女主大惩罚吊起鸡巴用电电奶子逼着喝尿被电的表情太鸡巴搞笑了
https://www.ds43.xyz/movie.php?id=4693152117542922,长腿女神PRINC经典收藏 风俗女郎被肉棒打脸 毒龙钻认真舔我屁眼 小女警COS里面没穿内裤
https://www.ds43.xyz/movie.php?id=5368125303648412,精选露脸抄底偷拍各种高颜值时尚妹子们 (6)
https://www.ds43.xyz/movie.php?id=5634793806821108,温馨主题宾馆猥琐屌丝真性福啪啪啪清纯可爱小美女吃点东西再缠绵打炮抱起来干肏了两回娇嫩呻吟
https://www.ds43.xyz/movie.php?id=619494775310158,玩妞高手性福小胖摄像头自拍与几位前女友啪啪私拍，分手后自做合集流出，太不是东西
https://www.ds43.xyz/movie.php?id=2867013127543032,偏僻小树林前进帽老大爷嫖野鸡大妈双手按着大白奶子啪啪啪没怎么剧烈推送就内射了完事给钱就走
https://www.ds43.xyz/movie.php?id=1508560893125832,白衣大奶少妇直播公厕尿尿 小露逼逼微毛看着非常诱人
https://www.ds43.xyz/movie.php?id=7831645878031850,微博性感玩物萝莉猫奴酱 无内短发 淫荡诱惑 漂亮美乳 高清肛塞扩阴淫荡求操私拍17P 高清1080P完整无水印版
https://www.ds43.xyz/movie.php?id=7831645878031850,微博性感玩物萝莉猫奴酱 无内短发 淫荡诱惑 漂亮美乳 高清肛塞扩阴淫荡求操私拍17P 高清1080P完整无水印版
https://www.ds43.xyz/movie.php?id=2677007196471095,SWAG长腿女神『妮妮』闺蜜18岁弟弟偷看姐姐洗澡 真实破处疯狂射精
https://www.ds43.xyz/movie.php?id=2677007196471095,SWAG长腿女神『妮妮』闺蜜18岁弟弟偷看姐姐洗澡 真实破处疯狂射精
https://www.ds43.xyz/movie.php?id=4258365565910935,【泄密短视频版】-四组黑客入侵云盘盗图影外流（第三部）
https://www.ds43.xyz/movie.php?id=341868326067924,四哥约个漂亮外围嫩妹去开房，妹子说只要超40分钟不收钱，身材苗条颜值高，被插得高潮呻吟不断，新姿势不停换
https://www.ds43.xyz/movie.php?id=1410836456343531,气质骚妇高级按摩服务
https://www.ds43.xyz/movie.php?id=9948950107209384,大一学姐 双人激情啪啪大秀 完事洗澡很是诱人
https://www.ds43.xyz/movie.php?id=3509758552536368,高价约的两位在校大学生穿上古装旗袍黑丝四条丝足摩擦我的弟弟,射在嫩足脚心里面
https://www.ds43.xyz/movie.php?id=5831522718071938,某大神归隐前大作-酒店约操高颜值性感美女撕破黑丝狠狠操,怎么干都不射,美女说：你怎么这么厉害,再快点,好痒...
https://www.ds43.xyz/movie.php?id=5831522718071938,某大神归隐前大作-酒店约操高颜值性感美女撕破黑丝狠狠操,怎么干都不射,美女说：你怎么这么厉害,再快点,好痒...
https://www.ds43.xyz/movie.php?id=6983204334974289,新人颜值美女主播收费直播大秀 颜值高身材好 无毛木耳自慰插穴 淫水多多
https://www.ds43.xyz/movie.php?id=8690719888545573,颜值不错大白美乳妹子双人啪啪 按摩器插入自己玩弄口交骑乘大力猛操
https://www.ds43.xyz/movie.php?id=2219537948258221,身材超正的人气无毛showgirl道具肛塞自慰至高潮
https://www.ds43.xyz/movie.php?id=2219537948258221,身材超正的人气无毛showgirl道具肛塞自慰至高潮
https://www.ds43.xyz/movie.php?id=5944785960018635,大闸蟹 高价网约女神范极品性感援交女宾馆啪啪,颜值高,身材匀称性感,扑倒床上撕破丝袜用力狠狠干,操的呻吟...
https://www.ds43.xyz/movie.php?id=5944785960018635,大闸蟹 高价网约女神范极品性感援交女宾馆啪啪,颜值高,身材匀称性感,扑倒床上撕破丝袜用力狠狠干,操的呻吟...
https://www.ds43.xyz/movie.php?id=7709941924549639,老乌龟原创露脸淫荡师姐风骚来袭性感制服跳艳舞霸气倒立式吃肉棒哼哼唧唧爽翻了黑丝大屁股淫水超多1080P原...
https://www.ds43.xyz/movie.php?id=5542218680493534,高颜值苗条双女戴上道具JJ啪啪秀 吊带丝袜道具大JJ后入骑乘抽插呻吟娇喘
https://www.ds43.xyz/movie.php?id=8928636247292161,骚逼婊子老婆家里给我口交口爆 淫词浪语 1080P高清
https://www.ds43.xyz/movie.php?id=7882547401823103,对白淫荡网红静儿剧情演绎之黑靴灰丝会所小姐被客户下了媚药 用假鸡巴疯狂插穴浪叫 淫水白浆 高清720P完整...
https://www.ds43.xyz/movie.php?id=63099991530179,富二代匪帽男爆操学院派马尾辫美女身材真好乳房很嫩透明蕾丝高跟丝袜肏的娇喘呻吟惹人怜爱沙发操到地板在干...
https://www.ds43.xyz/movie.php?id=4231222392991185,超正点尤物美女模特高清私拍 肥嫩鲍鱼粘满淫液近距离掰穴特写水润润的超诱人
https://www.ds43.xyz/movie.php?id=8219030429609120,纹身小哥和大奶妹子双人秀 舔奶子口交尾巴肛塞插菊花翘着屁股玩弄
https://www.ds43.xyz/movie.php?id=8219030429609120,纹身小哥和大奶妹子双人秀 舔奶子口交尾巴肛塞插菊花翘着屁股玩弄
https://www.ds43.xyz/movie.php?id=8219030429609120,纹身小哥和大奶妹子双人秀 舔奶子口交尾巴肛塞插菊花翘着屁股玩弄
https://www.ds43.xyz/movie.php?id=8219030429609120,纹身小哥和大奶妹子双人秀 舔奶子口交尾巴肛塞插菊花翘着屁股玩弄
https://www.ds43.xyz/movie.php?id=4937222376465797,淫荡表妹臣服在我的弯屌胯下 大一骚表妹人骚逼紧 安全期无套直插淫水流 交合抽插特写 高清1080P原版无水印
https://www.ds43.xyz/movie.php?id=2668032282963395,干练短发白嫩居家寂寞美少妇开直播跟狼粉聊天教科为什么女的第一次不流血洗澡挑逗用刀片剪刀修理阴毛好骚的...
https://www.ds43.xyz/movie.php?id=6077571092173457,颜值不错骚气少妇开裆黑丝道具自慰 拨开丁字裤跳蛋拉扯呻吟娇喘厕所尿尿
https://www.ds43.xyz/movie.php?id=3954973001964390,91玩女大神酒店一王两后玩3P黑丝肉丝姐妹花给个假屌让她俩互搞真假鸡巴一起上玩的啊啊叫个不停720P高清
https://www.ds43.xyz/movie.php?id=3954973001964390,91玩女大神酒店一王两后玩3P黑丝肉丝姐妹花给个假屌让她俩互搞真假鸡巴一起上玩的啊啊叫个不停720P高清
https://www.ds43.xyz/movie.php?id=3954973001964390,91玩女大神酒店一王两后玩3P黑丝肉丝姐妹花给个假屌让她俩互搞真假鸡巴一起上玩的啊啊叫个不停720P高清
https://www.ds43.xyz/movie.php?id=7551504750736058,台湾SWAG大学生美女『娜娜』极限大屌肛交 挑战双穴又痛又爽让人家爱不释手
https://www.ds43.xyz/movie.php?id=7551504750736058,台湾SWAG大学生美女『娜娜』极限大屌肛交 挑战双穴又痛又爽让人家爱不释手
https://www.ds43.xyz/movie.php?id=9203502400778234,头条女神曼苏和土豪酒店草逼视频高清无水印原版流出
https://www.ds43.xyz/movie.php?id=1501817312091589,扎着两个辫子大白美乳妹子口交啪啪 上位骑乘抽插妹妹也过来一起玩
https://www.ds43.xyz/movie.php?id=4939899928867817,最新流出身材纤细白嫩高颜值无毛援交美女被土豪匪帽男玩弄啪啪啪无套内射呻吟声一流撸点很高
https://www.ds43.xyz/movie.php?id=8521551289595664,风骚有韵味的少妇 椅子上大茄子插逼自慰秀 超大炮机插逼快速抽插 享受快感 道具双插 非常精彩
https://www.ds43.xyz/movie.php?id=6684414320625365,甜甜的清纯妹子露脸长得真好看，身材没得说最喜欢她坚挺的奶子，骚逼菊花特写手指插逼自慰很有诱惑力，呻吟可射
https://www.ds43.xyz/movie.php?id=8308187797665596,女神温碧霞高颜值心动欲望冲动啪啪搞穴作品《惊变高清版》字幕佳作 妹子妖娆这脸蛋看了就忍不住硬了想操
https://www.ds43.xyz/movie.php?id=3498250851407647,『草莓味的软糖呀』主人的小女仆 蝴蝶结乳夹 小尾巴肛塞 小穴流水特写
https://www.ds43.xyz/movie.php?id=3012178665958345,火爆高端约会系列-蕾丝情趣内衣车模Amy,无套口爆内射,沙发镜子边上后入玩个遍,.最后强行内射了.1080P原版!
https://www.ds43.xyz/movie.php?id=1434613452292978,猛男长的大鸡 直捣黄龙，绝顶高潮新体验，快速啪啪呻吟销魂
https://www.ds43.xyz/movie.php?id=6124996067956090,口活不错皮肤白皙少妇双人啪啪 口交扣逼上位套弄抽插毛毛浓密
https://www.ds43.xyz/movie.php?id=649905120953917,高颜值逼逼无毛白虎妹子双人啪啪 跳蛋塞入69口交上位后入大力猛操
https://www.ds43.xyz/movie.php?id=5810794029384851,最新逆天重装坦克G奶爆乳『小野猫』大尺度性爱私拍流出 F键插入 S级巨乳 速插浪叫 高清720P版
https://www.ds43.xyz/movie.php?id=4403625708073377,最新台湾极品D奶网红羽沫『口爆百人斩』爆乳妞诱惑视频 爱欲交缠 激情挑逗坏坏性游戏 高清720P原版无水印
https://www.ds43.xyz/movie.php?id=4076711460947990,香港变态摄影师和好友酒店3P美女嫩模第2部,2人轮流爆操美女嘴巴都快干肿了又前后双插,太过了把她玩生气了!
https://www.ds43.xyz/movie.php?id=9759806757792830,漂亮小骚逼不停的吃鸡巴，被男的用手指扣到高潮，然后狠狠的操她，叫的好淫荡
https://www.ds43.xyz/movie.php?id=8654592433013022,各式姿势爆操会日语叫床的极品学生妹 从房间到客厅干了三次 最后骑马师的招式射进去 听叫声都能射的小骚货
https://www.ds43.xyz/movie.php?id=6437241681851447,国内露脸抄底逛商场的极品妹子，都是大长腿颜值超高的
https://www.ds43.xyz/movie.php?id=1327478135935962,七月流出破解养生馆网络监控摄像头偷拍大奶少妇全裸推油刮痧
https://www.ds43.xyz/movie.php?id=8080649748444557,【重磅出击】微博网红『虐点伢』SM调教 舔脚 肛交滴蜡 喝尿花臂纹身 堕落母狗历程附23P
https://www.ds43.xyz/movie.php?id=8080649748444557,【重磅出击】微博网红『虐点伢』SM调教 舔脚 肛交滴蜡 喝尿花臂纹身 堕落母狗历程附23P
https://www.ds43.xyz/movie.php?id=4389897901564836,约炮可爱的齐刘海小师妹，第一次看到这么大的屌不知如何下口，真是蠢萌蠢萌的！
https://www.ds43.xyz/movie.php?id=8638968709856272,私密保健会所【SPA养生之道】美女被弄到高潮双腿张开主动迎合 差点就喷了
https://www.ds43.xyz/movie.php?id=8638968709856272,私密保健会所【SPA养生之道】美女被弄到高潮双腿张开主动迎合 差点就喷了
https://www.ds43.xyz/movie.php?id=1855080849491059,这样的生活很性福淫荡姐妹花全部操了刺激啪啪作品《年轻的姐夫高清版》激情佳作 身材不错骚浪太鸡儿爽了
https://www.ds43.xyz/movie.php?id=5365725955925882,短发御姐也可以这么诱惑鸡动作品 美女肉肉身材齐全奶子大软想吸，拍打屁股操穴销魂让人冲动刺激720P高清
https://www.ds43.xyz/movie.php?id=5365725955925882,短发御姐也可以这么诱惑鸡动作品 美女肉肉身材齐全奶子大软想吸，拍打屁股操穴销魂让人冲动刺激720P高清
https://www.ds43.xyz/movie.php?id=9027048936113716,欠下巨额债务被套路的大学白嫩小师妹,绝望无助的眼神给强行内射两回!我也好像参加进来呀！！
https://www.ds43.xyz/movie.php?id=9617778826504946,【萝莉和御姐姐妹花】酒店约炮4P啪啪，浴室洗澡双人口交边舔边后入
https://www.ds43.xyz/movie.php?id=6001142445020378,风月海棠 摸醒我 我就艹到你想尿尿 听声可撸
https://www.ds43.xyz/movie.php?id=1301174201071262,十八岁双马尾可爱的小妹妹酒店援交赚钱被操的哇哇叫，赚钱不容易
https://www.ds43.xyz/movie.php?id=7473337030969560,两个戴着眼镜的姐妹花双女秀 轮流表演 漏奶诱惑 姐姐用黑JJ骑乘 小震动棒后入插逼自慰 妹妹掰逼诱惑
https://www.ds43.xyz/movie.php?id=201647840440273,91再回到从前剧情大片-出差四川认识的熟女附完整聊天截图 -1080P高清完整版
https://www.ds43.xyz/movie.php?id=1536516328342259,对白有趣淫荡最近大补的嫖鸡达人欲望强烈叫了两个母女俩玩双飞轮着操女儿身材不错奶子坚挺爽歪歪干的乐开花
https://www.ds43.xyz/movie.php?id=1536516328342259,对白有趣淫荡最近大补的嫖鸡达人欲望强烈叫了两个母女俩玩双飞轮着操女儿身材不错奶子坚挺爽歪歪干的乐开花
https://www.ds43.xyz/movie.php?id=1536516328342259,对白有趣淫荡最近大补的嫖鸡达人欲望强烈叫了两个母女俩玩双飞轮着操女儿身材不错奶子坚挺爽歪歪干的乐开花
https://www.ds43.xyz/movie.php?id=6631981870159507,经典美女高质量满满肉欲沉沦刺激淫荡聚会挡不住要硬作品《聚会的目的高清精修版》字幕佳作 出轨车震爽啊
https://www.ds43.xyz/movie.php?id=5768008334562182,极品美乳女神魅心宿营帐篷内玩嫩逼美乳 高潮浪叫呻吟 到车上接着玩 淫语对白 完美露脸 高清1080P完整版
https://www.ds43.xyz/movie.php?id=6916963187977672,和刚结婚的娇妻在卫生间里高清露脸打炮
https://www.ds43.xyz/movie.php?id=9372070999816060,两个美女爱上一个男人怎么办当然是一起操了啪啪作品《性本爱高清版》字幕佳作 气质妹子大尺度鸡动硬了啊
https://www.ds43.xyz/movie.php?id=1885765716433525,《小m寻找主人》 两个风骚御姐型少妇姐妹花和粉丝口交操逼群P
https://www.ds43.xyz/movie.php?id=9400432757101954,苗条身材双马尾面罩妹子双人啪啪 丝袜上位骑乘抽插拉着连个辫子后入 很是诱惑不要错过
https://www.ds43.xyz/movie.php?id=4325944464653730,百看不厌经典高质量白嫩美女好身材勾搭挡不住硬了要操虚作品《艳魔大战高清修复版》字幕佳作 颜值冲动啊
https://www.ds43.xyz/movie.php?id=6603338327258825,自购分享史上最牛真实下药迷J原创作品 超级各种玩法 颜值高奶子大
https://www.ds43.xyz/movie.php?id=7532806983217597,丝袜控表哥高价雇个坐台小姐穿上高跟丝袜啪啪108P高清无水印
https://www.ds43.xyz/movie.php?id=9972508708015084,女王的3P超会享受，房间内遛狗道具捅屁眼，床上上位享受，下面还有个贱奴给舔超刺激
https://www.ds43.xyz/movie.php?id=2938509397208690,逼逼嫩的受不了的丰满妹子粉嫩嫩鸡动想操作品 美女这样的肉肉好身材插入绝对爽大长腿美穴搞虚了啊720P高清
https://www.ds43.xyz/movie.php?id=1605169232934713,农村女人结婚早 第一次背叛老公 小穴依然还很嫩
https://www.ds43.xyz/movie.php?id=5611643921583891,最新流出童颜混血大眼美女收官之作所有作品精华版合集最精彩最刺激的部分口爆吞精肛交内射非常过瘾
https://www.ds43.xyz/movie.php?id=5611643921583891,最新流出童颜混血大眼美女收官之作所有作品精华版合集最精彩最刺激的部分口爆吞精肛交内射非常过瘾
https://www.ds43.xyz/movie.php?id=7018606504425406,当着妹妹的面抚摸鸡巴勾引挡不住妹子舔吸吞吐刺激啪啪插入作品 真会玩揉捏动作猛烈操穴受不了要射啊720P高...
https://www.ds43.xyz/movie.php?id=2970213568769395,【网曝门事件】大三小情侣宾馆开房激情啪啪视频手机丢失不慎流出 后入猛操 跪舔裹射 完美露脸 高清1080P版
https://www.ds43.xyz/movie.php?id=2970213568769395,【网曝门事件】大三小情侣宾馆开房激情啪啪视频手机丢失不慎流出 后入猛操 跪舔裹射 完美露脸 高清1080P版
https://www.ds43.xyz/movie.php?id=5784949576482177,大神四哥江湖回归宾馆大战夜店高跟黑丝兔女郎 非常漂亮玩完跳蛋多姿势随便操 完美露脸 高清720P完整版
https://www.ds43.xyz/movie.php?id=9075141130015254,双飞新疆高颜值俩姐妹第5弹 妩媚双眼两凤争吃吊
https://www.ds43.xyz/movie.php?id=9075141130015254,双飞新疆高颜值俩姐妹第5弹 妩媚双眼两凤争吃吊
https://www.ds43.xyz/movie.php?id=9075141130015254,双飞新疆高颜值俩姐妹第5弹 妩媚双眼两凤争吃吊
https://www.ds43.xyz/movie.php?id=984329991042614,身材丰满双人直播 近景特写激情啪啪 十分淫荡
https://www.ds43.xyz/movie.php?id=2221470167860388,最新极品爆乳女神『隔壁小姐姐』会员版之皮裙爆乳女神吃香蕉的故事 这口活爽啊 高清私拍34P 高清720P版
https://www.ds43.xyz/movie.php?id=671045486815273,国产洗澡偷拍合集系列20 夜晚冒死爬天窗偷拍两个漂亮的打工妹洗澡
https://www.ds43.xyz/movie.php?id=4492379552684724,家庭摄像TP蜗居一家三口地方有限只好当孩子面偷过夫妻生活孩子看电视媳妇看平板老公看手机下面啪啪最后关灯...
https://www.ds43.xyz/movie.php?id=9967393125407398,超美女神级别妹纸舔jj好销魂，活很棒，跳蛋加口爆玩的很爽-高清720P
https://www.ds43.xyz/movie.php?id=2102203858084976,这哥们是真猛，自己玩三个年轻嫩妹，暴力性虐抠逼草嘴绝对够刺激，一个轮草三女姿势真不少，呻吟可射
