https://www.ds76.xyz/movie.php?id=7101508630439639;女神邱淑贞这一部的尺度很大受不了鸡动硬了作品《慈禧秘密生活超全完整版》字幕佳作 肉欲好身材要射尤物;[04-19]
https://www.ds76.xyz/movie.php?id=364976795390248;乖巧萝莉‘姐姐’TS张思妮性感黑丝包裹着大鸡鸡，情不自禁往下面摸去隐隐发烫 啊嗯嗯~拿剪刀开了个洞，好想被舔...;[04-19]
https://www.ds76.xyz/movie.php?id=8573495396412909;高颜值长相清纯萌妹子KIKI第二部 黑色道具JJ抽插自慰高潮喷水逼逼无毛很是诱惑;[04-19]
https://www.ds76.xyz/movie.php?id=4396973806433379;偷情的娇喘女神美女被情人大鸡巴操的欲仙欲死的喊：我爱你的大鸡巴,爽!国语淫荡对白;[04-19]
https://www.ds76.xyz/movie.php?id=9287490826100112;约啪缺钱买LV包的爆乳大三学妹援交做爱 黑丝长腿足交乳交口交打炮各种玩弄 高清私拍81P 高清720P完整版;[04-19]
https://www.ds76.xyz/movie.php?id=7389659807085991;淫叫绝对刺激的哥哥嫂嫂三个人玩啪啪啪操的淫水泛滥干完这个干另一个对白精彩好像是河南口音;[04-19]
https://www.ds76.xyz/movie.php?id=84577105008065;魔鬼身材的豪乳单亲妈妈喷奶表演秀赚奶粉钱，儿子还在一边哭闹呢也不给吃奶真浪费;[04-19]
https://www.ds76.xyz/movie.php?id=9548371667042374;91文哥高级私人会所重金体验身材高挑气质佳混血美女公关叫声一流干的胡言乱语说操我逼干我老公对白淫荡;[04-19]
https://www.ds76.xyz/movie.php?id=9415541724301874;性感‘御姐’TS蜜芽菊花穴镶钻，双腿夹住棒棒骚的浪叫，插穴非常舒服！;[04-19]
https://www.ds76.xyz/movie.php?id=2768732155673206;一坊漂亮新人主播校花兼职灬蓝兔子 一多自慰大秀 还跳起扇子舞 无毛湿穴;[04-19]
https://www.ds76.xyz/movie.php?id=8723680418916047;颜值不错主播现代版潘金莲直播大秀 身材也不错 揉奶掰穴;[04-19]
https://www.ds76.xyz/movie.php?id=3048936561681330;极品细腰丰臀女友美欣日常后入特辑 小骚货喜欢后入操 插得深 翘美臀无套抽插 后入控福利 高清720P原版收藏;[04-19]
https://www.ds76.xyz/movie.php?id=6050771684385836;吃了颗伟哥和空姐制服女朋友啪啪干到她吟吟细语叫哥哥;[04-19]
https://www.ds76.xyz/movie.php?id=9834816046059132;68外表很清纯的妹子用T蛋玩小穴这么骚;[04-19]
https://www.ds76.xyz/movie.php?id=2608069451525807;国模小月器具自慰;[04-19]
https://www.ds76.xyz/movie.php?id=9915897948667408;【超爽剧情系列】性感香西咲化身女攀谈专家与恐怖分子谈判 当她脱掉衣服的那一刻...难忘的遭遇 强暴回忆篇;[04-19]
https://www.ds76.xyz/movie.php?id=2642356613650918;漂亮又害羞的大学美女酒店被早泄男操了2次,次次内射流出,看样子美女有点不满足,好白菜都被浪费了!;[04-19]
https://www.ds76.xyz/movie.php?id=960626145824790;寂寞的妹子一个人太无聊只好自卫来发泄性欲;[04-19]
https://www.ds76.xyz/movie.php?id=4343947246670723;无内黑丝美女滴滴专车后排勾引司机,被骂你干哈啊,没忍住后排对妹子一阵狂艹;[04-19]
https://www.ds76.xyz/movie.php?id=8529445934109390;很嫩的双马尾嫩妹主播 激情手淫抠穴然后洗澡 无毛白虎 极品嫩穴;[04-19]
https://www.ds76.xyz/movie.php?id=2839689636602998;当年火爆全国的广柳事件最经典一部女主身材一流奶子又白又大又挺屁股还翘皮肤又白娇喘淫叫让人兴奋撸点太高;[04-19]
https://www.ds76.xyz/movie.php?id=8322585010901093;汝工作室华裔小哥搭讪超美洋妞留学生 居然敢说华人鸡鸡小 当场绝顶干翻这粉嫩小骚货为华人争光 1080P高清版;[04-19]
https://www.ds76.xyz/movie.php?id=6370569481514394;星巴克搭讪师范学院校花女神 被操呻吟“你的鸡巴真大 好粗啊 操得我好舒服啊 我的骚逼都是水了”;[04-19]
https://www.ds76.xyz/movie.php?id=1563783450983464;【网曝门事件】泰国狂野纹身性感妖姬Ann与男友性爱自拍流出 口活卖力 骑坐鸡巴使劲操 高清720P原版无水印;[04-19]
https://www.ds76.xyz/movie.php?id=5734391561709344;大陆经典网络探头盗摄 各年龄段夫妻居家更衣沐浴日常性爱生活（第十九部）;[04-19]
https://www.ds76.xyz/movie.php?id=2303298083133995;无毛白虎一线天嫩逼性感灬萌野丫头0108一多自慰大秀 黄瓜带个套 插穴自慰很是淫荡;[04-19]
https://www.ds76.xyz/movie.php?id=2202425575815141;【萝莉和御姐姐妹花】3女互舔互摸诱惑，翘大屁股摸逼逼呻吟娇喘，;[04-19]
https://www.ds76.xyz/movie.php?id=5313981445506215;打真军操女僵尸啪啪作品《赶尸艳谈》激情佳作 道士很性福啊赶路香艳勾引良家少女清晰插穴口味独特鸡动;[04-19]
https://www.ds76.xyz/movie.php?id=1756253098137676;偷拍女顾客推油 被男技师抠到高潮开始啪啪;[04-19]
https://www.ds76.xyz/movie.php?id=607734764926135;颜值高气质好御姐女神主播收费大修 小穴很漂亮淫水水晶晶的 十分淫荡;[04-19]
https://www.ds76.xyz/movie.php?id=1999776312150061;女主播在家里招极品美女带假鸡巴尻逼嫌没有尻爽，直接搬出插逼神器不到1分钟直接抽搐潮喷失禁;[04-19]
https://www.ds76.xyz/movie.php?id=4460308337584138;高颜值妹子驾车户外自慰 停路边拨开内裤跳蛋塞入拉扯高潮出水呻吟;[04-19]
https://www.ds76.xyz/movie.php?id=1674059745855629;身材苗条的妹子 浴室洗澡诱惑秀 热舞 打泡泡抚摸全身 洗好之后沙发上漏逼诱惑;[04-19]
https://www.ds76.xyz/movie.php?id=7803169870749116;颜值不错丰满御姐美女 激情插穴自慰大秀;[04-19]
https://www.ds76.xyz/movie.php?id=9212461584247648;经理白哥周末约啪单位前台接待苗条美女火辣透明蕾丝睡裙中指捅逼边看三生三世边啪啪啪720P高清;[04-19]
https://www.ds76.xyz/movie.php?id=415546828880906;腰细屁股大的健身俱乐部魔鬼身材美女学员下班后酒店试试强壮教练的大鸡鸡,爽的淫叫：好棒,好痒啊!自拍流出!;[04-19]
https://www.ds76.xyz/movie.php?id=9560968051664532;颜值不错骚气灰色假发新人妹子情趣装白丝 沙发上玻璃黄瓜按摩器自慰大秀 呻吟诱惑;[04-19]
https://www.ds76.xyz/movie.php?id=4032908282242715;大神龙哥酷爱丝袜美腿约炮音乐学院女神性感灰丝抹油玩了又玩二指禅激烈搞穴淫水泛滥无套啪啪啪娇喘呻吟;[04-19]
https://www.ds76.xyz/movie.php?id=9809879385866224;老司机猥琐小伙69式把身材SEX大胸长腿美女搞的大声呻吟高潮不断小伙真的猛床上干完又跑沙发上干;[04-19]
https://www.ds76.xyz/movie.php?id=2474686489440500;貌似喝了不少酒的可爱型美女直播狼友们刷了不少礼物让她自慰一下;[04-19]
https://www.ds76.xyz/movie.php?id=5829281718470156;超美网红长着韩国美女的脸蛋 脱光衣服秀火辣身材 逼毛好性感迷人 男人最爱;[04-19]
https://www.ds76.xyz/movie.php?id=4907924211584032;性欲超旺盛妹子，叫男人回来脱掉玩她鸡巴，以前被土豪包养了两年现在换她玩弄贱男;[04-19]
https://www.ds76.xyz/movie.php?id=7390590123832226;看上了公司前台小姐姐诶 下班约去吃饭后带到酒店啪啪 性感网袜长腿能吃一年 操得美女哇哇哇叫;[04-19]
https://www.ds76.xyz/movie.php?id=6199334841221571;很喜欢的一个少妇露脸玩的开，大奶子大屁股小高跟非常诱人，自己摸自己揉道具抽插浪叫不断，高潮不止非常刺激;[04-19]
https://www.ds76.xyz/movie.php?id=8118357951752841;云盘流出：极品尤物身穿情趣制服被狠肏 调教女友为奴情侣日常性爱啪啪34V合集;[04-19]
https://www.ds76.xyz/movie.php?id=7551715681329370;骚媚动人的混血女大生美眉！粉嫩美穴完美炮架最后抱头疯狂颜射！;[04-19]
https://www.ds76.xyz/movie.php?id=8796997629106045;网红女神鹿少女性感黑丝高跟警服豹纹胸罩诱惑打奶炮吃鸡巴的模样好销魂;[04-19]
https://www.ds76.xyz/movie.php?id=1409718175418675;高颜值美女主播韩老师98收费大秀 颜值身材俱佳 阴毛不少 很是诱人;[04-19]
https://www.ds76.xyz/movie.php?id=4181699920445680;91操哥成都旅游网约伴游小甜甜小纹身性感撩人表情销魂1080P高清;[04-19]
https://www.ds76.xyz/movie.php?id=1495995623990893;颜值不错小表妹 双人激情口交啪啪大秀;[04-19]
https://www.ds76.xyz/movie.php?id=9057567398995162;高颜值御姐美女主播直播小秀 颜值很高 极致诱惑 揉奶插穴 很是诱人;[04-19]
https://www.ds76.xyz/movie.php?id=5055272807367146;小伙约丰满少妇旅馆啪啪内射;[04-19]
https://www.ds76.xyz/movie.php?id=290911812335252;工厂极品小情侣出租房露脸性爱自拍，太疯狂了;[04-19]
https://www.ds76.xyz/movie.php?id=9968672208487988;极品护士MM-挑战你的视觉神经;[04-19]
https://www.ds76.xyz/movie.php?id=668733506463468;漂亮美女主播健身小西身材好棒 激情自慰;[04-19]
https://www.ds76.xyz/movie.php?id=6304089454934001;长发漂亮刘海嫩妹妹 自慰棒自慰 逼毛很旺盛啊 表情也到位;[04-19]
https://www.ds76.xyz/movie.php?id=3918434227816760;齐逼小套裙少妇先玩会她的阴蒂，然后让她给我口交，最后大鸡巴开始用力怼她;[04-19]
https://www.ds76.xyz/movie.php?id=4284464223310351;手机直播两男一女3P不停歇轮流换着插多种姿势爆操女的被操的呻吟连连很是诱惑不要错过;[04-19]
https://www.ds76.xyz/movie.php?id=3700740970671177;女神老婆脱光衣服偷偷与朋友视频时被眼镜哥各种高难度动作狂操,撕心裂肺的浪叫,受不了直想哭！;[04-19]
https://www.ds76.xyz/movie.php?id=7352836276404560;邻家女孩可爱的小美女单秀 收费房道具自插小穴自慰大秀;[04-19]
https://www.ds76.xyz/movie.php?id=1095131747424602;泰国着名艳星吴清雅NongNat从良嫁7旬亿万富翁 激情性爱视频流出 口活技术真不错 极品身材;[04-19]
https://www.ds76.xyz/movie.php?id=5872698719613254;迷奸了一个刚上手的01年超嫩幼师妹子唿噜连天爆肛干的痔疮都翻出来了;[04-19]
https://www.ds76.xyz/movie.php?id=8565452774055302;尤果网超正点极品网红女神王瑞儿8月收费福利25V打包合集;[04-19]
https://www.ds76.xyz/movie.php?id=7641833317466080;颜值不错面罩大奶妹子自慰秀 阴唇一大一小按摩器震动乳夹非常诱人;[04-19]
https://www.ds76.xyz/movie.php?id=1137652248144149;深入女人心-艹过这么陶醉的小骚女吗;[04-19]
https://www.ds76.xyz/movie.php?id=3886872492730617;新主播来和妲己玩耍 清纯小美女 全裸发骚诱惑 床上特写BB 道具插B自慰;[04-19]
https://www.ds76.xyz/movie.php?id=718623553402721;【7月吖】颜值区眼镜小姐姐小尺度全裸秀，苗条身材扭动摆弄姿势掰穴特写挺粉嫩;[04-19]
https://www.ds76.xyz/movie.php?id=385994897224009;宇航员精品之高颜值小奶油儿身材高挑BB粉嫩被爆草;[04-19]
https://www.ds76.xyz/movie.php?id=2384839057922363;年轻外企白领小慧为了晋升职位主动讨好肥猪佬洋主管光滑白嫩皮肤无毛B翘臀被狠狠干屁股都打红了1080P原版;[04-19]
https://www.ds76.xyz/movie.php?id=7461631414480507;【女子SPA推油】女顾客全身推油按摩按完背部塞跳蛋拉扯，口交啪啪扶着按摩床后入猛操呻吟;[04-19]
https://www.ds76.xyz/movie.php?id=2985878386534750;女神级性感艺校美女高级公寓援交土豪用跳蛋玩高潮后又从天窗一直干到浴池最后在床上又继续操,连续搞3次!;[04-19]
https://www.ds76.xyz/movie.php?id=3293715203180909;颜值不错蜜汁湿湿直播大秀 激情插穴自慰 十分淫荡;[04-19]
https://www.ds76.xyz/movie.php?id=3033822244033217;骚气嫩妹主播高挑清纯妹 户外勾引了一个男人回来打炮 逼逼飘飘 叫声淫荡;[04-19]
https://www.ds76.xyz/movie.php?id=4564450355246663;【老虎出更专攻少妇】按摩店内啪啪少妇，水多逼粉叫声骚，后入侧插把少妇搞得高潮不断淫叫声连连;[04-19]
https://www.ds76.xyz/movie.php?id=407552360557019;91汤先生就是品质保证！ 最近在酒店大床上偷情一刚结婚少妇，就等不及被搞到高潮;[04-19]
https://www.ds76.xyz/movie.php?id=3812642726115882;桑拿会所选个大奶妹子，服务周到毒龙漫游水床全都到位，口活厉害也是骚货被操的呻吟超大声;[04-19]
https://www.ds76.xyz/movie.php?id=7265827888622880;天黑小公园一角铺上桌布躺上直接抠逼自慰也不管有没有人，真是刺激的心脏疼;[04-19]
https://www.ds76.xyz/movie.php?id=5939587373286486;激情学生情侣周末趁着宿舍没人在下铺啪啪自拍又到宾馆干大奶美乳阴毛稀疏清秀妹子水还挺多干到高潮了1080P...;[04-19]
https://www.ds76.xyz/movie.php?id=9778310731053352;高颜值苗条少妇夫妻居家激情啪啪先表演个逼逼抽烟 69口交后入抽插搞完再跳蛋自慰;[04-19]
https://www.ds76.xyz/movie.php?id=4175061788409948;hdfc2ppv676186推荐压制 18岁超粉嫩卡哇伊肉嘟嘟高颜值大学生首次拍片 身材紧凑极致粉嫩 大姨妈搞得一片红;[04-19]
https://www.ds76.xyz/movie.php?id=8210282181389630;绝世淫乱爷爷搞孙女和妈妈 给爸爸吃屎 全家大乱伦，真刺激 (4);[04-19]
https://www.ds76.xyz/movie.php?id=6436096741817892;路边搭讪美女加微信相约到旁边的小树林野战啪啪口爆射嘴里对白清晰高清无水印;[04-19]
https://www.ds76.xyz/movie.php?id=4074720321223140;挺嫩苗条妹子全裸自摸，近距离特写掰穴手指扣弄用棒子抽插谈插入感受;[04-19]
https://www.ds76.xyz/movie.php?id=409064325504004;颜值不错御姐美女主播直播大秀 洗澡自慰插穴 很是诱人喜欢别错过;[04-19]
https://www.ds76.xyz/movie.php?id=3418732932768762;新来的主播蓝兔子身材不错奶子坚挺，诱惑脱衣舞自慰骚逼淫水好多，洗澡都在抠逼尿尿给你看;[04-19]
https://www.ds76.xyz/movie.php?id=7277653184719384;台湾妹子【我是宝藏女孩】自购大尺度露脸福利，高颜值魔鬼身材，粉红美乳和鲍鱼，淫水一摸就超多;[04-19]
https://www.ds76.xyz/movie.php?id=1452795793302357;窗外偷窥躶体平躺在地板上玩网游俊俏妹子,笔记本放在雪白丰满的胸上,叉开双腿露出阴毛,太闷骚欠操;[04-19]
https://www.ds76.xyz/movie.php?id=543632525950670;酒店偷拍F罩杯大胸少妇被干了2次还不满足说都没干你怎么就射了.最后自己自慰;[04-19]
https://www.ds76.xyz/movie.php?id=8230656250379980;国产熊孩子偷拍老师系列;[04-19]
https://www.ds76.xyz/movie.php?id=6460452703759074;网红『骚伊伊』深夜铁轨旁 撕破丝袜 口交做爱 扶护栏网后入 扭臀诱惑 刺激你的性感官;[04-19]
https://www.ds76.xyz/movie.php?id=3230692418292165;91内裤哥（C仔） “我搞不动了搞坏了疼死了”约啪高颜值素质外围女嗲声嗲气给操哭了完全被肉棒征服不停说不要我...;[04-19]
https://www.ds76.xyz/movie.php?id=3373027965426445;【MJ】真实迷玩老婆，好不容易搞到药，卧室内把老婆任意摆弄，鲍鱼一线天还挺粉，刺激诱惑;[04-19]
https://www.ds76.xyz/movie.php?id=2119793952442705;在城中村找了个露脸黑丝小姐一轮狂插爽个一逼;[04-19]
https://www.ds76.xyz/movie.php?id=1996200904250145;最新众筹价值2000MRB的熊猫绿播杜姗姗大CD道具紫薇福利视频;[04-19]
https://www.ds76.xyz/movie.php?id=867623426020145;和同事有个约会下班后直奔宾馆 高难度的姿势骚货被操的很是爽;[04-19]
https://www.ds76.xyz/movie.php?id=4404798676259815;大陆小夫妻自导自演经典居情性爱老公扮演邻居偶然看见骚女自慰要求搞一炮;[04-19]
https://www.ds76.xyz/movie.php?id=1643721875734627;看上去有点混血范的美女 收费一多，表情实在是太到位淫荡露脸自慰 特写道具 全程淫语;[04-19]
https://www.ds76.xyz/movie.php?id=9553090012632310;震撼推荐-偷拍猥琐男调教性感漂亮女友喊爸爸,女不同意被男的用手暴力扣插到高潮后说：我错了,爸爸,我不要了....;[04-19]
https://www.ds76.xyz/movie.php?id=1310916626825928;高端定制丽足娇娃 黑丝女杀手除掉告密者超清无水印版;[04-19]
https://www.ds76.xyz/movie.php?id=1140714348293841;两个很漂亮的年轻美女不停的交换给对方扣穴舔奈 玩的不亦乐乎;[04-19]
https://www.ds76.xyz/movie.php?id=7360226139426231;露脸大战19学妹 全部射在奶子上;[04-19]
https://www.ds76.xyz/movie.php?id=8709855033084750;18岁发不良的【极品小美眉】主播【秀秀女】小妹妹终于露逼了一条缝;[04-19]
https://www.ds76.xyz/movie.php?id=3023712993599474;独居富姐年纪虽大了但有身材有奶子 与哥们俩3P边拍边干;[04-19]
https://www.ds76.xyz/movie.php?id=1612371518276631;周末在家大干的年轻情侣 女主的丁字内裤真性感;[04-19]
https://www.ds76.xyz/movie.php?id=7653614203445613;极品白嫩青春美少女Tumblr萌妹子福利姬悠宝情趣制服与浴缸嬉戏 一线天小嫩逼 娇挺美乳 高清1080P无水印原版;[04-19]
https://www.ds76.xyz/movie.php?id=7812290098518133;颜值骚逊的村姑女主播礼物刷到500块到玉米地里电动鸡巴插逼电都用光了;[04-19]
https://www.ds76.xyz/movie.php?id=4247584841214120;丰满又高挑的女神 笑容甜美可人儿cbr022119-864hd-720p大大的眼睛美美的胸部 狂干她紧凑的美穴还内射;[04-19]
https://www.ds76.xyz/movie.php?id=3943792558275163;【会所培训师头牌】女神级人气妹子（思思）（丽丽）（小红）啪啪首秀调教小红(含密码房)第三场;[04-19]
https://www.ds76.xyz/movie.php?id=3230086620897054;金屋藏娇阁高颜值美女媛媛酱收费一多自慰大秀 自慰插穴 淫水好多 十分淫荡;[04-19]
https://www.ds76.xyz/movie.php?id=3179854019545018;维拉董大美超广场舞第一季15部合集 高颜值美女大尺度三点全开;[04-19]
https://www.ds76.xyz/movie.php?id=7641037185676396;91极品车模新作第182部：大量玻璃球塞满屁眼，女神说直肠好重;[04-19]
https://www.ds76.xyz/movie.php?id=1433010315522551;调教的很骚的无毛小骚逼，认真的吃鸡巴，做的时候很卖力，屁眼也都被开发了;[04-19]
https://www.ds76.xyz/movie.php?id=8682297854684293;极品18岁大一妹子户外草坪大胆直播 用水果插穴 太刺激了;[04-19]
https://www.ds76.xyz/movie.php?id=6393545330502093;逼逼很粉嫩阴唇特别妹子自慰 一个跳蛋塞里面一个震动高潮出白浆 很是诱惑不要错过;[04-19]
https://www.ds76.xyz/movie.php?id=2661337116733193;约炮巨乳E奶前度超淫荡整晚握着鸡巴把她操嗨了;[04-19]
https://www.ds76.xyz/movie.php?id=983332251198589;气质大奶子白领酒店被操大奶子晃得心痒痒;[04-19]
https://www.ds76.xyz/movie.php?id=2392106801271438;颜值不错的蝴蝶逼骚女人露脸黑丝诱惑，表情好骚AV棒自慰骚逼不过瘾直接插进去，各种道具抽插菊花都捅顺了;[04-19]
https://www.ds76.xyz/movie.php?id=7104080705903471;颜值不错骚气大奶妹子户外车震 上位手指扣逼口交骑乘侧入非常诱人;[04-19]
https://www.ds76.xyz/movie.php?id=5366059867665172;御姐媛媛酱收费自慰大秀 身材好 自慰插穴很诱人;[04-19]
https://www.ds76.xyz/movie.php?id=9730220935307444;双马尾逼逼无毛白虎妹子自慰诱惑秀 撩起丝袜逼逼塞入跳蛋震动粉嫩诱人;[04-19]
https://www.ds76.xyz/movie.php?id=8148926757276058;高颜值妹子私人玩物七七情趣装自慰大秀 高跟鞋蹲着粉红振动棒高潮大量喷尿;[04-19]
https://www.ds76.xyz/movie.php?id=5209364630281925;黑丝美女用脚为JJ服务;[04-19]
https://www.ds76.xyz/movie.php?id=4909520940855145;露脸气质少妇保险员宾馆操逼完整版 身材娇小叫声动听 抱起来操 姿势玩遍;[04-19]
https://www.ds76.xyz/movie.php?id=4789430061355233;身材苗条的年轻少妇 床上假JJ骑乘 上下抽插 道具自慰 跳蛋震动阴蒂 非常精彩;[04-19]
https://www.ds76.xyz/movie.php?id=6813123505562544;玲妹妹露脸一个人的激情，无毛馒头逼配合炮击仇抽插，浪叫享受带来的快感，秀完赶紧给儿子喂奶真刺激;[04-19]
https://www.ds76.xyz/movie.php?id=4233233211562037;颜值不错萌妹子自摸奶子按摩器自慰秀 小震动棒抽插震动逼逼呻吟娇喘;[04-19]
https://www.ds76.xyz/movie.php?id=7169825425371528;风骚女按摩器自慰大秀 逼毛被刮得特别干净 太粉嫩了;[04-19]
https://www.ds76.xyz/movie.php?id=9377916618250310;梳着两个麻花辫子的小美女 露奶诱惑 跳蛋塞进逼里 另一个震动阴蒂 道具插逼自慰 骑乘流白浆;[04-19]
https://www.ds76.xyz/movie.php?id=3345424295403063;你叫什么名字啊会所嫖妓短发大波妹对白有趣;[04-19]
https://www.ds76.xyz/movie.php?id=5912385387346148;91Joker-3P喷水丝袜大骚逼;[04-19]
https://www.ds76.xyz/movie.php?id=8119785534217954;胸脯很大很诱人的美女大学生美眉被性经验丰富的男友用道具玩的舒服死了兴奋啪啪啪男上女上变换干的很快活;[04-19]
https://www.ds76.xyz/movie.php?id=4050898328423500;露脸约操人妻少妇小骚逼，身材挺丰满，操的她淫叫连连好骚的;[04-19]
https://www.ds76.xyz/movie.php?id=3099645050242543;上海某师范大学漂亮美女周末和外语助教出租屋各种姿势疯狂啪啪,颜值高,奶子大,阴毛旺从样貌真看不出来那么...;[04-19]
https://www.ds76.xyz/movie.php?id=4831640850752592;颜值不错挺嫩苗条面罩妹子双人啪啪 性感白丝后入抽插骑坐最后内射 很是诱惑不要错过;[04-19]
https://www.ds76.xyz/movie.php?id=5605290634557605;【苏苏和闺蜜约表弟】粉红色的少女闺房内，软萌小萝莉跟小哥哥激情啪啪，自慰掰穴粉嫩鲍鱼的白浆都快流到菊花了;[04-19]
https://www.ds76.xyz/movie.php?id=9044615477323532;人帅又会撩妹大神约会大长腿肉丝高跟纯情美丽女白领各种体位玩遍了干到妹子高潮射肉丝腿上1080P原版;[04-19]
https://www.ds76.xyz/movie.php?id=5500674298964441;人妻杀手宾馆约炮某高中丰满白嫩数学老师多机位爆操呻吟特别带感犹如岛国女优还说“你射我脸上就行”;[04-19]
https://www.ds76.xyz/movie.php?id=796178909949958;【秦总全国探花】约了个质量不错妹子酒店TP啪啪，换上情趣装黑丝扣逼调情猛操呻吟娇喘;[04-19]
https://www.ds76.xyz/movie.php?id=6486761621199548;寂寞大叔离婚独居好孤单，微信叫鸡上门爽一发，风骚逼紧态度好，各种姿势都要来一遍好开心;[04-19]
https://www.ds76.xyz/movie.php?id=6259661950170994;探花约炮一个颜值不错兼职女 激情口交啪啪暗拍;[04-19]
https://www.ds76.xyz/movie.php?id=9887934289872646;【苏苏约弟弟啪啪】软萌小仙女跟小帅哥啪啪粉嫩嫩的肉体少女气息扑面而来鲍鱼一会儿就把小哥哥诱惑的欲火焚...;[04-19]
https://www.ds76.xyz/movie.php?id=6338107078336179;清纯模特高清视频流出 白嫩鲍鱼被电动棒插逼;[04-19]
https://www.ds76.xyz/movie.php?id=2780981319956481;最新京都高颜值女神级车模『CICI』爆乳丰臀卫生间大尺度私拍流出 身材贼棒 娇喘诱惑 爆乳隐现 舌头勾引;[04-19]
https://www.ds76.xyz/movie.php?id=6867108265869319;特色宾馆偷拍看穿着应该是在参加军训的大学短裤美女被操内射2次了还拉着男友继续要,第3次终于干爽了,国语!;[04-19]
https://www.ds76.xyz/movie.php?id=1663589077070355;CR社区最新流出富二代高价约啪三线小明星忍不住直接在卫生间搞起到潮喷回床上干继续喷无套内射;[04-19]
https://www.ds76.xyz/movie.php?id=8763870634138584;颜值胜过很多女星的大长腿气质美女,为了赚快钱和中年男宾馆啪啪,人瘦逼紧奶子大,极品身材连续猛肏了2次!;[04-19]
https://www.ds76.xyz/movie.php?id=8331039533950388;“喜欢爸爸不明天别去上课了”91风哥野外开着闪光灯后入肥臀G奶大学生妹子害怕人看到让关了回宾馆继续爆操...;[04-19]
https://www.ds76.xyz/movie.php?id=8169018370099366;P站红人Fullfive在去宜家内闲逛 大胆露出自慰喷水;[04-19]
https://www.ds76.xyz/movie.php?id=9657041314058006;最新流出留学生『小舒淇』刘玥浴室内做爱 泡泡涂满蝴蝶穴 4K原版2160P;[04-19]
https://www.ds76.xyz/movie.php?id=3647488919086754;【门事件】【咬蛋门】（香港女歌手-演员-陈文媛）;[04-19]
https://www.ds76.xyz/movie.php?id=3872821703553200;啪啪性感模特小美女琏菡米老鼠纹身很卡哇伊小蛮腰肥臀阴毛浓密;[04-19]
https://www.ds76.xyz/movie.php?id=1850958899594843;精选露脸抄底偷拍各种高颜值时尚妹子们 (31);[04-19]
https://www.ds76.xyz/movie.php?id=5180909307673573;91系列哥11月9最新【首发】孔雀东南飞 超强豪华巨制剧烈啪啪最后女主都站不稳了720P;[04-19]
https://www.ds76.xyz/movie.php?id=1342956605367362;豪乳美女主播兔姐温泉洗浴中心休息大厅自摸呻吟成功勾引色男帅小伙吃奶吃逼还说好爽的逼啊嫩嫩的对白精彩;[04-19]
https://www.ds76.xyz/movie.php?id=1501787090674042;戴着眼镜的骚货少妇 穿着开裆黑丝 椅子上手指抠逼 大黑假JJ插逼 来回抽插 床上黑JJ骑乘 非常诱人;[04-19]
https://www.ds76.xyz/movie.php?id=4337718077003956;性感丰满漂亮小少妇和炮友驱车到麦田路边脱光光车震;[04-19]
https://www.ds76.xyz/movie.php?id=7220207853242755;唯美口交系列-两个美女轮流舔JJ展示自己的口技最后射在嘴里互舔精液-1080P高清;[04-19]
https://www.ds76.xyz/movie.php?id=1389340721070766;平时的女神到了床上，也仅仅只能沦为男人操的小骚逼，还挡脸不让拍;[04-19]
https://www.ds76.xyz/movie.php?id=8267989372834563;和单位女同事在地板上偷情草逼 太骚了 泄了还不满足;[04-19]
https://www.ds76.xyz/movie.php?id=531522170640528;老虎直播平台花族少女闺蜜2人互玩一根假屌 相互配合淫水直流 清晰国语对白精彩;[04-19]
https://www.ds76.xyz/movie.php?id=9369432753883302;炮友到外地游玩宾馆里激情做爱 少妇胸不错很挺男的舔的相当的开心操爽了让叫老公;[04-19]
https://www.ds76.xyz/movie.php?id=7492288625799119;厦门水哥和单位女同事小旅馆偷情，下面干涩很耐草;[04-19]
https://www.ds76.xyz/movie.php?id=3191449544392526;无毛骚逼护士装不穿内内艳舞挑逗 口爆诱惑;[04-19]
https://www.ds76.xyz/movie.php?id=3474180335178971;高颜值极品美女主播扶摇小姐姐收费房校服装扮跳蛋紫薇喷水大秀;[04-19]
https://www.ds76.xyz/movie.php?id=8529086471535265;剧情演绎-快递员送货太慢 小姐姐提出特殊要求榨汁儿擦鞋;[04-19]
https://www.ds76.xyz/movie.php?id=3863589987158775;窗户玩放摄像头偷拍高颜值胸型很美的白领洗澡;[04-19]
https://www.ds76.xyz/movie.php?id=207781312055885;怪盗咪J 饮友イタズラ剧场 VOL.73 极嬢ルックスの持ち主・kotoneちゃん弄り倒し！;[04-19]
https://www.ds76.xyz/movie.php?id=2445417507551610;五一小长假向家里拿了五千块和学院派女友去旅游酒店开房啪啪1080P高清版;[04-19]
https://www.ds76.xyz/movie.php?id=1695323353633284;私企眼镜胖老板大叔潜规则企业轻熟女白领女高管性感白丝高跟鞋大乳头看这阴毛就知道是个骚货;[04-19]
https://www.ds76.xyz/movie.php?id=9024416813626886;超嫩美女穿情趣制服与富二代大玩各种自拍 场面火爆;[04-19]
https://www.ds76.xyz/movie.php?id=2469061696901917;撸点极高1bd020918-600hd720p太完美的身材了 狂草内射前凸后翘白白嫩嫩的坚挺巨乳网红脸大美人 附拍摄花絮;[04-19]
https://www.ds76.xyz/movie.php?id=4111452666111290;淫语调教偷情骚女;[04-19]
https://www.ds76.xyz/movie.php?id=9328362429514528;奇幻动漫《从零开始的异世界》COS雷姆护士装高颜值美女快速炮机抽插 粉穴丰臀 白浆高潮 高清1080P无水印版;[04-19]
https://www.ds76.xyz/movie.php?id=5235546594485641;浙师大极品校花被男友算计！被操的时候被躲在旁边的室友全程偷拍！视频流出 原版;[04-19]
https://www.ds76.xyz/movie.php?id=6631187368184328;高颜值漂亮美女主播收费直播秀 身材也不错 揉奶揉穴 很是诱人;[04-19]
https://www.ds76.xyz/movie.php?id=3649468445219099;颜值不错美女主播陈小蜜1027勾搭炮友双人啪啪大秀 口交啪啪 十分淫荡;[04-18]
https://www.ds76.xyz/movie.php?id=7600920055992901;身材不错美乳妹子浴室洗澡秀第三部 跳蛋塞逼逼震动边洗澡边诱惑;[04-18]
https://www.ds76.xyz/movie.php?id=603166413493454;伪娘甜素素被gay吃鸡搞毒龙钻，电视还在播放中央新闻，搞激情肉棒枪战！;[04-18]
https://www.ds76.xyz/movie.php?id=3458463652059436;玩手游认识的98年性感纹身美女,发了个大红包顺利约到酒店,趴在床上玩手游时被扒掉裤子抽插,干的淫叫不断!;[04-18]
https://www.ds76.xyz/movie.php?id=5876800194382668;御姐美女10秒受不了收费大秀 身材太棒了 激情自慰;[04-18]
https://www.ds76.xyz/movie.php?id=247101387940347;广东约约哥健身球少妇第三季健身器上完美的69口活后入激情爆草浪叫呻吟720P高清无水印;[04-18]
https://www.ds76.xyz/movie.php?id=747453635558486;双马尾萌妹子近距离特写道具自慰 张开双腿按摩器头部插入毛毛比较浓密;[04-18]
https://www.ds76.xyz/movie.php?id=9076105160638690;91-ssshhh456-六月真是自拍新作-夜晚在小区车里开着手机灯与奥迪女神偷情玩车震内射,操的高唿：好爽,特别舒服...;[04-18]
https://www.ds76.xyz/movie.php?id=5321986996568739;凌晨直播收费房约了个高颜值胸型在线的美女，后来让她闺蜜也来一起激情3p啪啪啪;[04-18]
https://www.ds76.xyz/movie.php?id=6150025376118720;花白头发老头遛弯树林里嫖个野鸡大爷挺猛的不停抽送身后居然还有看热闹的人气的大爷回头边干边骂都给骂走了;[04-18]
https://www.ds76.xyz/movie.php?id=7191274655051529;小伙开车带着大奶骚货女友到野外口交舔穴后入啪啪 1080P超清无水印完整版;[04-18]
https://www.ds76.xyz/movie.php?id=4831470805220306;清纯漂亮美女你的心动女生茜茜酱收费直播秀 身材也好 搔首弄姿搓揉小穴很诱人;[04-18]
https://www.ds76.xyz/movie.php?id=1049978411756455;风吟鸟唱最新流出演员王珊在酒店被胖导演插粉嫩逼逼1080P高清版;[04-18]
https://www.ds76.xyz/movie.php?id=7919818735681474;超清晰露脸抄底性感成熟高跟窄边黑内美女，身边男友有点挫;[04-18]
https://www.ds76.xyz/movie.php?id=7050598217174411;杭州某院校34E大奶性感在读美女和男友激烈肏逼自拍分手被渣男爆出,奶子大,小逼粉嫩紧致,干的淫语不断.国语!;[04-18]
https://www.ds76.xyz/movie.php?id=6310486742295325;颜值不错美少妇直播大秀 激情自慰啪啪爆菊花;[04-18]
https://www.ds76.xyz/movie.php?id=8835205174982548;清纯甜美邻家小妹初次下海,还有点害羞,不自觉遮遮掩掩,笑起来纯纯的想让人保护;[04-18]
https://www.ds76.xyz/movie.php?id=2643768312409520;极品高颜值骚妹纸与大屌男友打炮口交激情自拍流出 多体位啪啪干到一半闺蜜来电话 完美露脸 高清1080P完整版;[04-18]
https://www.ds76.xyz/movie.php?id=2167590567842126;风吟鸟唱新作-苗条身材国模美心大尺度浴室和土豪4P口交 最后射嘴里;[04-18]
https://www.ds76.xyz/movie.php?id=1676194332540035;超性感大长腿熊猫TV主播 - 尤魅儿 游艇福利热舞视频合集;[04-18]
https://www.ds76.xyz/movie.php?id=8738508410751820;【黄先生】眼镜男约了个丰满少妇TP啪啪，口交沙发调情大力猛操;[04-18]
https://www.ds76.xyz/movie.php?id=5706905964761972;漂亮美少妇和老公夫妻双人啪啪大秀 口交啪啪;[04-18]
https://www.ds76.xyz/movie.php?id=2635580669157207;胖哥约了位时尚紫发高颜值女郎啪啪啪 露脸身材超好 鸡巴一进去就啊啊啊的叫;[04-18]
https://www.ds76.xyz/movie.php?id=3366401563398540;微博红人第3期没有男人自己用手带套代替鸡巴来回插;[04-18]
https://www.ds76.xyz/movie.php?id=9894744930788874;真没想到能在直播室看到秀人网的乳神李梓熙穿着透明情趣内衣和网友聊骚很有撸点;[04-18]
https://www.ds76.xyz/movie.php?id=283245895989239;逼逼无毛颜值不错短发妹子香蕉剥皮插逼逼搞完吃掉 逼逼还挺粉嫩;[04-18]
https://www.ds76.xyz/movie.php?id=6724331928417087;超大巨乳美女被男友下药后随意玩弄口交失禁拖到浴缸里玩骚逼淫荡对白;[04-18]
https://www.ds76.xyz/movie.php?id=2874391078948974;【360】12月份天狼台超级稀缺-很牛逼的一家三口 儿子在上面玩奶头 爸爸在下面操逼;[04-18]
https://www.ds76.xyz/movie.php?id=9834602712653578;幸福的大哥约炮两位风骚主播，美女全程露脸躺在床上被女人调戏了，猴急的大哥抓到一个就吃奶抠逼，压在身下干了;[04-18]
https://www.ds76.xyz/movie.php?id=1158167123794555;露脸饥渴老板娘被拿下，饥渴的吃着大鸡巴，被操的叫的很爽;[04-18]
https://www.ds76.xyz/movie.php?id=4759224872104824;长发御姐美女主播蹲坐在地上 身材很是苗条 逼逼无毛很漂亮很诱人;[04-18]
https://www.ds76.xyz/movie.php?id=6881248322315514;91KK哥（富一代CAOB哥）最新顶级高端精品正版大片-番号S01E04：高颜值时尚黑丝空姐Abby，时尚大气性感黑丝，淫荡对白...;[04-18]
https://www.ds76.xyz/movie.php?id=6937639447860420;黑客破解家庭网络摄像头监控偷拍合租房洗完澡正在整理头发的全裸极品美女;[04-18]
https://www.ds76.xyz/movie.php?id=6365535245276988;宇航员最新大尺度写真视图第一期の超正点的大屁股电臀尤物美女福利视频;[04-18]
https://www.ds76.xyz/movie.php?id=1428576800972223;国内各种淫乱KTV派对合集，喜欢的不要错过;[04-18]
https://www.ds76.xyz/movie.php?id=3700110735371709;酒店迷奸青春痘还未退去的小学妹各种姿势玩弄都搞不醒视频;[04-18]
https://www.ds76.xyz/movie.php?id=9615802541375160;富商老板私人公寓大战明星气质高挑美腿素质外围女模床上地板被狠狠的肏娇喘呻吟1080P原版;[04-18]
https://www.ds76.xyz/movie.php?id=3003840041346848;大胸妹妹酒店约炮 推到在床上多姿势激情抽插后入猛顶的大奶直摇;[04-18]
https://www.ds76.xyz/movie.php?id=6969056334346533;颜值不错御姐美女 激情自慰插穴大秀;[04-18]
https://www.ds76.xyz/movie.php?id=4770474354736507;皮肤雪白性感的女神级外围美女高价上门援交被2土豪用粗绳摩擦粉嫩蝴蝶美穴,沙发上操完又对着镜子狠狠干!;[04-18]
https://www.ds76.xyz/movie.php?id=6821080483496189;【全民女神】极品S翘臀姚安琪BABY首次大尺度露点多服装多场景淫荡挑逗 粉鲍美穴 精致美乳 妩媚呻吟 高清版;[04-18]
https://www.ds76.xyz/movie.php?id=2846636846661567;高颜值长相甜美巨乳短发妹子 露出诱人大奶近距离特写逼逼掰开非常嫩;[04-18]
https://www.ds76.xyz/movie.php?id=2911314358934760;内裤哥高级酒店狂操S形黑丝连体服高跟巨乳的客房经理,丰满大奶子齐B小短裙看着就想操！;[04-18]
https://www.ds76.xyz/movie.php?id=2295944844372570;硬屌猛男大战身材苗条美少妇乳房坚挺饱满连体黑网情趣装换着花样爆插少妇啊啊高潮不断说好舒服对白淫荡1080...;[04-18]
https://www.ds76.xyz/movie.php?id=6756810205988586;隔壁姐姐又发骚 屁股好大 后入猛草;[04-18]
https://www.ds76.xyz/movie.php?id=6955511360429227;听叔叔话 一会就舒服了、高中女学生被坏叔叔诱骗开苞 还没长毛呢;[04-18]
https://www.ds76.xyz/movie.php?id=5009347051382065;魔鬼身材女神@隔壁小姐姐之甜酥酥的大奶子;[04-18]
https://www.ds76.xyz/movie.php?id=1942263930104673;大胆美女卧底洗浴中心褕褕值播,还褕拍浴友更衣;[04-18]
https://www.ds76.xyz/movie.php?id=6478929016739130;91大神xh98hx（珍藏版）粉嫩少女;[04-18]
https://www.ds76.xyz/movie.php?id=2326776660047471;极品身材漂亮美女模特在浴室自自慰 天使面庞 极品木耳;[04-18]
https://www.ds76.xyz/movie.php?id=3420723616145551;民宅摄像头破解偸拍激情夫妻打地铺过性生活小瘦老公骑丰满大屁股媳妇身上日最后口爆吞精嘴里的残渣又喂狗;[04-18]
https://www.ds76.xyz/movie.php?id=9603962870314718;平头哥约童颜巨乳火山视频里的小网红 穿情趣内衣草;[04-18]
https://www.ds76.xyz/movie.php?id=5509136347100139;一个单位上班的年轻男女同事约炮美女身材不错还特别骚骑男的身上就磨蹭操一会换情趣装继续干叫的太骚国语;[04-18]
https://www.ds76.xyz/movie.php?id=2339491206221282;【稀缺资源】最新超值珍藏版，资源高价购得《当年以打包价被男友出售，相爱三年的南京大学生学妹图片和视频》一...;[04-18]
https://www.ds76.xyz/movie.php?id=8951334054581821;纯纯大陆妹子在香江沦陷肉欲陷阱被插刺激啪啪作品《我来自北京》字幕佳作 陈美女很有味道肉肉风情操穴啊;[04-18]
https://www.ds76.xyz/movie.php?id=531135071069002;一坊漂亮美女主播牛奶煮萝莉呀 一多自慰大秀 颜值不错身材好 自慰插穴很诱人;[04-18]
https://www.ds76.xyz/movie.php?id=8515247302129865;完美双峰小女友酒店激情做爱女上位小蛮腰特别会扭人不住推倒无套内射;[04-18]
https://www.ds76.xyz/movie.php?id=3602920565754175;高颜值白嫩苗条的台湾美眉和勾引开车司机车震;[04-18]
https://www.ds76.xyz/movie.php?id=9660614621825516;大波苗条美容院上班店长漂亮小姐姐恋上帅哥小弟开房打炮连体性感网黑骚姐主动奔放叫声很贱对白搞笑1080P原...;[04-18]
https://www.ds76.xyz/movie.php?id=6043596016243100;披肩发大眼睛美女【欧尼酱】与快递帅哥激情啪啪互动 按狼友要求无套抽插内射 逼肉粉嫩真招操 叫的真骚真浪;[04-18]
https://www.ds76.xyz/movie.php?id=4016872104257345;学院风白色过膝袜高跟疯狂学妹假JJ自慰潮喷 粉穴流水特写潮喷 淫语高潮浪叫“我要喷了 要操了”高清720P版;[04-18]
https://www.ds76.xyz/movie.php?id=9036886189132928;MIMI仓老师一边被草手里一边还拿着手机和粉友们互动;[04-18]
https://www.ds76.xyz/movie.php?id=2218280970118940;女子养生会所无良女技术偷拍顾客做身体，顾客腹着面膜躺在床上享受女技师的推胸服务，狼友看的很刺激;[04-18]
https://www.ds76.xyz/movie.php?id=5245229913853109;【360水滴TP】精瘦的大鸡小伙喜欢侧身位干女友，一炮不够休息一下再来一次;[04-18]
https://www.ds76.xyz/movie.php?id=1004594555124640;巨乳伪娘七七高颜值3 互吃肉棒 后被直男大屌后入;[04-18]
https://www.ds76.xyz/movie.php?id=6211781874299049;看起来很骚的妹纸发春热舞摸奶抠逼道具自慰;[04-18]
https://www.ds76.xyz/movie.php?id=9147497816011310;91新晋大神sweattt编号02作品之极品女神偷情录;[04-18]
https://www.ds76.xyz/movie.php?id=7599802147597075;上钟女技师 激情口交啪啪;[04-18]
https://www.ds76.xyz/movie.php?id=8596027456223965;在家带孩子的迷人少妇，高颜值全程露脸直播，奶子很软奶水很足，情趣装诱惑道具插逼淫水很足表情骚叫声可射;[04-18]
https://www.ds76.xyz/movie.php?id=3580707525834441;【360水滴TP】超稀有台 小情侣开房 小女友叫了一声大点力 男友抓住双手后入 小屁股啪啪作响;[04-18]
https://www.ds76.xyz/movie.php?id=6149521158076823;幸福小奴把女主人的香足儿吃透 又得美脚揉搓一组;[04-18]
https://www.ds76.xyz/movie.php?id=2849812712520361;四眼小哥和美貌小女友在出租屋内啪啪 小女友真好看活还好好羡慕啊小哥一脸陶醉表情;[04-18]
https://www.ds76.xyz/movie.php?id=5605206559412181;大奶广场舞阿姨（大奶肥熟女老女大妈偷情自拍）;[04-18]
https://www.ds76.xyz/movie.php?id=5512279802933335;晴川全裸私拍 野模陆艺吃屌啪啪视讯;[04-18]
https://www.ds76.xyz/movie.php?id=6462240130640566;纹身小姐姐坐在大鸡巴上很陶醉，揉着乳头好嗨哟;[04-18]
https://www.ds76.xyz/movie.php?id=750925457105040;戴眼镜的风骚美少妇淫宫媚娘 一多自慰大秀 逼逼湿湿的 自慰插穴很淫荡;[04-18]
https://www.ds76.xyz/movie.php?id=1893041697330773;小姐姐平台漂亮可爱萝莉主播过分入迷0325收费秀 跳蛋插穴自慰 尿尿直播很诱人;[04-18]
https://www.ds76.xyz/movie.php?id=6939433552324772;白衣黑裙长发气质大波美女与男友开房造爱很有情趣特意穿上古风红肚兜T裤战斗力增加啪啪啪打了好几炮;[04-18]
https://www.ds76.xyz/movie.php?id=3332196245901286;颜值不错长相清纯妹子挺骚妹子第三部 找来个小哥双人秀舔奶口交;[04-18]
https://www.ds76.xyz/movie.php?id=8590623480267823;东莞第一大奶少妇疯狂自嗨第二部，炮击喷水极致淫荡粤语对白，还想被几个人一起干;[04-18]
https://www.ds76.xyz/movie.php?id=1427831845358014;高颜值阿sa心动啪啪冲动作品《雏妓高清版》字幕佳作 蔡妹子颜值很赞不伦情节邪恶刺激看的鸡动要硬极品;[04-18]
https://www.ds76.xyz/movie.php?id=1471943389624357;尤物般的韩国宝贝和男友啪啪视频 这对奶子又大又挺拔的 能把人给晃晕 男友舔完直接后入 宝贝叫床声太酥了;[04-18]
https://www.ds76.xyz/movie.php?id=7875929223373532;[槟榔西施]买槟榔100可摸西施奶奶;[04-18]
https://www.ds76.xyz/movie.php?id=9055281248874962;客户刚走老板一个电话，秘书立即到办公室献上暖嘴和嫩穴~~秘书也是一个失身率较高的职业不尽责也不行;[04-18]
https://www.ds76.xyz/movie.php?id=2454089578241110;东北自驾姐下基层勾搭两个农民兄弟户外野餐再到荒废的厂房内继续大餐3P啪啪啪非常给力;[04-18]
https://www.ds76.xyz/movie.php?id=2188686835579574;带着面具丰满纹身大屁股美女主播第二部 漏奶漏逼自摸诱惑不要错过;[04-18]
https://www.ds76.xyz/movie.php?id=7220451966859400;PR社尤物女神の我是你可爱的小猫大尺度诱惑福利60套打包合集;[04-18]
https://www.ds76.xyz/movie.php?id=2218115665018558;【360稀有资源】罗曼克主题酒店精选-小伙偷情良家小少妇，大早上就开钟点房啪啪，身材苗条叫得骚翘臀后入狂插，对...;[04-18]
https://www.ds76.xyz/movie.php?id=853530922904610;风骚韵味美少妇制服灬媚惑 一多自慰大秀 从椅子上插到床上 身材不错很是淫荡;[04-18]
https://www.ds76.xyz/movie.php?id=5425821701064706;超卡哇伊网红美少女三寸萝莉之双马尾校园制式泳装下篇 摇椅里振动棒一番春撩 小穴见晨光潮喷 高清720P版;[04-18]
https://www.ds76.xyz/movie.php?id=2084198384545743;家花没有野花骚露脸人妻口活一流性欲旺盛需求高“快点求你了 好爽 操死我了 你为什么总停啊 讨厌”对白精彩...;[04-18]
https://www.ds76.xyz/movie.php?id=3072031373158097;海洋风酒店娇气可爱马尾辫美女与肥猪男开房打炮俩人循序渐进爱抚按着头插嘴嗲嗲呻吟特刺激不停叫老公国语对...;[04-18]
https://www.ds76.xyz/movie.php?id=6342305196449161;禁欲太久了！98后剖腹产小辣妈进屋就脱裤子，快高潮时突然接到老公电话催他回家，重点是逼逼还很紧;[04-18]
https://www.ds76.xyz/movie.php?id=4484212631359696;【重磅福利】俄罗斯混血美女 800大洋私人全套福利132V高清无水印原版视频打包合集;[04-18]
https://www.ds76.xyz/movie.php?id=3137313798069954;巨乳嫩模被土豪拼命抽插,难得一见的白虎一线天;[04-18]
https://www.ds76.xyz/movie.php?id=1730304392985999;颜值不错御姐美女主播七七直播秀 身材苗条木耳无毛粉嫩 很是诱人;[04-18]
https://www.ds76.xyz/movie.php?id=2143952860496938;苗条纹身美少妇浴室手指扣逼扣菊花完事再洗澡大秀可惜逼逼有点黑;[04-18]
https://www.ds76.xyz/movie.php?id=5401367675513029;后入人妻丰满的大屁股，国语对白，问她是谁顶得深，呻吟真实可射;[04-18]
https://www.ds76.xyz/movie.php?id=6777095948345959;更衣室偷窥换装美模 (第4部)：三个尤物轮番展示又白又嫩的奶子看得狂流鼻血;[04-18]
https://www.ds76.xyz/movie.php?id=1981440871022641;老哥探花颜值不错少妇浴室洗澡 口交后床上快速抽插休息一会再继续 呻吟大声非常诱人;[04-18]
https://www.ds76.xyz/movie.php?id=5281998943537474;调教很久的小母狗穿上一个小肚兜在地板上给主人口交，被主人操逼，叫的好爽好骚;[04-18]
https://www.ds76.xyz/movie.php?id=3702965844422579;长得像关X彤的外围女主播半夜和不会说普通话开奥迪车的土鳖大叔车震喷湿了他的车;[04-18]
https://www.ds76.xyz/movie.php?id=5617344942875206;【精选360】 3月豪华大圆床房美女打开手机灯光仔细男友鸡鸡 这东西好神奇 会变大;[04-18]
https://www.ds76.xyz/movie.php?id=4854281097650528;波多野结衣 黑丝网袜，没想到拍了这么多片BB还是那么粉嫩;[04-18]
https://www.ds76.xyz/movie.php?id=3619238100945949;颜值不错蓝衣妹子双人啪啪 撸管口交苗条身材大力抽插非常诱人;[04-18]
https://www.ds76.xyz/movie.php?id=9522806578315794;年纪轻轻小学妹露脸镜头前的诱惑，苗条身材穿起了性感的丁字裤，跳弹开到最大档位玩弄骚逼，修剪过的阴毛;[04-18]
https://www.ds76.xyz/movie.php?id=7418729211203754;比一般女人都美的ts仙女思自拍啪啪小视频 被操的很舒服 最后帮他撸出来;[04-18]
https://www.ds76.xyz/movie.php?id=3302418217062950;极品红裙美女悄悄进入另一位极品美眉睡房吵醒之后两人激情互慰画面唯美诱人1080P超清;[04-18]
https://www.ds76.xyz/movie.php?id=5511601702310145;火辣身材完美酮体的性感少妇！天蓝色内衣搭配妖娆身姿真是目眩神迷！;[04-18]
https://www.ds76.xyz/movie.php?id=1860252856276929;大鸟十八和可爱日本女生河野玲酱真实测评：教你如何在岛国风花雪月风俗店玩法 国语对白 高清720P无水印版;[04-18]
https://www.ds76.xyz/movie.php?id=2960020089522004;八字大奶无毛穴国模小鱼大尺度私拍被摄影师潜规则口爆一波啪啪啪一波;[04-18]
https://www.ds76.xyz/movie.php?id=6602776921354234;最新极品爆乳网红『奶喵九玖酱』大尺度I奶自购福利-肆意玩弄爆乳 假屌插美穴 圆挺巨乳 胸控福利 高清720P版;[04-18]
https://www.ds76.xyz/movie.php?id=5191477457992733;专业情趣房迎来两位特殊炮友有文化的丰满轻熟妇激情互抠互舔比男女玩的疯狂水声清脆高潮呻吟还问爽不;[04-18]
https://www.ds76.xyz/movie.php?id=5710581624880433;苗条骚气眼镜妹子双人啪啪秀第三部 口交上位骑乘后入多种姿势啪啪 呻吟诱惑;[04-18]
https://www.ds76.xyz/movie.php?id=8050333815626800;好摄之徒作品-摄影师内射极品白嫩模特，细长大长腿绝美的炮架;[04-18]
https://www.ds76.xyz/movie.php?id=806465214118361;极品肉弹美女性爱好技术挡不住丰满冲动啪啪作品 妹子肉肉大屁股翘的很销魂颜值身材给力鸡动想操720P高清;[04-18]
https://www.ds76.xyz/movie.php?id=4719651127234101;美腿女主播与粉丝激情互动 揉搓美乳猛插骚穴 拍摄角度绝佳 3部曲;[04-18]
https://www.ds76.xyz/movie.php?id=2538915164768696;奶子上有纹身的超短裙性感同事参加公司年会后在KTV玩的太嗨喝多了被男同事带到酒店半推半就给干了;[04-18]
https://www.ds76.xyz/movie.php?id=821024561300873;风吟鸟唱出品童颜嫩模喵喵为了上位真够拼的主动让巨屌导演啪啪;[04-18]
https://www.ds76.xyz/movie.php?id=4437765968032181;骚气美少妇情趣装床上脱光全裸自慰秀 道具JJ抽插自慰毛毛比较多 呻吟诱惑;[04-18]
https://www.ds76.xyz/movie.php?id=1437906119972467;三个美女并排翘美臀后入啪啪猛操 大长腿模特级女神啪啪口爱轮操美鲍浪穴;[04-18]
https://www.ds76.xyz/movie.php?id=3201551884412765;高价约操兼职极品女神，长裙飘飘温柔可人，身材棒颜值高温婉体贴态度好;[04-18]
https://www.ds76.xyz/movie.php?id=6661547590047121;站炮后入黑丝浪穴骚宝宝 淫水白浆 把腰不停怼操BB 娇淫浪叫 直接无套内射小骚货淫穴 特写视角 高清1080P版;[04-18]
https://www.ds76.xyz/movie.php?id=8712456491775811;【真实自拍】星级酒店1000元约操新来的性感短裙高跟丰满美女,先操一次做完服务后又被爆操一次.国语对白!;[04-18]
https://www.ds76.xyz/movie.php?id=3248707088641822;性感长发美女大早上要求男友在宾馆中干爽她，真是太漂亮了啊。一眼看去，好像像刘亦菲;[04-18]
https://www.ds76.xyz/movie.php?id=8392106979154050;精品少妇高档公寓里约嫖大叔洗白白客厅沙发尽情操无套表情很淫荡很精彩;[04-18]
https://www.ds76.xyz/movie.php?id=9086595824919642;民宅摄像头破解偸拍4对夫妻日常过性生活第1对孩子睡着了俩人激情第3对年轻夫妻最刺激娇妻叫声好听体位多;[04-18]
https://www.ds76.xyz/movie.php?id=858324994333088;高颜值主播大脸u收费房自摸逼逼躺着呻吟娇喘 超刺激;[04-18]
https://www.ds76.xyz/movie.php?id=1739110094495117;颜值不错美女主播妍妹妹直播大秀 身材好木耳粉 激情自慰;[04-18]
https://www.ds76.xyz/movie.php?id=1712468205951154;民宅摄像头被黑强开TP身材瘦弱年轻纹身潮妹与老公不停变换体位激烈啪啪两个宠物狗观战最后射出的精子喂狗;[04-18]
https://www.ds76.xyz/movie.php?id=8939941022545099;两个大胆学生竟然在班级门口野战;[04-18]
https://www.ds76.xyz/movie.php?id=8271814044564962;颜值不错非常骚眼镜妹子大尺度秀 椅子上玩扩阴器尿尿玻璃棒抽插;[04-18]
https://www.ds76.xyz/movie.php?id=4179504667408764;高颜值气质美少妇情趣装自慰 跳蛋塞逼逼自摸呻吟娇喘非常诱人;[04-18]
https://www.ds76.xyz/movie.php?id=8119698967784643;19岁大二文静性感的大奶美女周日被男友带到出租屋挑逗后用尽全力干,还让女孩自己拍摄,操的美女说：我要,快点!...;[04-18]
https://www.ds76.xyz/movie.php?id=4201634167693555;漂亮美女主播倾城小骚货8.6一多自慰大秀 奶子很大 跳蛋自慰 逼逼流了不少水;[04-18]
https://www.ds76.xyz/movie.php?id=4939981489442289;骚气少妇去网吧厕所道具自慰 脱光光拿出道具JJ蹲着快速抽插呻吟娇喘诱人;[04-18]
https://www.ds76.xyz/movie.php?id=3801811360754072;清纯漂亮美女主播17岁的雨季收费自慰大秀 木耳好粉嫩;[04-18]
https://www.ds76.xyz/movie.php?id=2358557940460741;台湾SWAG『吉娜』G奶巨乳 新年新愿望就是淫荡干一炮满满的内射 中文字幕;[04-18]
https://www.ds76.xyz/movie.php?id=8677442441694438;大叶大学-视觉传达设计系-王采薇-内射-性爱影片完整版;[04-18]
https://www.ds76.xyz/movie.php?id=2476276694796979;酒店约炮快手网红美女脱下内裤后入激情抽插小骚货 穿着上衣诱惑十足;[04-18]
https://www.ds76.xyz/movie.php?id=9073263034224510;宅男福利高颜值极品女神小主播希希新买高震率内置自慰器小粉穴搞出好多白浆直说受不了了好爽清晰对白;[04-18]
https://www.ds76.xyz/movie.php?id=8307350566610694;开资有钱了家里叫个上门服务的大学生援交妹貌似吃延迟葯了各种干都不射妹子着急了说还没完你能快点嘛无水印...;[04-18]
https://www.ds76.xyz/movie.php?id=9951626947149634;不要拍了啊90后小情侣激情做爱自怕;[04-18]
https://www.ds76.xyz/movie.php?id=5950820832513273;短发漂亮萌妹子主播床上自慰抠逼道具JJ抽插上位骑乘 声音好听呻吟诱惑;[04-18]
https://www.ds76.xyz/movie.php?id=1977240252308547;年纪不大的妹子露脸玩的很嗨，道具真不少换着花样的满足狼友的各种欲望，爆菊花天气热了给逼来瓶啤酒，非常刺激;[04-18]
https://www.ds76.xyz/movie.php?id=7541428310796618;颜值不错可爱妹子很有肉感 露逼狂插 真想拿吊草她;[04-18]
https://www.ds76.xyz/movie.php?id=2779238042421639;【短发御姐】骚熟女两男两女4P啪啪，情趣装网袜口交上位骑乘抽插，搞完再假屌自慰抽插;[04-18]
https://www.ds76.xyz/movie.php?id=4823707072064281;露脸抄底超市也能碰到这样的美女,颜值高身材也棒棒;[04-18]
https://www.ds76.xyz/movie.php?id=2778364047408104;老乌龟原创05闲来无事搭讪勾搭实习极品空姐;[04-18]
https://www.ds76.xyz/movie.php?id=9328510439954698;91得得哥见网友买支冷饮后迫不及待地去酒店，一进门就脱衣服开搞;[04-18]
https://www.ds76.xyz/movie.php?id=3653942635282874;PANS模特熙熙、折折、紫萱大尺度私拍内部收费版流出 人体剃毛绳技 给力四连发 国语对白 打包4V1;[04-18]
https://www.ds76.xyz/movie.php?id=8542701136320829;会计系时尚漂亮大学美女和男友假期旅游酒店激情啪啪自拍,肤白貌美,平时还爱刮逼毛,操的大汗淋漓继续干!;[04-18]
https://www.ds76.xyz/movie.php?id=8661229908466339;北漂离异小姐姐 趁着姘头没在家 穿着镀金的胸罩出来勾搭“小男人” 性欲超强 喜欢玩花样 一嘴的淫语 让人受...;[04-18]
https://www.ds76.xyz/movie.php?id=756873213686049;土豪实力砸重金邀请康先生帮他调教97年前凸后翘的九头身美女依依,身材真性感,全身没有一丝赘肉!干着太爽了!;[04-18]
https://www.ds76.xyz/movie.php?id=7417672844603658;91小鲜肉（改名秦先生）之韩小希约炮系列视频完整原版;[04-18]
https://www.ds76.xyz/movie.php?id=7413989775814116;新来的实习女师给体育健将泻泻火 鲜嫩脚丫子笔直就撸起;[04-18]
https://www.ds76.xyz/movie.php?id=9935000548139214;奶子大逼儿肥颜值高的骚主播全程高能演绎，自己揉捏坚挺大奶很诱人，肥逼特写道具插入菊花也爆，高潮喷水叫声骚;[04-18]
https://www.ds76.xyz/movie.php?id=2178880455903709;平面模特兼职网红女主播北鼻揭开姨妈巾让没有见过世面的狼友看看月经期的逼逼特写裸体诱惑;[04-18]
https://www.ds76.xyz/movie.php?id=9297348554246128;长相清纯萌妹子性感黑色网袜 沙发上漏奶漏逼诱惑小秀;[04-18]
https://www.ds76.xyz/movie.php?id=2621911587193608;奶子很大风骚少妇梦然 一多自慰大秀 跳蛋自慰棒一起用 很是淫荡;[04-18]
https://www.ds76.xyz/movie.php?id=2630317155271768;第一坊户外女主播狭小的车震后直接麦田里和大肚男尻逼，这姿势跟猪刨食似的;[04-18]
https://www.ds76.xyz/movie.php?id=6917897723615170;恩爱小夫妻凌晨现场直播啪啪大秀 先洗澡后口交啪啪 换了不少姿势 场面刺激 国语对白;[04-18]
https://www.ds76.xyz/movie.php?id=2983180074952543;PR社尤物女神の我是你可爱的小猫大尺度诱惑福利60套打包合集;[04-18]
https://www.ds76.xyz/movie.php?id=6319614257663488;乳神主播偷情找我呀 街头搭讪好色大叔 直接在楼道脱光开始肏穴 紧张又刺激;[04-18]
https://www.ds76.xyz/movie.php?id=191950765438377;韩国超级美女与男友在酒店大床上激战;[04-18]
https://www.ds76.xyz/movie.php?id=1530848983675241;弄醒情趣丝袜健身炮友猛干，最后女上位骑射;[04-18]
https://www.ds76.xyz/movie.php?id=5227111782878637;王牌女神好多狼粉都想肏她的网红主播瞳孔制服学生装假屌二指禅自摸高潮喷水;[04-18]
https://www.ds76.xyz/movie.php?id=8301241938024759;约炮达人〖人送外号陈冠希〗回归激情大战性感纹身美臀舞蹈老师 胯下跪舔 感情不错可以无套随便操 爆射一身;[04-18]
https://www.ds76.xyz/movie.php?id=963747194036841;白羊声音甜美性感女主播，情趣内衣骚浪诱惑，脱光自慰呻吟，淫语不断第一弹;[04-18]
https://www.ds76.xyz/movie.php?id=3827108270488679;离异富姐喜欢帅哥猛男我和表哥一块赴约3P高清无水印;[04-18]
https://www.ds76.xyz/movie.php?id=2337926090694964;小伙酒店开房小纸片召唤一个身材颜值不错的小姐露脸普通话对白;[04-18]
https://www.ds76.xyz/movie.php?id=2367344233207404;非常漂亮的女主播和男友户外狼友只会草比;[04-18]
https://www.ds76.xyz/movie.php?id=6025589820928872;【360】12月份天狼台超级稀缺-年轻情侣干完一炮裸体打闹嘻戏，阴毛浓密抠穴摸奶搂搂抱抱;[04-18]
https://www.ds76.xyz/movie.php?id=2735724896192550;台湾大学生和大鸡巴外籍男友淫荡的同居生活;[04-18]
https://www.ds76.xyz/movie.php?id=3068561642430722;罕见露B露鸡巴大尺度禁片啪啪刺激作品《谎言字幕版》激情佳作 小美女身材很苗条鞭打吞吐插入感觉要虚啊;[04-18]
https://www.ds76.xyz/movie.php?id=2926712436601519;猥琐摄影师用铁链困住麻豆，拍完软磨硬炮终于上了她;[04-18]
https://www.ds76.xyz/movie.php?id=3214737065136432;水柔姐姐经典之作-母女俩一起服务纯情小鲜肉上下夹攻轮流操,爽飞了!国语淫荡对白;[04-18]
https://www.ds76.xyz/movie.php?id=8463726569898427;高颜值留洋海归美女刚回国就被男友接到公寓啪啪,太猛了直接把美女干的受不了躲到厕所又被拉出来继续干!;[04-18]
https://www.ds76.xyz/movie.php?id=8917889473959804;黑丝大高跟美丽女王变态调教男奴舔脚舔逼亮点在最后男奴喜欢吃女王的粑粑口味轻者慎入对白下流;[04-18]
https://www.ds76.xyz/movie.php?id=7642211602069438;对白清晰蛋叔微信约草风骚实习小律师穿着情趣渔网内衣草 姿势太风骚了 年轻身材苗条的妹子就是可以随便弄啊;[04-18]
https://www.ds76.xyz/movie.php?id=6549579990096390;这大哥好猛没脱衣服就干上了，衣服越来越少干的越来越猛，各种姿势爆草抽插持久力真强，小嫂子被干的上天了;[04-18]
https://www.ds76.xyz/movie.php?id=8193072481080890;老妈发现女儿有男朋友后传授性知识给女儿 以身演示是如何勾引男人 对白有趣;[04-18]
https://www.ds76.xyz/movie.php?id=670456867665052;91网友邀请康先生武汉酒店一起3P 97年在校大学生,妹子被调教的非常淫荡,2人轮流终于吃不消了说：你还没射,快...;[04-18]
https://www.ds76.xyz/movie.php?id=1696438714861869;年轻嫩妹处女_粉嫩嫩幼熙0109一多自慰大秀 经验还不多 有点害羞 自慰揉穴很诱人;[04-18]
https://www.ds76.xyz/movie.php?id=5032252068631351;老污龟 淫荡少妇偷情人妻;[04-18]
https://www.ds76.xyz/movie.php?id=4711218564771116;某地高颜值三线美女明星私下兼职外围,重金约到酒店啪啪,36E巨乳美胸,性感大长腿狠狠抽插,干的高潮不断!;[04-18]
https://www.ds76.xyz/movie.php?id=9508189754560590;极品骚货异常白嫩小穴阴毛修理的很性感嗲嗲的淫叫;[04-18]
https://www.ds76.xyz/movie.php?id=9475057404488326;年轻的学妹露脸制服诱惑，大秀直播口交假阳具，跳弹摩擦阴蒂骚逼特写给你看，叫着老公来草我呻吟浪叫不止;[04-18]
https://www.ds76.xyz/movie.php?id=7435421803966165;极品美女主播魅心黑丝护士情趣制服道具自慰秀;[04-18]
https://www.ds76.xyz/movie.php?id=1842603581026196;年轻小妹妹不想上学可以在网上挣钱了，露脸身材苗条奶子发育的很不错，坚挺诱人网上买的道具自慰骚逼呻吟;[04-18]
https://www.ds76.xyz/movie.php?id=6618981291539967;《A探花郎君》5千块约炮高颜极品孕妇酒店激情做爱各种姿势猛操大声娇喘淫叫;[04-18]
https://www.ds76.xyz/movie.php?id=3373670410364866;最新推特极品女神福利姬『九狐仙』大尺度啪啪私拍流出 啪啪猛操 各式露出 深喉口交 高清私拍97P 高清720P版;[04-18]
https://www.ds76.xyz/movie.php?id=5130781307816505;91混血哥001-为国争光大战中俄混血极品洋妞高清完整版;[04-18]
https://www.ds76.xyz/movie.php?id=2809268832206726;艺校露脸长发妹子大白天挡着窗帘家中慢慢脱光衣服全方位自拍 今天的内裤我喜欢;[04-18]
https://www.ds76.xyz/movie.php?id=1725811972282827;小伙打牌赢钱后到酒店花了600元狂操包臀短裙性感美女技师,2人有说有笑的,美女不仅被干了还被男的偷拍了过程...;[04-18]
https://www.ds76.xyz/movie.php?id=4489194317720830;兼职卖淫全过程实录---超靓的18岁极品露脸白嫩妹子还没发育好，就在宾馆和2位猛男玩3P，射在逼外;[04-18]
https://www.ds76.xyz/movie.php?id=9649771261028946;高颜值白虎萌妹子大白美乳道具自慰 慢慢脱掉单腿丝袜椅子上震动抽插高潮喷水;[04-18]
https://www.ds76.xyz/movie.php?id=6854116329923272;附近约的骚少妇趁她老公不在在她家偷情 露脸自拍很敏感呻吟声很细腻;[04-18]
https://www.ds76.xyz/movie.php?id=3211039248853922;骇客破解家庭探头窥视辑 不同年龄夫妻居家性爱生活 孤寂人妻手淫辣妈哺乳更衣（第一部）;[04-18]
https://www.ds76.xyz/movie.php?id=2243019114248454;【91少女杀手】穿着可爱粉红睡衣的小女友被掀开被子，鲍鱼菊花好干净，少女青春的肉体插进去很快就有水了，马上让...;[04-18]
https://www.ds76.xyz/movie.php?id=6592741538770497;家庭实况360监控拍中年夫妻在客厅沙发上看电视看着看着大叔就扒下老婆的内裤一把扯掉老婆的姨妈巾;[04-18]
https://www.ds76.xyz/movie.php?id=132906120270490;身材苗条骚情主播白虎水润粉穴晴宝 一多自慰大秀 无毛木耳插的淫水汪汪;[04-18]
https://www.ds76.xyz/movie.php?id=4334953301586210;酒店偷拍模特身材女神级长腿美女被连玩带操干到高潮后 坐在鸡巴上主动求操;[04-18]
https://www.ds76.xyz/movie.php?id=9607760896906256;好菜让猪啃了长的像BABY的女神美女和小鸡鸡肚腩胖哥啪啪了看得狼友牙痒痒;[04-18]
https://www.ds76.xyz/movie.php?id=6493410621769726;短发少妇女优林美玲直播自慰秀 棉袜肉丝按摩器震动道具JJ抽插逼逼无毛;[04-18]
https://www.ds76.xyz/movie.php?id=9448774312622846;露脸黑丝离婚少妇太饥渴了，多种姿势爆草连口活都用上了才能满足她;[04-18]
https://www.ds76.xyz/movie.php?id=5879858508706093;【金莲小仙女】重庆妹子户外露出，桥下脱光把路过的大叔撩拨得欲火焚身一把抱住，野外裸体惊呆各路村民;[04-18]
https://www.ds76.xyz/movie.php?id=765349091961979;KK 有钱公子哥周末酒店约会90后校内在读大学生美眉刚入行不久略显羞涩奶大臀肥女仆装干的娇喘呻吟好嫩720P...;[04-18]
https://www.ds76.xyz/movie.php?id=4113512053154409;颜值不错兮西直播秀 身材很是丰满 激情自慰;[04-18]
https://www.ds76.xyz/movie.php?id=351477121002972;长相清纯漂亮嫩妹美女漫漫灬 一多自慰大秀 身材苗条 木耳粉嫩淫水多;[04-18]
https://www.ds76.xyz/movie.php?id=5155168683268130;国庆媳妇有事回老家把小姨子留在我这边，终于等到机会下药玩弄昏睡的95年小姨子;[04-18]
https://www.ds76.xyz/movie.php?id=4513734257780015;身材正点90后性感火辣留学女与老外男友激战 疯狂骑乘操逼;[04-18]
https://www.ds76.xyz/movie.php?id=6834351103752851;诱人空姐抽着烟口活技术犹如岛国女优，有精彩对白;[04-18]
https://www.ds76.xyz/movie.php?id=9271631864830852;萌妹子翘屁股被闺蜜脱下内裤道具抽插 大白屁股按摩器震动逼逼双头龙抽插;[04-18]
https://www.ds76.xyz/movie.php?id=2037097830325365;农村留守骚妇小姑子和嫂子又勾搭了同村的一个戴草帽大叔野战一个骑鸡巴一个坐在人家嘴上;[04-18]
https://www.ds76.xyz/movie.php?id=177304642274975;大陆自产第一部农村题材毛片 农民伯伯乡下妹 真枪实弹最后乱伦父亲操女儿 国语;[04-18]
https://www.ds76.xyz/movie.php?id=9129866296425462;【野狼出击】约了个长发少妇TP啪啪，洗完澡口交上位骑乘大力猛操;[04-18]
https://www.ds76.xyz/movie.php?id=4238917911425233;WANIMAL王动H罩杯纯天然巨乳Cream 神乳诱惑视频合集;[04-18]
https://www.ds76.xyz/movie.php?id=6315834987908602;丰满36D刚生完小孩的白嫩妹纸先摆POSE让色师拍 再狂吃大J8;[04-18]
https://www.ds76.xyz/movie.php?id=8043760336004198;【百度云泄密系列】美女大学生郑伊与男友啪啪记录视频;[04-18]
https://www.ds76.xyz/movie.php?id=3109137336723506;《私密养生会所》男技师带徒弟观摩实习推油抠逼手法啪啪时徒弟在一旁看;[04-18]
https://www.ds76.xyz/movie.php?id=3388129929080605;情趣装黑丝袜露脸人妻家中赚外快 蝴蝶骚逼自己抠表情很骚;[04-18]
https://www.ds76.xyz/movie.php?id=7511864919215441;很是清纯美女嫩妹主播漫漫 一多大秀 身材苗条颜值高 小穴还挺粉嫩;[04-18]
https://www.ds76.xyz/movie.php?id=8851501694880426;窗口偷拍女孩洗澡被发现惊叫----那就壹刻我也惊呆了;[04-18]
https://www.ds76.xyz/movie.php?id=8058421793393791;一类狼友爱看的蛇妖大圆臀撞击;[04-18]
https://www.ds76.xyz/movie.php?id=314208758063614;午休时带妹妹去宾馆来一炮，口活真不错;[04-18]
https://www.ds76.xyz/movie.php?id=8990074349567294;巨乳嫩妹大奶摇灬莎啦啦7.30一多大秀 一对奶子很大 屁股也很丰满 揉奶搓逼自慰;[04-18]
https://www.ds76.xyz/movie.php?id=4550776346586645;【真实灌醉】真实灌醉白富美大长腿导游小姐身材极品！;[04-18]
https://www.ds76.xyz/movie.php?id=7579333214089274;“使劲插儿子妈妈想要了”对白非常淫荡保养很不错的风骚熟女阿姨与干儿子乱伦激情69内射中出骚妈叫声给力10...;[04-18]
https://www.ds76.xyz/movie.php?id=9391539520584046;女性私密保健（XJJspa油）男技师给骚少妇按摩推油阴户长的真多毛性感忍不住插了进去;[04-18]
https://www.ds76.xyz/movie.php?id=5019210446625948;漂亮小美女肉肉身材随意品尝很刺激性奋啪啪作品《女高校生伪日记高清版》激情佳作 制服白嫩操穴销魂啊;[04-18]
https://www.ds76.xyz/movie.php?id=7511543915607035;最新推特大神『烟鬼的Harley』大尺度私拍流出 极品身材 浴缸全裸插入玩嗨了;[04-18]
https://www.ds76.xyz/movie.php?id=790805523283779;高价约操高颜值大波嫩妹 黑丝网情趣诱惑 这火辣身材操得浑身是劲;[04-18]
https://www.ds76.xyz/movie.php?id=8246670993976295;颜值不错御姐主播小少妇梦梦直播大秀 激情自慰;[04-18]
https://www.ds76.xyz/movie.php?id=7221747674047947;含有亚裔血统的美女和男友一起啪啪啪自拍 这无毛粉木耳太诱人了;[04-18]
https://www.ds76.xyz/movie.php?id=71323234587907;2016深圳内衣展唯美性感美女模特内衣走秀L-02;[04-18]
https://www.ds76.xyz/movie.php?id=4955447688698769;金发少妇车上隔着牛仔裤发骚,等待啪友上车去后排就是一顿爆操;[04-18]
https://www.ds76.xyz/movie.php?id=9256329666823148;高颜值御姐型美女主播 全裸露奶诱惑 床上用大号自慰器自慰 骑乘 然后在椅子上用假JJ插逼高潮喷水 非常诱人;[04-18]
https://www.ds76.xyz/movie.php?id=7514687106013298;出租房卫生间窗外偷拍A罩杯飞机场平胸妹冲凉,需要哥进来帮你搓背么;[04-18]
https://www.ds76.xyz/movie.php?id=1524497629143297;东莞选妃叫了个漂亮美女 激情口交啪啪 暗拍直播;[04-18]
https://www.ds76.xyz/movie.php?id=3800506358966231;气质熟女姐姐优雅肉肉勾引小鲜肉刺激硬了啪啪作品《华丽的外出》字幕佳作 妹子质量不错文雅性感冲动要操;[04-18]
https://www.ds76.xyz/movie.php?id=7979556727223098;海洋房年轻大学生情侣开房啪啪眼镜男外表文质彬彬骨子闷骚清纯美女被床头操到床尾姿势玩遍了干了2炮;[04-18]
https://www.ds76.xyz/movie.php?id=9191729286685586;长相清纯萌妹子自摸奶子呻吟娇喘 椅子上按摩器小振动棒抽插自慰;[04-18]
https://www.ds76.xyz/movie.php?id=3020250126719475;身材丰满白皙风骚少妇R喷射尖叫不停0108一多自慰大秀 奶大逼肥 阴毛不多逼逼很粉嫩 自慰插穴很是淫荡;[04-18]
https://www.ds76.xyz/movie.php?id=4144102982245385;坐盗市流出新系列高级坐厕前拍都是些高素质美女角度不错能看到逼逼;[04-18]
https://www.ds76.xyz/movie.php?id=6929890369065106;小情侣日常嬉戏玩耍,短发微胖妹子肉感十足,奶子不小;[04-18]
https://www.ds76.xyz/movie.php?id=4283899147994816;精品名门夜宴偷拍系列漂亮女模拍内衣广告被摄影师和女助手套路偷拍;[04-18]
https://www.ds76.xyz/movie.php?id=6410140441730618;广航飞机师肥唐嫖妓偷拍会所新来样子还很嫩的湖南妹子前三个都没射第四个终于把唐哥弄射了;[04-18]
https://www.ds76.xyz/movie.php?id=9598228237591684;91国产小青蛙-匠心之作街头搭讪性感女神啪啪高清无水印完整版;[04-18]
https://www.ds76.xyz/movie.php?id=8641403727233410;国产AV剧情刚应聘上岗的华裔小森哥趁着公司没人冒充老板上了前来求职的欧洲洋妞720P中文字幕;[04-18]
https://www.ds76.xyz/movie.php?id=4097817405126989;91大神YY哥一手调教非常调皮可爱的学生妹周日中午逃课出来约炮哭腔呻吟从清纯妹已脱变成淫娃了对白精彩淫荡;[04-18]
https://www.ds76.xyz/movie.php?id=8354498725384474;精挑细选露脸抄底几位不错的妹子逛超市;[04-18]
https://www.ds76.xyz/movie.php?id=1975099621340632;漂亮气质御姐美女主播收费直播大秀 颜值不错身材好 自慰插穴 十分淫荡;[04-18]
https://www.ds76.xyz/movie.php?id=8242150559090078;重磅福利最新发布-极品36H罩杯性感大美女醉酒睡着后被各种玩弄,玩胸,狠狠爆操到喷尿,最后还射到超级大奶上！;[04-18]
https://www.ds76.xyz/movie.php?id=1842688960023224;肤白貌美如画一样的小美女犬，羞涩的笑容真是太清纯了！没事遛遛狗，有事操一操的小日子！;[04-18]
https://www.ds76.xyz/movie.php?id=8221941511146724;院校刚毕业的小嫩妹三人行直播啪啪含苞待放的肉体！;[04-18]
https://www.ds76.xyz/movie.php?id=8470549397170544;精品国产自拍佳作-淫荡少妇酒店与两男子玩3P第二部 720P高清无水印完整版;[04-18]
https://www.ds76.xyz/movie.php?id=2478471263311803;高颜女大学生 【骚逼小萝莉】女神裸体直播 收费AV跳蛋 后来玩啪啪秀 找闺蜜私聊 借男朋友;[04-18]
https://www.ds76.xyz/movie.php?id=3108456293120980;全程露脸 高潮表情特写 内射 女友外出第二部 喊着要大爷大鸡巴 高清;[04-18]
https://www.ds76.xyz/movie.php?id=9379330566152930;会玩的主播护士兼职依依系列二，丝袜情趣道具插逼露脸大秀，呻吟浪叫让你射;[04-18]
https://www.ds76.xyz/movie.php?id=2195189874619245;颜值不错长发美女主播豹纹短裙网袜脱光光跳蛋自慰秀一直呻吟很是诱惑毛毛比较多;[04-18]
https://www.ds76.xyz/movie.php?id=2659561978653073;【丝袜美腿系列】极品条纹黑丝女神香奈儿沙发床发浪 情人爆裂黑丝爆操 侧插小骚货浪叫呻吟很爽的样子 推荐;[04-18]
https://www.ds76.xyz/movie.php?id=5127888922579587;离婚小少妇思雅雅为了生活真不容易，露脸镜头前裸露身体揉捏大奶，表情还有点淡淡的忧伤第二弹;[04-18]
https://www.ds76.xyz/movie.php?id=3718275618739426;教室里操清纯漂亮的学生妹，无套狂插内射还玩颜射美女被糟蹋JJ虽小 可是这个射出来的子弹有点多啊;[04-18]
https://www.ds76.xyz/movie.php?id=724214329384267;91新人Dr哥顶级大片原创-约啪附近院校166CM极品高跟大长腿制服美女,高挑极品身材,这是妹子初尝约炮的滋味!;[04-18]
https://www.ds76.xyz/movie.php?id=4331934633664787;大宇宙国妹子颜值高 身材很好 插着自慰棒 随音乐摇摆身姿 十分诱惑;[04-18]
https://www.ds76.xyz/movie.php?id=4535753298550844;押尾猫开裆黑丝自嗨肛塞黑丝足交;[04-18]
https://www.ds76.xyz/movie.php?id=1480353190563619;年轻漂亮小嫩妹小墨儿哟 一多大秀 逼缝紧紧的像一线天 扣穴掰穴自慰;[04-18]
https://www.ds76.xyz/movie.php?id=5020951684564352;极品爆乳女神私人玩物VIP会员版之白毛衣水晶棒 速插淫荡粉穴 白浆淫水流 潮喷呻吟 高清720P完整版;[04-18]
https://www.ds76.xyz/movie.php?id=9377821357920766;女子SPA养生馆《私处保健直播偷拍》性感美臀少妇推油中药敷背被男技师扣到喷水没让干就满足了;[04-18]
https://www.ds76.xyz/movie.php?id=2129240203648805;清纯白嫩妹子被无套内射 男的鸡吧长得很奇怪;[04-18]
https://www.ds76.xyz/movie.php?id=3760168077424168;洋老外米糕2016最新胡志明约炮貌似吃素的骨感美眉;[04-18]
https://www.ds76.xyz/movie.php?id=9327278020791710;人美b受罪,说话很幽默的嫩妹果聊,18公分大器具紫薇,水流的到处是,爱喝水的狼友有福了;[04-18]
https://www.ds76.xyz/movie.php?id=5946999820880592;排骨小帅哥终于把坚挺大波丰腴的干姐姐降服床上激情啪啪啪穿上开档黑丝干姐姐貌似还是一线馒头逼;[04-18]
https://www.ds76.xyz/movie.php?id=2490260568447411;高中生的课后淫乱生活，【汐汐最迷人】2男2女淫乱啪啪，青春活力的嫩妹子初尝人事欲求不满，淫靡刺激撸管必备;[04-18]
https://www.ds76.xyz/movie.php?id=8242859435267746;91大神仓本C仔未流出过的1080P高清原版视频中国式AV-包臀秘密的情事;[04-18]
https://www.ds76.xyz/movie.php?id=9013831876218318;【网曝门事件】漂亮骚女友与男友性爱自拍高清流出 翘美臀后入让快点操 高清私拍736P 超清1080P原版无水印;[04-18]
https://www.ds76.xyz/movie.php?id=8110607578419149;少妇到同学时的前男友处帮收拾房间被抠出兴趣一顿操;[04-18]
https://www.ds76.xyz/movie.php?id=6932485518045723;变态丈夫找几个陌生人一起干自己老婆 多部合而为一;[04-18]
https://www.ds76.xyz/movie.php?id=5705491658300161;极品G奶巨乳女主播 胸型很好 又圆又大 内裤都没穿 不停搓揉;[04-18]
https://www.ds76.xyz/movie.php?id=6114916447550058;真实19岁高中制服处女高级私人定制 自玩极品粉鲍淫液流 处女摸特写 完美身材 白丝诱惑篇 高清1080P完整版;[04-18]
https://www.ds76.xyz/movie.php?id=3111812588758766;身材苗条的美女主播 露奶 露逼诱惑 穿着开裆性感黑丝骚舞诱惑 特写BB;[04-18]
https://www.ds76.xyz/movie.php?id=7008641152642667;十一月黑客破解网络摄像头老外国内叫鸡穿着学生制服69深后口爆后入式;[04-18]
https://www.ds76.xyz/movie.php?id=8993834657594562;奔驰哥几万泡到的学生妹，约到家中啪啪，浴室开始口交后入不过瘾，床上再来干一番，嫩妹清纯身材好;[04-18]
https://www.ds76.xyz/movie.php?id=4412490921095013;最新流出大学生刘玥和逼逼粉嫩的闺蜜被洋老外康爱福轮流草口爆的样子非常淫骚;[04-18]
https://www.ds76.xyz/movie.php?id=2516331993974745;颜值不错清纯嫩妹直播大秀 身材很苗条激情大秀;[04-18]
https://www.ds76.xyz/movie.php?id=2581016602925956;外表清纯内心闷骚型妹子与热恋男友激情造爱又撸又口非常骚被男友夸你太厉害了有这样女友真性福1080P原版;[04-18]
https://www.ds76.xyz/movie.php?id=5067746704444289;身材苗条长相漂亮美女主播36D小桃桃自慰秀第五弹 情趣内衣丝袜诱惑 奶子坚挺小穴漂亮;[04-18]
https://www.ds76.xyz/movie.php?id=7380564878694713;91苏州猛男出品-极品混血美乳女友女仆装厨房勾引我 翘美臀大屌后入猛操 上演厨房激情啪啪性战 高清1080P版;[04-18]
https://www.ds76.xyz/movie.php?id=9677430451847612;【萝莉和御姐姐妹花双人】双女69姿势互舔，丝袜诱惑抠穴，身材好美乳有一个还是馒头逼，翘臀细腰淫靡场景相当劲爆;[04-18]
https://www.ds76.xyz/movie.php?id=1627797610126435;跑车福利の蛮漂亮的美女主播养乐多直播自拍福利视频21V合集;[04-18]
https://www.ds76.xyz/movie.php?id=6027443059720099;日本漫展公然偷拍还偷偷用手摸了一下女的下体 太刺激了 (3);[04-18]
https://www.ds76.xyz/movie.php?id=4467295482754707;漂亮小妹尽情的施展口交技术,两下功夫就招架不住了;[04-18]
https://www.ds76.xyz/movie.php?id=7165432181209326;高端美女系列-看直播认识的168CM校花级女主播,36C大胸,送了不少礼物才撩到手的,颜值高狂插30分钟.1080P原版...;[04-18]
https://www.ds76.xyz/movie.php?id=6922982465475798;山东菏泽学院大三学生趁夜晚来到教学楼，跳蛋塞到粉嫩鲍鱼中，偷偷露出小翘乳，颜值清纯漂亮乖巧私下居然这么骚;[04-18]
https://www.ds76.xyz/movie.php?id=2796968542970717;女人骚起来真的不需要男人的工资，某医院的中年妇女上班期间直播，白打褂包裹赤裸身体自慰诱惑;[04-18]
https://www.ds76.xyz/movie.php?id=6236357628367841;颜值不错大奶少妇诱惑自慰秀 露奶露逼跳蛋震动近距离特写非常诱人;[04-18]
https://www.ds76.xyz/movie.php?id=2242738213390112;商场更衣室偷拍，各种少妇试穿各式比基尼,雪白粉嫩大奶子和张开的大阴唇看得我鸡巴硬挺挺的;[04-18]
https://www.ds76.xyz/movie.php?id=6434594541788101;黑丝诱惑极品身材后入大屁股女上位自己动;[04-18]
https://www.ds76.xyz/movie.php?id=8526054504327476;逼肥奶大的高颜值主播，胸前贴的纹身很漂亮，道具抽插骚逼淫水直流，淫声浪语想要被哥哥的大几把干;[04-18]
https://www.ds76.xyz/movie.php?id=194052606821060;绝美校花男友分手后上传不雅片 脸蛋身材真的很好，好美 被这种渣男干总是可惜了;[04-18]
https://www.ds76.xyz/movie.php?id=261146300472319;变态骚货家中玩炮机，自插爽到哇哇只叫;[04-18]
https://www.ds76.xyz/movie.php?id=1190285687334835;蘑菇头短发文静少女 黑衬衫女上位骑马 有点萌 累了就侧躺撅屁屁像宠物猫样 被男友猛入;[04-18]
https://www.ds76.xyz/movie.php?id=4243352869525552;坚挺大白美乳短发妹子自慰秀 情趣护士装椅子上按摩器震动逼逼大奶诱人;[04-18]
https://www.ds76.xyz/movie.php?id=8137718606740236;大长腿美女玩弄鸡巴性奋作品 白色丝袜苗条好身材看着很心动，嫩乳圆臀真想插进去720P高清;[04-18]
https://www.ds76.xyz/movie.php?id=5778085566125810;清纯大奶农村小美女和乡下小伙在家后院竹林里直播啪啪 好B都让狗操了;[04-18]
https://www.ds76.xyz/movie.php?id=8461348046548665;摄影大师KK哥年轻时期经典作品中国绳艺SM调教尺度相当大乳夹滴蜡鞭打口器球吸奶器插穴KK哥强迫肉棒插嘴国语;[04-18]
https://www.ds76.xyz/movie.php?id=5163845713250339;91-夯先生(风月老司机)番号17（全网首发）五星酒店大干某校园178CM超漂亮的大长腿排球校队嫩妹下部,晚上干完后...;[04-18]
https://www.ds76.xyz/movie.php?id=9436731659807264;新春福利最新众筹风吟鸟唱模特乔依琳被摄影师玩逼口交视频流出;[04-18]
https://www.ds76.xyz/movie.php?id=5216665873304009;小渣女的日常，房间里的群P生活，渣男渣女的性派对，口交舔逼互草比赛，淫声浪语激情不断，精彩不要错过;[04-18]
https://www.ds76.xyz/movie.php?id=3105929698795080;91航哥出品1月最新原创精品大片-约啪抖音APP上认识的95年小精灵，开裆黑丝极致诱惑69式 ～1080P高清完整版！;[04-18]
https://www.ds76.xyz/movie.php?id=5904366406612098;年龄看着不大萌妹,学生制服,身材极佳微胖,有点小肉肉的,小茓肥美;[04-18]
https://www.ds76.xyz/movie.php?id=1270575458183884;91wushirenfeijzj 背着男友出来约炮的骚货 被无套操的满脸红润捂着嘴呻吟;[04-18]
https://www.ds76.xyz/movie.php?id=7502500424161553;操逼操累了叫肯德基外卖补补热量 送来之前再干一炮露脸;[04-18]
https://www.ds76.xyz/movie.php?id=6661234768107533;烫发头大奶少妇 胸上有纹身 口交假鸡巴 穿着黑色丝袜 假JJ插逼自慰大秀 边打电话边自慰 超级刺激;[04-18]
https://www.ds76.xyz/movie.php?id=2964946846477687;国产剧情AV淫色微电影我的机器女友男朋友请射进来小沐不会怀孕;[04-18]
https://www.ds76.xyz/movie.php?id=8126098490320146;最新流出AFG精品年轻漂亮美少女泳池边与大肉棒帅男友激情啪啪哦耶哦耶尖叫不停画面唯美诱人1080P超清;[04-18]
https://www.ds76.xyz/movie.php?id=4745503612793982;最新网红美少女『草莓味的软糖呀』会员版新作-红色高跟鞋之春潮 完具入穴高潮 淫语浪叫 高清1080P原版收藏;[04-18]
https://www.ds76.xyz/movie.php?id=8997007864527404;漂亮年轻主播穿着豹纹黑丝和炮友啪啪大秀 完事自己揉穴自慰 奶子大小穴嫩;[04-18]
https://www.ds76.xyz/movie.php?id=9297084398567676;高颜值御姐美女主播穿着COS女警服 把自慰棒吸在炮友头上坐插 这也太会玩了;[04-18]
https://www.ds76.xyz/movie.php?id=2747088368050754;91大神秦先生【第十部】- 一夜连续宠幸两位妹子全记录真是人帅吊遭罪全程32分钟精彩图文解说 ～720P高清无水...;[04-18]
https://www.ds76.xyz/movie.php?id=3937057950533926;【酒店探花】小伙酒店高价约美女上门服务，颜值高看着挺清纯，换上黑丝口交后入啪啪也是淫荡的不行;[04-18]
https://www.ds76.xyz/movie.php?id=6621034843847156;颜值不错苗条身材【小表妹】双人啪啪，开裆黑丝情趣内裤拨开大力猛操;[04-18]
https://www.ds76.xyz/movie.php?id=5895017632283270;颜值不错大二学妹直播大秀 勾搭男人激情口交啪啪;[04-18]
https://www.ds76.xyz/movie.php?id=8645646707154810;身材苗条骚气眼镜妹子单人道具自慰秀 全裸床上大力骑坐道具JJ多种姿势换着玩 很是诱惑不要错过;[04-18]
https://www.ds76.xyz/movie.php?id=2881598356179893;玩转极限Tumblr爆乳优优MI之《守望先锋》DVA压胸主后入视角打屁股玉指扒开淫穴露出粉肉让你看 高清720P版;[04-18]
https://www.ds76.xyz/movie.php?id=746580609120428;小骚货睡眼惺忪就要我操她嫩逼 大机吧一阵狂草;[04-18]
https://www.ds76.xyz/movie.php?id=3600711682811379;迷人的白嫩少妇，露脸看着超有感觉，黑丝情趣圆润的奶子，按在桌子上激情狂怼，吸着小烟快活似神仙;[04-18]
https://www.ds76.xyz/movie.php?id=7940583103336394;手机直播福利之性感小嫩模露脸激情，黑丝情趣内衣，道具抽插骚逼有特写，看着淫水真想干她一炮;[04-18]
https://www.ds76.xyz/movie.php?id=4127393788658082;高颜值白皙妹子【童颜巨乳】一字马揉搓大奶，大黑牛震动肥逼近距离特写;[04-18]
https://www.ds76.xyz/movie.php?id=9642267082817852;98年妹子主动求调教，用温柔的小舌头细心给我口交吃了精最后圣水射她嘴里;[04-18]
https://www.ds76.xyz/movie.php?id=1586736650206148;微博姬邻座的怪阿嫩妹松会员视频5部道具商场试衣间撒尿玩露出;[04-18]
https://www.ds76.xyz/movie.php?id=3727018712088465;极品美女主播网约嫖客直播爱爱不想大哥是个老司机各种姿势操个遍套套用了好几个;[04-18]
https://www.ds76.xyz/movie.php?id=7359307743608952;91苏州猛男新作-寂寞黑丝爆乳妞邀大屌猛男家中激情干炮 爆裂黑丝多姿势无套抽插 淫荡浪叫 高清1080P完整版;[04-18]
https://www.ds76.xyz/movie.php?id=5721710263751447;远赴越南采花圣地，约个大长腿越南妹上门啪啪，体力真是好干得妹子鬼哭狼嚎欲罢不能;[04-18]
https://www.ds76.xyz/movie.php?id=5586744146421552;汝工作室7月最新作品超酷发型华裔小哥强搞洋妞钟点工1080P高清原版;[04-18]
https://www.ds76.xyz/movie.php?id=8915220866911113;九月破解家庭网络摄像头偷拍年轻夫妻把小孩哄睡后开干，我草这男的操逼动作不知道咋形容;[04-18]
https://www.ds76.xyz/movie.php?id=1545307356864214;私圈大二骚妹浙江美术学院气质美女吴X晶宿舍，身体写字涂鸦自嗨样子骚到没朋友;[04-18]
https://www.ds76.xyz/movie.php?id=8944079638458788;最新福利『风吟鸟唱』极品清纯靓模琳儿大尺度私拍流出 露脸吃大屌 无套插入 高清私拍204P 高清1080P视图版;[04-18]
https://www.ds76.xyz/movie.php?id=6442502634599805;跑车福利の声音嗲嗲的大奶美女近距离特写道具自慰震动棒加跳蛋玩的很嗨;[04-18]
https://www.ds76.xyz/movie.php?id=3722443021833896;土豪五星级酒店约啪36E爆乳实习空姐第三季-大奶干起来一甩一甩的,非常爽;[04-18]
https://www.ds76.xyz/movie.php?id=5857505942694843;很是风骚的骚货少妇 全裸漏奶露逼诱惑 床上口含假JJ 自慰器摩擦阴蒂 叫声淫荡 假JJ骑乘 非常诱人;[04-18]
https://www.ds76.xyz/movie.php?id=5673714899457991;最强推特极品网红女神『白袜袜格罗丫』新春啪啪特辑-兔女郎袜之空 疯狂骑乘;[04-18]
https://www.ds76.xyz/movie.php?id=2831735820509493;重庆江北五里店这波波打奶炮肯定舒服了，皮肤颜值都还行去耍过的都晓得，能各方面都让我满意;[04-18]
https://www.ds76.xyz/movie.php?id=27262917719781;91有钱人高价约炮极品大长腿外围女模修长身材镂空网袜暴干呻吟娇喘干的叫爸爸普通话对白;[04-18]
https://www.ds76.xyz/movie.php?id=9605555729940534;白嫩骚逼充分享受大机吧带来的快感 操的很凶猛 叫的一塌煳涂;[04-18]
https://www.ds76.xyz/movie.php?id=1487160609103739;极品身材舞蹈学院漂亮妹子主播一字马噼腿跳蛋自慰骚穴阴唇有点厚;[04-18]
https://www.ds76.xyz/movie.php?id=4051476139575243;91C仔大战长腿名模爱杏美,抱起来干时美女说：好痛啊,放开我这样我会受伤的！操爽后美女还拍了长大鸡巴照片做纪...;[04-18]
https://www.ds76.xyz/movie.php?id=5471872799098492;颜值不错黄发妹子和炮友双人啪啪 逼逼塞跳蛋揉搓69互舔拉着手后入猛操 很是诱惑不要错过;[04-18]
https://www.ds76.xyz/movie.php?id=4533681846223772;文静清秀美女和男友在家的激情性交自拍 被插得小穴受不了浪叫 男友把内裤塞她嘴里对着镜子继续后入 1080P高...;[04-18]
https://www.ds76.xyz/movie.php?id=6742481668479741;老哥稳啊 身材高挑的的大洋妞 他一次能干两个;[04-18]
https://www.ds76.xyz/movie.php?id=9566078502684832;几个技校读书的零零后真会玩寒冷冬夜KTV卫生间包房一边唱一边操逼真缺德拿喝酒杯洗鸡巴;[04-18]
https://www.ds76.xyz/movie.php?id=89527838863432;高颜值苗条白虎妹子双人啪啪 口交上位骑乘抽插不够爽再用跳蛋;[04-18]
https://www.ds76.xyz/movie.php?id=2496651569381356;太大胆了,女神级网红脸大胸美女和男友开车到乡村路上开着车门肏逼啪啪,路过的人都回头看,又到路上干.国语!;[04-18]
https://www.ds76.xyz/movie.php?id=7098286594264209;SWAG 最新极品女神剧情系列-漂亮小姨子勾引姐夫开房做爱 被姐姐现场抓奸 竟发现姐姐拉链没拉好 高清720P完...;[04-18]
https://www.ds76.xyz/movie.php?id=4032421880401671;“快点日我，我要尿了”少妇被干到喷尿，喷的好高，露脸;[04-18]
https://www.ds76.xyz/movie.php?id=60986275784671;约炮达人《全国探花》雀儿满天飞-爆操90后丰满大屁股美乳妹纸操的生猛内射对白精彩淫荡;[04-18]
https://www.ds76.xyz/movie.php?id=9755101944319904;寂寞小妹独守空房，乳房小巧可爱乳头还有点儿内陷，阴毛稀疏身材苗条，720P原版;[04-18]
https://www.ds76.xyz/movie.php?id=7189172254875302;潇洒哥皇帝会所干漂亮小骚货 女上后入爆干淫水很多;[04-18]
https://www.ds76.xyz/movie.php?id=7521674293093383;宅男撸管推荐刷跑车福利吴音音露脸啪啪不是一般的精彩;[04-18]
https://www.ds76.xyz/movie.php?id=3865983900614083;非常耐操的淫荡调情师大姐，奶大肥臀被姨妈巾蒙面小哥哥多姿势猛草揉捏大奶子，叫声销魂诱人第三弹;[04-18]
https://www.ds76.xyz/movie.php?id=7171507966704667;小姐姐服务什么的都挺好,就是太能吹牛B.呵呵;[04-18]
https://www.ds76.xyz/movie.php?id=9668069039471448;约了一个短头发小骚逼，很认真的吃鸡巴，舔蛋蛋，这男的好性福;[04-18]
https://www.ds76.xyz/movie.php?id=5328505774959922;OL装性感短裙售楼小姐为了业绩不惜主动上门服务客户,丰满美臀翘着屁股干,搞完后被迫换上黑丝网袜又操!;[04-18]
https://www.ds76.xyz/movie.php?id=7872541570104659;房东在出租屋的桌子下偷放监控摄像头每天每时每刻偷窥情侣的日常生活;[04-18]
https://www.ds76.xyz/movie.php?id=5551268667913973;火辣女神笑醉红颜露脸走私，高跟大长腿美到爆，水晶棒插入粉嫩骚逼，看她表情听她呻吟，真想干她一炮;[04-18]
https://www.ds76.xyz/movie.php?id=8437449866905808;对白清晰稀有洞穴情趣酒店偷拍女同开房貌似春哥的女背背口活非常厉害;[04-18]
https://www.ds76.xyz/movie.php?id=4331363639794290;极品网红脸萝莉主播珊珊猫露脸闺房全裸直播3V逼逼粉嫩粉嫩的阴毛好少很性感清晰对白1;[04-18]
https://www.ds76.xyz/movie.php?id=3469731644727289;颜值不错短发少妇多人群P啪啪大秀 3男3女口交大力猛操看着非常诱人;[04-18]
https://www.ds76.xyz/movie.php?id=7056094622239470;【奶味小仙女】身上倒酸奶再舔浴缸足交，吊带网袜后入性感大屁股，快速抽插最后内射;[04-18]
https://www.ds76.xyz/movie.php?id=8151096003130078;大款土豪精品原版大片-为国争光约战俄罗斯175CM高跟丝袜无毛大长腿美女,身材惹火,又白又嫩!1080P高清无水印...;[04-18]
https://www.ds76.xyz/movie.php?id=9178144037723542;露脸身材很好的璃儿情趣和服激情一多，大奶子大屁股标准的炮架，道具抽插呻吟不断，欠操的表情真骚;[04-18]
https://www.ds76.xyz/movie.php?id=2858851472847163;太疯狂了-小伙带女友和她极品性感美女闺蜜一起酒店开房,让闺蜜勾引送外卖小哥啪啪,干完后4人又到KTV群交直...;[04-18]
https://www.ds76.xyz/movie.php?id=4541722405701876;娇喘小婊妹露脸约炮小哥哥就是有一股骚劲，舔鸡巴的样子真让人兴奋，逼逼毛都没有被大鸡巴爆草，呻吟浪叫不断;[04-18]
https://www.ds76.xyz/movie.php?id=3335032924078405;国产TS系列小语秀妈风骚伺候胖直男，小语被插的同时还插秀妈;[04-18]
https://www.ds76.xyz/movie.php?id=5134966750629246;怪咖办公楼公厕多角度盗录白领放尿（第二部）;[04-18]
https://www.ds76.xyz/movie.php?id=2282405905425548;骚气少妇情趣装黑丝双人啪啪 口交大力猛操搞完再用道具JJ自慰高跟鞋根抽插 很是诱惑不要错过;[04-18]
https://www.ds76.xyz/movie.php?id=5299571664072573;黑丝情趣长腿姑娘露脸女神级大秀，粗长黄瓜抽插阴道爆菊淫声浪语不断，手抠到高潮，鸡巴进去会不会断;[04-18]
https://www.ds76.xyz/movie.php?id=6298793777823448;最淫养生之道-私密保健会所【女子养生SPA】技师超神服务全身推油按摩保健 舒爽啪啪 专注玩操美少妇 高清收...;[04-18]
https://www.ds76.xyz/movie.php?id=1705571296624839;九一新人峰哥酒店约啪一个做美妆的兼职美女服务挺不错的长相甜美唯一的遗憾就是灯光有点暗;[04-18]
https://www.ds76.xyz/movie.php?id=4985966011881828;UT宅男女神主播 拿着麦克风坐在椅子上慢慢脱掉衣服 下面毛毛好多;[04-18]
https://www.ds76.xyz/movie.php?id=264615952037274;全国探花约的老公外出打工,很久没性生活非常主动的少妇激情啪啪;[04-18]
https://www.ds76.xyz/movie.php?id=9806474065408110;91大神重金约炮锥子网红脸大波外围女模特大长腿性感丝袜沙发上各种体位爆操720P高清;[04-18]
https://www.ds76.xyz/movie.php?id=4275519759394228;酒店服务员过来询问遥控器是不是坏啦，服务员走后立马开干！;[04-18]
https://www.ds76.xyz/movie.php?id=3576542567461729;寂寞的美女晚上约我去他房间里玩她，奶头粉嫩，小比很紧，淫水他别多，叫声一公里都能听到;[04-18]
https://www.ds76.xyz/movie.php?id=2956254831515252;老哥探花约了个性感包臀裙大奶少妇TP啪啪 深喉口交上位骑乘大力猛操呻吟诱人;[04-18]
https://www.ds76.xyz/movie.php?id=169916264712810;颜值不错浪荡骚小妹妹1113直播大秀 激情啪啪自慰 喜欢别错过;[04-18]
https://www.ds76.xyz/movie.php?id=6760425991378725;长发口罩妹子黑衣情趣装自慰秀 椅子上按摩器震动自慰高潮喷水;[04-18]
https://www.ds76.xyz/movie.php?id=1833902411162853;裸贷没钱还肉偿-陈X思八分钟完整版;[04-18]
https://www.ds76.xyz/movie.php?id=5622006654739380;【全国寻花】约了个颜值不错苗条大奶妹子，口交上位骑乘大力猛操，;[04-18]
https://www.ds76.xyz/movie.php?id=6438715127296746;【重磅福利】超靓的妞美女主播(妍妍胸最大)福利直播合集+微信福利17V合集;[04-18]
https://www.ds76.xyz/movie.php?id=7198439072817564;风骚美少妇依依穿着黑网丝 自慰大秀 还和男模模型大玩啪啪秀 流了好多水;[04-18]
https://www.ds76.xyz/movie.php?id=9378431043587626;91富二代KG重金约啪南京95年168CM高颜值极品外围女水蛇般骨感美宾馆啪啪干完一炮休息一会又干一炮1080P超清;[04-18]
https://www.ds76.xyz/movie.php?id=441994098946452;【重金自购】真实【自拍】-缺钱想买重机，和男友自拍特写性爱影片;[04-18]
https://www.ds76.xyz/movie.php?id=9850204000249506;秦先生新作-闲着没事干，不小心约了个浪妇。酒店狂插露脸气质白富美女神-1080P;[04-18]
https://www.ds76.xyz/movie.php?id=1103914766572415;3313jtoo-沙发上多姿势爆肏苗条女友完整版;[04-18]
https://www.ds76.xyz/movie.php?id=3142084628343582;普通话对白全程露脸大学生情侣开房啪啪口爆全过程男友爱爱很生猛女友身材一流娇喘呻吟好听还说全是水720P高...;[04-18]
https://www.ds76.xyz/movie.php?id=5958344964310527;最新价值2000软妹币秀人网极品童颜巨乳『小尤奈』大尺度私拍流出-狂野纹身 翘美臀美穴 全裸诱惑 高清720P版;[04-18]
https://www.ds76.xyz/movie.php?id=5703791938722134;乡村县城暗拍丰艺大舞台草台班子舞女们载歌载舞大胆表演真空大噼叉露奶扒逼给你看还有与台下互动的掌声一片...;[04-18]
https://www.ds76.xyz/movie.php?id=2974071260541677;高颜值高收费高挑身材官方精品兔子一多大秀，制服诱惑黑丝白丝搭配，自慰呻吟水超多，秀完还陪聊;[04-18]
https://www.ds76.xyz/movie.php?id=4994783615693450;好身材大长腿网红美女主播户外直播和大鸡鸡炮友到古墓前啪啪 胆子真大;[04-18]
https://www.ds76.xyz/movie.php?id=8600411089137197;颜值不错的温柔妹子这样的生活太向往了美景操穴啪啪作品 高质量美女大长腿肉肉起伏吞吐鸡巴要硬啊720P高清;[04-18]
https://www.ds76.xyz/movie.php?id=2010579095222056;最萌中国版芭比娃娃『沐儿』和炮友激情啪啪 极品爆乳 完美身材 无套速插 暴力抽插 饥渴求操 两干两炮;[04-18]
https://www.ds76.xyz/movie.php?id=7300273287110031;女主好漂亮气质柔柔心动挡不住想狠狠操啊啪啪作品《花芯高清字幕版》激情佳作 极品人妻高潮偷情刺激冲动;[04-18]
https://www.ds76.xyz/movie.php?id=4379347828216851;RP社网红女神自拍系;[04-18]
https://www.ds76.xyz/movie.php?id=7919362764805555;颜值不错苗条身材美乳妹子口交秀 黑色丝袜跳蛋塞逼逼口交道具JJ骑乘;[04-18]
https://www.ds76.xyz/movie.php?id=516298399306833;美女主播一个人在宿舍玩跳蛋自慰;[04-18]
https://www.ds76.xyz/movie.php?id=8911994514055550;社会小情侣开房打炮 没几分钟就射了 不过过一会又打了一炮;[04-17]
https://www.ds76.xyz/movie.php?id=7238492406904697;91风流大神桑拿会所包间享受韵味十足大奶子漂亮美少妇镂空网袜性感诱惑多体位爆操后入大奶乱颤普通话1080P...;[04-17]
https://www.ds76.xyz/movie.php?id=4713147790171206;小美女养乐多和网友双人激情啪啪 口交啪啪;[04-17]
https://www.ds76.xyz/movie.php?id=3579121711663902;91大神xh98hx（珍藏版）第9集假cos 机巧少女不会受伤 干物妹小埋;[04-17]
https://www.ds76.xyz/movie.php?id=3276177812367677;绿帽阳痿男小娇妻的第二梦连续勾搭饿了么美团两个外卖小哥玩3P偷拍对白精彩;[04-17]
https://www.ds76.xyz/movie.php?id=4280254039913416;微博红人 兔牙萌萌VIP付费视频 高清原版 第一部;[04-17]
https://www.ds76.xyz/movie.php?id=2534776455722749;91校长出品精品第八季-为国争光海天盛筵之选秀俄罗斯美女 强插丰臀巨乳金发俄罗斯美女 高清1080P版;[04-17]
https://www.ds76.xyz/movie.php?id=8781049028038979;小青年宾馆约会正在上班戴着胸牌请假出来约炮的妹子开始装相边干边玩手机游戏操一会感觉来了尖叫不停也不玩...;[04-17]
https://www.ds76.xyz/movie.php?id=2991195167414844;杭州年轻漂亮的大学美女被鸡巴粗长的男友干的淫水直流,肏的啪啪响,冲刺时的淫叫声和撞击声简直绝了!;[04-17]
https://www.ds76.xyz/movie.php?id=9748768555000424;你大爷还是你大爷 ！老大爷老当益壮和自己儿媳妇扒灰,两人均露脸,给他用手撸嘴巴含,最后坐上去啪;[04-17]
https://www.ds76.xyz/movie.php?id=346775539219379;漂亮御姐七公主和炮友双人激情啪啪秀 舔逼啪啪 很是淫荡;[04-17]
https://www.ds76.xyz/movie.php?id=6061478191986680;出差到北京找来微信好友刚好姨妈只能口交了 骚货技术真不错直接吹射了“你要射我嘴里啊”;[04-17]
https://www.ds76.xyz/movie.php?id=3345357445068657;约拍某大学女生 亲自给她买白丝换上直接撸管爽爆了;[04-17]
https://www.ds76.xyz/movie.php?id=3745873332954943;最新重金购买某平台白肤美女主播小提子最美酒店约炮土豪粉丝啪啪这粉丝喜欢草嘴呻吟给力;[04-17]
https://www.ds76.xyz/movie.php?id=846119858324527;邱美女清纯气质心动想操作品《夏日狂情高清修复版》字幕佳作 妹子下体露毛超性感看的性奋鸡动制服不错;[04-17]
https://www.ds76.xyz/movie.php?id=6216502804309130;最好勾搭的小姨子，饥渴难耐，一勾搭就上钩了一头长发皮肤白皙 爆操到瘫软淫叫;[04-17]
https://www.ds76.xyz/movie.php?id=2796725993975997;邻家妹妹般的女孩雪儿 胸部丰满挺括 腰细臀圆 道具插屄;[04-17]
https://www.ds76.xyz/movie.php?id=738013847731053;跑车福利の极品网红模特李梓熙粉丝福利21部大秀25小时打包合集;[04-17]
https://www.ds76.xyz/movie.php?id=9813788556493818;巨乳系前YY娱乐搞笑主播小莹因赌博输光家产改行黄播与炮友车震真想咬一口她的性感大乳蒂;[04-17]
https://www.ds76.xyz/movie.php?id=4913623323664069;粉嫩少女【布丁大法】性感的黑丝袜 小穴已经很久没有被搞过了，摸一下就出很多淫水 我好骚啊，香香的穴好想被舔...;[04-17]
https://www.ds76.xyz/movie.php?id=8363725086674094;逼逼无毛才是爱，奶子也很诱人，身材不错的小少妇居家自我安慰，道具插逼跳弹塞里面，AV棒摩擦阴蒂自慰呻吟;[04-17]
https://www.ds76.xyz/movie.php?id=8256465983577073;气质不错高颜值妹子性感黑丝高跟鞋 椅子上翘着诱人大屁股跳蛋塞入抽插呻吟;[04-17]
https://www.ds76.xyz/movie.php?id=671446030028164;【家庭偷窥】最新破解家庭摄像头 偷窥啪啪啪-多部合集（第一部）;[04-17]
https://www.ds76.xyz/movie.php?id=2616319828666746;高颜值妹纸直播大秀~;[04-17]
https://www.ds76.xyz/movie.php?id=2035067896358668;完美露脸 171CM极品细长腿美乳小网红女神泡沫 在酒店浴缸给人口交后入啪啪啪 这身材极品中的极品;[04-17]
https://www.ds76.xyz/movie.php?id=1687194029800593;精品自拍-黑丝露胸短裙性感美女在地下停车场被色狼按在车里啪啪,掀开短裙穿的竟是开档丝袜情趣内裤,国语!;[04-17]
https://www.ds76.xyz/movie.php?id=9612157247029244;棚户区站街女暗拍连续接客的小鸡被四眼仔快速的抽插有些吃不消面带憔悴;[04-17]
https://www.ds76.xyz/movie.php?id=4544888408854604;极品户外勾搭爆乳大神『苍井美』夜晚勾搭屌丝带回家打炮做爱 连干两炮 第二炮没套了直接内射 高清完整版;[04-17]
https://www.ds76.xyz/movie.php?id=9149769041687250;女上位猛操极品身材美女，大力抽插小骚货声声浪叫，娇嫩美乳，粉嫩美逼，感觉妹子快爽翻了;[04-17]
https://www.ds76.xyz/movie.php?id=7548754056915641;【高质量国产精品】《江苏极品身材白嫩少妇与人开房自拍视频流出，54分钟高清视频》;[04-17]
https://www.ds76.xyz/movie.php?id=2562367520295083;美体会所偷窥三个闷骚型美白领和少妇激光脱毛,要是搞群飞肯定能爽死;[04-17]
https://www.ds76.xyz/movie.php?id=2210441473871469;主题酒店：清纯水嫩的小美女被身强体壮性经验丰富的小伙玩弄干了5次真是太厉害了!;[04-17]
https://www.ds76.xyz/movie.php?id=2137730545364320;少妇找私家侦探偷拍到老公嫖娼的离婚证据;[04-17]
https://www.ds76.xyz/movie.php?id=9481939962133766;大淫棍洋土豪米糕东莞行直击酒店公关小姐坐一拍任糕爷挑选最后挑个看起来小清新长发东北妹;[04-17]
https://www.ds76.xyz/movie.php?id=7896861322224140;天气热了出租房内各种美女放纵的动作被拍下;[04-17]
https://www.ds76.xyz/movie.php?id=6366348061710596;四眼小哥约炮丰满美艳少妇 肉肉的感觉 穿上亮光的厚黑色丝袜 妹子舌功了得 干完一炮还口爆 舒服的仙仙欲死;[04-17]
https://www.ds76.xyz/movie.php?id=7599811609834433;高考成绩终于出来，舅妈终于答应我可以背着舅舅在厕所来一炮 还不断催我快一点 你猜我会吗？;[04-17]
https://www.ds76.xyz/movie.php?id=7662863750010729;长相清纯萌妹子自摸奶子娇喘椅子上按摩器震动棒抽插;[04-17]
https://www.ds76.xyz/movie.php?id=9597531203180552;极品美臀嫩鲍美少女柚木酒店肛塞自慰私拍 可爱萝莉嫩妹黑丝没脱滴蜡夹乳;[04-17]
https://www.ds76.xyz/movie.php?id=8037615953944623;颜值不错短发萌妹子道具自慰秀 椅子上自摸奶子玻璃棒抽插呻吟娇喘;[04-17]
https://www.ds76.xyz/movie.php?id=2674331283196807;【午夜寻花】约了个牛仔外套妹子TP啪啪，沙发调情舌吻摸逼再到床上猛操，呻吟娇喘连连非常诱人;[04-17]
https://www.ds76.xyz/movie.php?id=8258555135689676;逼逼无毛丰满身材大红唇少妇道具自慰 情趣透视装跳蛋塞入震动高潮出水;[04-17]
https://www.ds76.xyz/movie.php?id=4137614252977073;北京通州的大胸颜值主播【黛蜜儿】酒店约炮，浴缸里洗完鸳鸯浴就开干，阴毛浓密小穴粉嫩，风骚淫荡性格好，极品尤物...;[04-17]
https://www.ds76.xyz/movie.php?id=2067833393812179;最新2019极品爆乳女神『麻酥酥哟』内部福利-蕾丝睡衣洗手台大J8自慰插粉穴 高清私拍31P 高清720P原版收藏;[04-17]
https://www.ds76.xyz/movie.php?id=8362710680812597;这个美女很符合审美大鸡巴进出视觉冲击力太强了刺激冲动啪啪作品 妹子有颜值有身材丰满肉肉流口水啊720P高...;[04-17]
https://www.ds76.xyz/movie.php?id=877859406173229;非常骚气少妇菊花插尾巴肛塞炮击大秀 搞完逼逼搞菊花不够爽带毛毛虫套 很是诱惑不要错过;[04-17]
https://www.ds76.xyz/movie.php?id=3237916650250554;一男五女多人啪啪大秀 轮流口交上位骑乘自己动非常诱人;[04-17]
https://www.ds76.xyz/movie.php?id=4928120444528759;偷拍极品混乱的娱乐圈明星潜规则，这导演干的真厉害淫水都干成了白沫;[04-17]
https://www.ds76.xyz/movie.php?id=9290313525125384;土豪大屌哥2000元网约170CM高颜值外围美女酒店啪啪,各种姿势干的淫叫：你好猛,喜欢你操我,你插得好深,逼里好...;[04-17]
https://www.ds76.xyz/movie.php?id=1042203847318887;最新汤不热很火的女神嫩妹小鸟酱黑丝女警制服足交口交性交全来一遍无套啪啪啪嗲嗲呻吟撸点很高720P高清;[04-17]
https://www.ds76.xyz/movie.php?id=4058488337323069;大学表演系妹子和男友激情爱爱自拍视频不幸流出,造福广大狼友们;[04-17]
https://www.ds76.xyz/movie.php?id=8367991670966148;91大神番薯哥逛会所遇上临检妈咪给介绍个很有味道在家兼职卖的离异少妇穿着情趣内衣在客厅干;[04-17]
https://www.ds76.xyz/movie.php?id=1776386615820229;高颜值小姐姐和小胖子双女秀 全裸诱惑 躺在床上小胖子帮小姐姐舔逼 手指抠逼自慰 爽的不行 叫声淫荡;[04-17]
https://www.ds76.xyz/movie.php?id=7083037132397294;爱丝小仙女思妍：沙发啪啪高跟黑丝女秘书;[04-17]
https://www.ds76.xyz/movie.php?id=6857297341339290;肏得读艺校的小骚货不停叫好大的JB 淫水不断流哦哦哦不停的浪叫;[04-17]
https://www.ds76.xyz/movie.php?id=1536914240568876;怪盗咪J RE~反撃の悪戯～VOL.34 ゴルフコンパで知り合ったパイパン巨乳・キョウコちゃん;[04-17]
https://www.ds76.xyz/movie.php?id=3764696768485009;PR社稀缺福利档 价值万元 完具少女W（完具m）全套视图无水印原版福利合集;[04-17]
https://www.ds76.xyz/movie.php?id=3139801435172558;青春靓丽呆萌小学妹在家自拍洗香香 奶子粉嫩 貌似毛没长全这么小就学网红玩自拍;[04-17]
https://www.ds76.xyz/movie.php?id=715559110976755;36E美乳大胸美女和聊了很久的网友酒店第一次偷情,有点害羞不配合被男的强行拉掉裤子干,美女累瘫了又拉起来...;[04-17]
https://www.ds76.xyz/movie.php?id=2930314149707556;撩妹大神聊天软件勾搭的寂寞女白领纤纤细指皮肤白嫩窗台旁边干边看外面嗲叫说爸爸快点不行了对白淫荡1080P...;[04-17]
https://www.ds76.xyz/movie.php?id=7253317036665976;最新2018重磅福利网红尤物女神少女私人玩物之赫斯缇雅(会员版)水汪汪嫩穴玩的大开 不多解释 秒懂下(附图47P...;[04-17]
https://www.ds76.xyz/movie.php?id=638196133077144;Jk制服白丝学妹足交口爆;[04-17]
https://www.ds76.xyz/movie.php?id=9723913846537470;果贷新流出00年河南美女刘思梦自拍全裸紫薇扣逼视频;[04-17]
https://www.ds76.xyz/movie.php?id=4688307032920420;丰满型的芸芸私拍视频，肥逼嫩胸看着好想吃;[04-17]
https://www.ds76.xyz/movie.php?id=1498048468492925;猛男双飞两个骚浪贱，情趣黑丝舔逼口交真带劲，激情爆操女上位后面还有揉奶子的，浪叫呻吟不断真刺激;[04-17]
https://www.ds76.xyz/movie.php?id=4026150982826948;韩国演艺圈成名嫩模大尺度唯美写真自拍720P高清无水印;[04-17]
https://www.ds76.xyz/movie.php?id=2803817926906049;哥们儿到新开的桑拿所点个长发妹子撸管 双视角TP果然很爽;[04-17]
https://www.ds76.xyz/movie.php?id=7169724637642503;国模柔柔工作室私拍撅着屁股被导演掰穴特写1080P高清无水印;[04-17]
https://www.ds76.xyz/movie.php?id=8544283765368164;美乳女神版小鸟酱Kotori 最新多人系列 黑白双丝美女姐妹花油滑足交美屌;[04-17]
https://www.ds76.xyz/movie.php?id=6095533240586519;肥满的少妇穿着肉丝被狂干高清无水印;[04-17]
https://www.ds76.xyz/movie.php?id=3900001696310937;顶级大牌多位女星119分钟完整版《偷情宝鉴》受不了身子要虚了 女神级尤物惊艳乳房好身材绝对经典看了好几遍...;[04-17]
https://www.ds76.xyz/movie.php?id=8815121836960;萌妹网红骚伊伊在工厂外露出下体疯狂自慰 水晶棒抽插小穴 高潮后还喷尿失禁了 最后被炮友内射 1080P原版;[04-17]
https://www.ds76.xyz/movie.php?id=3289935351349413;迷人的少妇宝儿露脸镜头前拿刮胡刀修剪阴毛，漂亮的蝴蝶逼两侧刮的很干净，淫水很多刮完厕所洗洗，道具插入浪叫高...;[04-17]
https://www.ds76.xyz/movie.php?id=6428257687948644;91人鱼哥酒店约啪大奶子杭州外送妹子草到她表情销魂的呻吟1080P高清版;[04-17]
https://www.ds76.xyz/movie.php?id=3133483924902975;情侣开房 分手流出 猛男激情后入女友 大力啪啪 声音清脆 女友也是骑马高手 高清720P;[04-17]
https://www.ds76.xyz/movie.php?id=6960560004226863;年龄不大清纯甜美邻家妹妹大秀好身材。微乳看着好可爱，小穴粉嫩;[04-17]
https://www.ds76.xyz/movie.php?id=6620261743664742;性欲旺盛的美女少妇老公出差寂寞难耐和网友酒店私会,说最喜欢用香蕉插,不停的拍打逼逼求操,干的一浪一浪的!;[04-17]
https://www.ds76.xyz/movie.php?id=7947206441313028;2女1男极品嫩妹子激情口交啪啪轮流操B口交诱人;[04-17]
https://www.ds76.xyz/movie.php?id=1818724111653864;颜值不错00后小花旦直播大秀 身材苗条 激情自慰;[04-17]
https://www.ds76.xyz/movie.php?id=9720151522196830;大神狗哥周末酒店约啪艺校清纯美少女学妹身材苗条皮肤光滑被搞的啊啊动情淫叫小腚太翘了720P高清原版;[04-17]
https://www.ds76.xyz/movie.php?id=206227847374975;一坊新人高颜值主播南山小妹0313一多男女啪啪大秀 妹子很漂亮 口交啪啪很是诱人;[04-17]
https://www.ds76.xyz/movie.php?id=9454574449919164;韩国某美女主播援交被偷拍，一边被后入还一边聊天，玩遍各种姿势很享受喔;[04-17]
https://www.ds76.xyz/movie.php?id=7613138146698475;颜值不错大奶妹子酒店双人啪啪 振动棒抽插无毛美穴再大力猛操;[04-17]
https://www.ds76.xyz/movie.php?id=6000460023060441;手机直播超大巨乳眼镜萌妹子全裸漏奶漏逼秀;[04-17]
https://www.ds76.xyz/movie.php?id=9622635995037854;【今日推荐】青春无悔性爱趴〖18岁白虎〗超美极品高中学妹群P乱操 3男冲刺3女 白虎美女最受欢迎抢着操;[04-17]
https://www.ds76.xyz/movie.php?id=2859534136950969;魔鬼身材性感美乳女神大尺度挑逗私拍VIP付费作品;[04-17]
https://www.ds76.xyz/movie.php?id=2241060915403068;真实廉价棚户区系列年轻鸡妹们可以满足不同年龄段外出打工的农民工们生理需求加钱就能内射;[04-17]
https://www.ds76.xyz/movie.php?id=6138823633082211;各种居家隐秘私生活TP露出大合集蹲在床上操媳妇和在客厅抱着媳妇边走边草的夫妻是真猛啊;[04-17]
https://www.ds76.xyz/movie.php?id=6504010735079646;小胖墩宾馆大战风韵犹存熟女干妈小鸡鸡不大但很持久饥渴干妈爽的一阵一阵的高潮淫叫国语对白;[04-17]
https://www.ds76.xyz/movie.php?id=4636169699952006;91秦先生系列之颜值爆表的极品网红白富美完整版;[04-17]
https://www.ds76.xyz/movie.php?id=2464028866961598;最新超牛逼格拉斯的苏州探花〖杨导撩妹〗约白领制服妹纸KTV口爆做爱 酒店啪啪 丰臀美乳迷迷煳煳就操了;[04-17]
https://www.ds76.xyz/movie.php?id=1194966239854693;风吟鸟唱最新流出国模张文君给摄影师吃大鸡巴逼逼还挺性感肥厚1080P高清原版;[04-17]
https://www.ds76.xyz/movie.php?id=8081873869523406;颜值不错丰满草莓熊直播大秀 双人激情口交啪啪;[04-17]
https://www.ds76.xyz/movie.php?id=4140567323192954;91粉粉小胸脯主题酒店-逍遥椅内射性感女仆连体肉丝小骚屄,爽的直说：我是小骚货,以后结婚婚了还让哥哥继续操!;[04-17]
https://www.ds76.xyz/movie.php?id=4197251438163221;xh98hx “操的好舒服好粗的鸡巴”富二代爆操学院派美少女嫩妹饱满奶子阴毛性感沙发桌子上无套抽插娇喘大声...;[04-17]
https://www.ds76.xyz/movie.php?id=5846183123067021;真的超级骚的少妇主播 一多自慰插穴大秀 说各种骚话淫荡表情口水直流 插穴自慰;[04-17]
https://www.ds76.xyz/movie.php?id=8868670025840402;原味小辣椒OL制服黑丝 情趣内衣 大香蕉插入自慰 跳蛋辅助刺激流了好多淫水;[04-17]
https://www.ds76.xyz/movie.php?id=5909540178254247;身高1米73的极品苏杭女神【大四音乐系学姐】首次下海黄播 处女秀 全裸、特写、道具自慰、高潮喷水 床上打湿...;[04-17]
https://www.ds76.xyz/movie.php?id=1904283771291375;户外女神冰冰老师，气质淑女御姐控，全程露脸车内全裸玩逼自慰69口交，野外激情啪啪，无人的呻吟放荡的呻吟;[04-17]
https://www.ds76.xyz/movie.php?id=3702507051639259;对白淫荡搞笑眼镜哥小旅店玩刚出来卖不久的嫩鸡还问这么小年纪就学会玩冰火啦边草边调侃爆干妹子大声呻吟高...;[04-17]
https://www.ds76.xyz/movie.php?id=9869937631301582;真实情侣性爱自拍 和刚破处的小女友再尝禁果 无套直接插入 连续抽插干的太猛还有点疼 逼紧声浪高清1080P版;[04-17]
https://www.ds76.xyz/movie.php?id=4198370091617107;出差的饥渴少女太寂寞 在旅馆外勾搭男人做爱 超主动脱下他的裤子帮他吃屌 乳交啪啪;[04-17]
https://www.ds76.xyz/movie.php?id=4288426013663411;外站流出-韩国妹子 黑丝开裆袜 女上位骑马 腰马合一 夹得男友低吟内射 爽上天;[04-17]
https://www.ds76.xyz/movie.php?id=8276337585411966;高颜值短发萌妹子露奶自摸诱惑 揉搓奶子摆弄各种姿势看着非常诱人;[04-17]
https://www.ds76.xyz/movie.php?id=1414477503858506;特色酒店偷拍高挑性感的大长腿美女和男友酒店啪啪口爆吞精后男友扣着嫩穴又射她一身,休息会又爆操内射一次!;[04-17]
https://www.ds76.xyz/movie.php?id=5267473692074418;老哥探花约了个颜值不错苗条妹子TP啪啪 洗完澡深喉口交大力猛操非常诱人;[04-17]
https://www.ds76.xyz/movie.php?id=901791378855705;微信约的大二漂亮学妹,酒店红酒加料迷晕换上白丝女仆装玩弄，真过瘾;[04-17]
https://www.ds76.xyz/movie.php?id=5895723607391119;高顔值气质美少妇插入扩荫器高清看内部喷水过程,电动炮击不断轰击臊茓;[04-17]
https://www.ds76.xyz/movie.php?id=2439598226919770;红衣大奶妹主播直播一女2男郊外野战 露奶舔机巴;[04-17]
https://www.ds76.xyz/movie.php?id=9910338725894690;玩弄泳装小妹;[04-17]
https://www.ds76.xyz/movie.php?id=9804459777660668;爆乳宅男女神『娜美妖姬』情人节定制版- 巨乳OL娘渴望的唇 后入速插 潮吹颤抖 唯美私拍25P 高清720P版 (2);[04-17]
https://www.ds76.xyz/movie.php?id=8444012664258480;高颜值有情趣全程露脸金牌女主播众筹大秀，奶子上还有纹身，逼肥水多道具抽插浪叫，几把进去能淹死第二弹;[04-17]
https://www.ds76.xyz/movie.php?id=7713582525029778;跑车福利のJH夜夜zoe白嫩大爆乳尤物美女直播诱惑最全整理13V打包合集;[04-17]
https://www.ds76.xyz/movie.php?id=2604074724949896;超漂亮性感超像周迅的妹子头发还湿漉漉的在酒店被土豪操逼 完整高清版 太清纯 逼逼超嫩;[04-17]
https://www.ds76.xyz/movie.php?id=4272247282788157;时尚漂亮的纯天然E罩杯性感美女酒店援交土豪,2个奶子操的乱晃淫叫：你干的我不行了,太猛了,搞的我都没缓过劲...;[04-17]
https://www.ds76.xyz/movie.php?id=4633258944377303;颜值女神娇喘小婊妹全程露脸勾引探探帅哥，小嘴把大鸡巴舔起来被小哥无套抽插，多体位爆草后入捏着奶子真带劲;[04-17]
https://www.ds76.xyz/movie.php?id=1949498178437352;最新流出7月-运动服夫妻吊顶蚊帐大奶老婆激情上位猛摇;[04-17]
https://www.ds76.xyz/movie.php?id=5141528462991118;【神秘人酒店探花】酒店约操上门大奶妹，胸大丰腴干起来超爽，长发飘飘观音坐莲;[04-17]
https://www.ds76.xyz/movie.php?id=7339568613097072;仓本C仔经典巨作-公寓和91网友3P女神级性感黑丝高跟新田惠美,开始2人轮流上,越干越叫,忍不住一起操,直喊：啊,...;[04-17]
https://www.ds76.xyz/movie.php?id=3983801007270813;邵氏经典三级《水儿武士》国语中字;[04-17]
https://www.ds76.xyz/movie.php?id=5709761576727033;中年大叔人老心不老，玩弄年轻小媳妇，露脸直播舔鸡巴爆操，无毛骚逼很是性感，貌似内射看大叔都快干不动了还玩呢;[04-17]
https://www.ds76.xyz/movie.php?id=6617074939422309;路边洗头房邂逅年轻时尚气质靓妹阴毛性感穴形不错还能从后面搞啪啪啪干的她娇喘呻吟国语对白720P高清;[04-17]
https://www.ds76.xyz/movie.php?id=6097262143157423;非常骚气金发少妇双人秀第二部 男主干不动了跳蛋道具玩BB不要错过;[04-17]
https://www.ds76.xyz/movie.php?id=1150465831160545;俯拍包工头小老板操情人 饥渴难耐主动出击疯狂舔逼;[04-17]
https://www.ds76.xyz/movie.php?id=8505543167702854;气质少妇深夜和炮友啪啪秀 逼里塞跳蛋 床上口交 舔逼 女上位 后入各种姿势操;[04-17]
https://www.ds76.xyz/movie.php?id=9992349371314048;【裸舞】大长腿咚小姐抖音裸舞及啪啪口交室外露出;[04-17]
https://www.ds76.xyz/movie.php?id=4358764560893178;洋人探访性都东莞桑拿全程自拍 大屌狂插高级小姐 骚逼淫水犯滥-第五季;[04-17]
https://www.ds76.xyz/movie.php?id=1638394384644925;魔鬼身材无毛大长腿白虎美女趁男友直播去色诱他说：不要录我的脸,让他们看.却被男的偷偷录了脸,漂亮.淫荡对白...;[04-17]
https://www.ds76.xyz/movie.php?id=696559534408152;D奶小淫娃『娜娜』卫生间大黑牛自慰喷潮 激情舌吻啪啪床被啪快塌了 操完还想要真耐操;[04-17]
https://www.ds76.xyz/movie.php?id=4507542685605586;91呆哥系列025-小悠亲妹妹闺蜜第六部 菊花破处痛的骚奴屎都出来了;[04-17]
https://www.ds76.xyz/movie.php?id=8290151753462851;AISS一姐索菲继续突破自我，超薄丝袜，鲍鱼若隐若现闪现奶头鲍鱼;[04-17]
https://www.ds76.xyz/movie.php?id=1871077860705554;半夜找个颜值不错的肉丝小姐姐洩慾;[04-17]
https://www.ds76.xyz/movie.php?id=9487386993132532;【真实灌醉】【精品原创】给炮友灌醉后摆弄丝袜扩阴器内窥镜玩弄;[04-17]
https://www.ds76.xyz/movie.php?id=6710017859004438;泡了个大一学妹让她脱衣服还不好意思,干进去以后爽的大叫！国语对白！;[04-17]
https://www.ds76.xyz/movie.php?id=5980888009071350;对白精彩人妻杀手进军情妇家中啪啪啪白肤大波蕾丝睡裙楚楚动人二话不说上床就搞女上淫荡的表情看来很是饥渴...;[04-17]
https://www.ds76.xyz/movie.php?id=5276723033748567;骚浪小姐姐驱车百里来到荒郊野外给哥哥们大秀，先撒尿给狼友看，在车里脱光自慰呻吟把自己搞到高潮，非常刺激;[04-17]
https://www.ds76.xyz/movie.php?id=1213863147422671;胖男探花约了个萌妹子搞一半要退单 换了个白衣妹子继续开裆肉丝口交后入猛操 很是诱惑不要错过;[04-17]
https://www.ds76.xyz/movie.php?id=4332471764646470;狗爷冬夜城中村嫖妓150元貌似富姐的少妇鸡自述在香港做过楼凤,和狗爷切磋交流性经验;[04-17]
https://www.ds76.xyz/movie.php?id=1117558320984244;精品酒店豪华房老板带着秘书开房特意让她穿上性感吊带丝袜后入骑式啪啪;[04-17]
https://www.ds76.xyz/movie.php?id=849736644886434;骚骚的小师妹露脸情趣装就是喜欢大黑棒，两个多小时的非常刺激，把骚逼弄得酥麻高潮不断都喷水了，不要错过;[04-17]
https://www.ds76.xyz/movie.php?id=6557399593293667;美女御姐诱惑感十足 奶子大小正好 骚穴毛毛不少 表情很是淫荡;[04-17]
https://www.ds76.xyz/movie.php?id=5560293751768768;【神秘人探花】北京大哥酒店叫小姐上门啪啪，白嫩大奶极品好乳，鲍鱼也干净阴毛稀疏，来回拖拽各种姿势来一遍爽翻;[04-17]
https://www.ds76.xyz/movie.php?id=2322305180132389;最新莞式极品爆乳美女技师大集结〖会所培训师〗震撼群P乱操 无套啪啪轮操美女技师浪穴 真枪实战干个够;[04-17]
https://www.ds76.xyz/movie.php?id=3065080465748906;漂亮美乳微博福利姬七七酱激情啪啪视频流出 拽着头发后入猛操 无毛粉鲍 青春身材 高清私拍483P 高清1080P版;[04-17]
https://www.ds76.xyz/movie.php?id=9745658175088466;宅男女神穿着皮衣捆绑男奴 帮他打飞机 坐他脸上让他吃逼 还问他好吃吗;[04-17]
https://www.ds76.xyz/movie.php?id=5707999304868281;【百渡云泄密】气质漂亮大学生美女与男友打炮视频流出 全射嘴里了;[04-17]
https://www.ds76.xyz/movie.php?id=4480162728577852;最新推特大神『酱老爷』唯美新作-饥渴圣诞小麋鹿 多姿势抽插爆操 大屌玩具登场 嗨到高潮 高清1080P版;[04-17]
https://www.ds76.xyz/movie.php?id=2698407447896898;最新流出WowGirls男友正在玩平板身材苗条性感漂亮花季女友主动挑逗啪啪啪白虎一线天嫩B看了就想干撸点很高;[04-17]
https://www.ds76.xyz/movie.php?id=7386443577706814;小旅馆偷放摄像头偷拍光头哥和漂亮马尾辫子美眉开房啪啪妹子身材不错;[04-17]
https://www.ds76.xyz/movie.php?id=4893432226963341;骚气小眉妹 [童颜] 直播性感勾引 收费小手自慰喷水秀;[04-17]
https://www.ds76.xyz/movie.php?id=2120840158313512;深圳小伙下午带两个美女酒店双飞 做爱配合好很懂男人有情趣 做游戏连续操体力真是棒;[04-17]
https://www.ds76.xyz/movie.php?id=6873330241069198;源码录制清晰版-番茄主播【樱子卡哇伊】-颜值高身材好皮肤白歆，3P呻吟诱人给力，国语对白淫荡;[04-17]
https://www.ds76.xyz/movie.php?id=5085221040062606;颜值即正义 超高颜值的清纯女神露出bb 这身材堪称完美 雪白的馒头小奶子 下面的森林茂密 掰开粉穴手指打豆...;[04-17]
https://www.ds76.xyz/movie.php?id=1002780157141387;最新偷拍主题酒店小情侣各种啪啪合集;[04-17]
https://www.ds76.xyz/movie.php?id=8811519839800894;怪盗迷J系列大神一下放倒2位女白领姐妹花扒光了换着玩弄先干白嫩大奶妹子淫水很多1080P原版;[04-17]
https://www.ds76.xyz/movie.php?id=6741384812630713;气质骚货少妇自慰秀 跳蛋塞逼逼里 自摸奶子 摩擦阴蒂喷水 非常诱人;[04-17]
https://www.ds76.xyz/movie.php?id=3690639771521091;怪盗咪J 盗撮悪戯网吧 VOL.06 若目狙って魔法でＧＯ！！;[04-17]
https://www.ds76.xyz/movie.php?id=2660730462521314;居家偷拍-中年夫妻简单粗暴客厅掀起睡衣就干;[04-17]
https://www.ds76.xyz/movie.php?id=4250269699841737;很是风骚风情主播客卿王妃 一多自慰大秀 穿着开档情趣丝袜 自慰插穴很是淫荡;[04-17]
https://www.ds76.xyz/movie.php?id=4407335198484361;在校美女大学妹子被渣男友欺骗开播,看着妹子真爱男的,不断对男友说要珍惜自己;[04-17]
https://www.ds76.xyz/movie.php?id=121917016804218;最新自拍!网吧陪玩小姐姐激情勾魂口J,骚魅娇喘浪的飞起！;[04-17]
https://www.ds76.xyz/movie.php?id=7753697428852320;精品户外直播大美女糖糖勾引眼镜大叔到公园小树林野战矿泉水洗鸡巴口爆噼腿啪啪;[04-17]
https://www.ds76.xyz/movie.php?id=1329121114686131;苍老湿母女寒夜出击女儿先泡个小伙回家啪啪，再去网吧搭讪个大叔叫上妈妈一块去酒店开房双飞;[04-17]
https://www.ds76.xyz/movie.php?id=5284574311226606;外贸公司业务经理和老外白天大战操的是真猛 各种姿势猛操这女上位屁股扭的太欢真被操爽了;[04-17]
https://www.ds76.xyz/movie.php?id=7255213013850152;网红少女-森萝财团-VIP视图-X-039;[04-17]
https://www.ds76.xyz/movie.php?id=4009787053801119;黑客录拍三个接客的小妞出门前换衣打扮,清一色被男人揉大的奶子摸起来很有手感;[04-17]
https://www.ds76.xyz/movie.php?id=6826459886506200;变态哥哥！趁妹妹睡觉时偷偷解开紫色内衣用JJ蹭完嘴唇再操穴 估计妹妹怀孕了都不知道怎么回事;[04-17]
https://www.ds76.xyz/movie.php?id=4074343466199934;重磅福利-学院派高颜值艺校美女和闺蜜男友偷情自拍外泄,各种场景狠狠爆插,肏哭了求饶：我不要了,放过我吧!;[04-17]
https://www.ds76.xyz/movie.php?id=4403020669706166;极品姐妹花没男人的日子沙发上互舔互慰，画面刺激诱人近景特写1080P超清;[04-17]
https://www.ds76.xyz/movie.php?id=9263362186029554;年轻嫩妹子和小男友双人啪啪大秀 口交舔硬上位骑乘自己动大力猛插诱人;[04-17]
https://www.ds76.xyz/movie.php?id=2210238240659237;戴着黑框眼镜穿着情趣内衣 很是淫荡韵味主播 和炮友双人啪啪大秀 口交啪啪 很是诱人;[04-17]
https://www.ds76.xyz/movie.php?id=8277509887702763;狂野纹身美乳骚护士的疯狂 主动骑坐鸡巴上不停猛摇 多角度拍摄性爱啪啪浪叫 国语对白 高清720P原版无水印;[04-17]
https://www.ds76.xyz/movie.php?id=4434745828621089;高颜值长相甜美新人萌妹子浴室洗澡诱惑秀 床上漏奶漏逼翘着屁股掰菊花;[04-17]
https://www.ds76.xyz/movie.php?id=5054048090241849;《X爱的代价》;[04-17]
https://www.ds76.xyz/movie.php?id=8294785362668335;长发气质少妇约战小鲜肉刚进屋就抱起来脱光温柔口交过一会又来一位小伙不知道啥情况聊几句走后俩人又激情造...;[04-17]
https://www.ds76.xyz/movie.php?id=4232696676626801;【高质量难得精品】最新泄密八连发二《高质量美女自拍之护士裸拍给男友剃毛啪啪+情侣日常道具啪啪》年龄很...;[04-17]
https://www.ds76.xyz/movie.php?id=6106169493868947;身材非常好的妞 穿的内裤太可爱了 是个小猫猫 她现在是个化妆师 给我足的太舒服了;[04-17]
https://www.ds76.xyz/movie.php?id=9060417744331062;骚气少妇和炮友到公园角落双人啪啪 脱掉口交后入啪啪猛操搞完再口交;[04-17]
https://www.ds76.xyz/movie.php?id=7274239575490355;国内商场跟踪TP美女和男友约会牛仔裙里竟然没有穿内裤 清纯美眉诱人的花色丁字裤好迷人;[04-17]
https://www.ds76.xyz/movie.php?id=6988483308814466;漂亮御姐美女主播叶子 收费啪啪大秀 勾搭2个男的口交自慰;[04-17]
https://www.ds76.xyz/movie.php?id=3446306907571852;大奶少妇和炮友啪啪直播 啪啪还不忘自慰 最后挤奶 看样子正在哺乳期内;[04-17]
https://www.ds76.xyz/movie.php?id=2915031318552792;【百度云泄密系列】一个笑起来特别甜美可爱的温柔女友大尺度X爱视图流出;[04-17]
https://www.ds76.xyz/movie.php?id=2940146597102284;最近人气很火的裸聊界影帝江苏探花（杨导撩妹）与KTV女陪唱白虎小妹玲玲一夜情;[04-17]
https://www.ds76.xyz/movie.php?id=8207591208629310;极品骚货主播【贝贝】叫来闺密露奶自蔚;[04-17]
https://www.ds76.xyz/movie.php?id=3384871818125248;特色酒店偷拍气质漂亮的大胸美女少妇上班时间偷偷和情人酒店开房,边玩手机边被干,第三次操的太猛都干哭了!;[04-17]
https://www.ds76.xyz/movie.php?id=2031884184107184;国产极品风骚人妻3P系列1 两个壮男用尽各种姿势满足欲求不满的少妇;[04-17]
https://www.ds76.xyz/movie.php?id=4582085097208619;可爱大学生 刚上大一 太嫩了 下面基本是白虎 先给我足交 再手撸 最后在啪啪 太舒服了 屁股被我打得好几个手...;[04-17]
https://www.ds76.xyz/movie.php?id=6415000967681408;绝对的高颜值年轻美女 颜值高身材苗条 自慰掰开粉嫩小穴;[04-17]
https://www.ds76.xyz/movie.php?id=1121422671712935;『JVID极限精品』真实H乳超长爽片-你想要的 Ruru一次给你 终极童颜巨乳 淫浴首现 高清私拍64P 高清1080P版;[04-17]
https://www.ds76.xyz/movie.php?id=6917761280201375;母狗人妻骗他老公说去买东西却和炮友去开房,被炮友多姿势爆操,干的她不要不要的;[04-17]
https://www.ds76.xyz/movie.php?id=8077665972523391;迷倒一个柰子极大的漂亮妹一通玩弄直接内射;[04-17]
https://www.ds76.xyz/movie.php?id=2698299372568726;清纯漂亮小萝莉新人双人啪啪秀 穿着制服口交啪啪;[04-17]
https://www.ds76.xyz/movie.php?id=7237422061152756;虐之恋(虐妻)国语 (李美凤,黄秋生,李修贤);[04-17]
https://www.ds76.xyz/movie.php?id=2389448219910264;家庭摄像头破解强开TP一胸前有纹身的小伙喜欢把老婆的屁股垫高了干 真够劲！;[04-17]
https://www.ds76.xyz/movie.php?id=8068077010102570;这一类片子很真实满满肉欲肆意释放啪啪作品《暗夜游戏修复调色字幕版》激情佳作 柔软奶子丰满身材冲动了;[04-17]
https://www.ds76.xyz/movie.php?id=476236883550882;女神的陨落，丝袜骚逼被我草的呻吟浪叫;[04-17]
https://www.ds76.xyz/movie.php?id=5600797641091049;公司短发气质大美女和帅气男同事酒店约会,进屋就被男的扑倒床上扒内裤,美女不同意,男的抓住机会猛干了2次!;[04-17]
https://www.ds76.xyz/movie.php?id=2657003575004637;非常会玩的中年领导胖大叔与苗条阿姨啪啪啪貌似一边嗑料一边淫乱这高端炮机属实牛逼啊俩人一起舒服;[04-17]
https://www.ds76.xyz/movie.php?id=5991434813477099;高质量白嫩尤物美女肉嘟嘟看了受不了想干啪啪冲动作品 妹子逼逼嫩奶子大软这身材操穴绝对让人肾虚啊720P高...;[04-17]
https://www.ds76.xyz/movie.php?id=4374387972056865;91硬屌猛男夜店撩的前凸后翘苗条美女性感连体网袜操的还是那样猛干的妹子直说不行了娇喘呻吟高潮一波接一波;[04-17]
https://www.ds76.xyz/movie.php?id=9357058312743902;身材苗条骚气美少妇双人口交啪啪秀很是诱惑喜欢不要错过;[04-17]
https://www.ds76.xyz/movie.php?id=6548632294870913;足有36E罩杯的巨乳女孩;[04-17]
https://www.ds76.xyz/movie.php?id=7637768108397722;两个老头三个骚女演绎家庭乱伦秀貌似爷爷略胜爸爸;[04-17]
https://www.ds76.xyz/movie.php?id=6033588857389987;【360水滴居家系列无水印】-稀缺家庭摄像头偷窥第四部-换衣做爱各种裸体记录贵在真实720P;[04-17]
https://www.ds76.xyz/movie.php?id=1362824989482760;2男2女90后年轻人4P啪啪啪直播太牛了像国产A片录制现场妹子都挺嫩其中一个阴毛非常少一线嫩BB对白清晰;[04-17]
https://www.ds76.xyz/movie.php?id=473128994926810;酒店偷拍娇小短发美女被男友压着操干出白浆;[04-17]
https://www.ds76.xyz/movie.php?id=415405789390206;狂野主播『AV女友林志玲』日本拍AV 猛男炮友爆操 跳蛋J8一起伺候 销魂浪叫太适合拍AV了 高清完整版;[04-17]
https://www.ds76.xyz/movie.php?id=3086543553508818;海南自驾游车震女伴游体位配合的不错;[04-17]
https://www.ds76.xyz/movie.php?id=7399159967899323;性感大奶美女蜜汁丝袜凌晨一多啪啪大秀颜值高身材好 口交后入爆菊骚逼十分淫荡诱人;[04-17]
https://www.ds76.xyz/movie.php?id=552024235948920;最新流出土豪棉帽哥投稿自拍大战19岁美乳美臀可爱妹子淫液特别多无套内射中出1080P超清;[04-17]
https://www.ds76.xyz/movie.php?id=2524829264730215;娇嫩苗条艺校大学生美女与男友开房造爱急不可耐穿上白丝激情69床上操到沙发抱起来日看不出漂亮美女这么骚;[04-17]
https://www.ds76.xyz/movie.php?id=5666841315105557;短发漂亮可爱萌妹子 震动棒用完用自慰棒插小穴 叫声淫荡;[04-17]
https://www.ds76.xyz/movie.php?id=6716269464232028;精选露脸抄底黑色丁字裤气质爱吸烟的妹子和男友逛街;[04-17]
https://www.ds76.xyz/movie.php?id=745421019382774;颜值不错表姐表弟 激情啪啪大秀;[04-17]
https://www.ds76.xyz/movie.php?id=1010877881199121;某公司气质性感美女主管为了升职不惜主动和领导酒店开房潜规则,串子黑丝万被狠狠抽插了2次,国语!;[04-17]
https://www.ds76.xyz/movie.php?id=8421827750280499;高颜值女友情趣丝袜挑逗，刚刮了毛的粉嫩穴掰开插入，露脸眼神挑逗，疯狂暗示我过去狂干内射;[04-17]
https://www.ds76.xyz/movie.php?id=9490333185531198;主播贝贝最新洗澡诱惑秀，这身材颜值也没谁了;[04-17]
https://www.ds76.xyz/movie.php?id=5792285897769034;大学校园抄底两个买午餐可人妹子,丰腴的圆润白屁股和鼓涨阴部真想下手摸摸;[04-17]
https://www.ds76.xyz/movie.php?id=470681958831846;玩弄170黑丝夜店女郎 喷血身材看见就想操 这浪叫声好骚 让她不断高潮;[04-17]
https://www.ds76.xyz/movie.php?id=9300321498885750;样子闷骚的96年的大三眼镜妹给她加一百块钱卖力的舔屁眼高潮时张开嘴叫爸爸射嘴里1080P高清原版;[04-17]
https://www.ds76.xyz/movie.php?id=9674090784974396;嫖妓哥酒店约啪艺术院校甜美漂亮的小美女啪啪,性感大白腿掀开短裙就摸逼,美女开始害羞躲闪后来全程配合!;[04-17]
https://www.ds76.xyz/movie.php?id=12660040520131;无套操有男友大三学生;[04-17]
https://www.ds76.xyz/movie.php?id=6678191288374364;91xh98hx最新高清原创巨作-番号xh46：近景拍摄日系学校泳装少女，极品美乳超棒身材，女神沉沦于肉棒，操的浪叫不止...;[04-17]
https://www.ds76.xyz/movie.php?id=2062200717628002;【铁鸡巴探花】约了个颜值不错白衣少妇，换上情趣制服口交上位骑乘抽插;[04-17]
https://www.ds76.xyz/movie.php?id=8290082733146846;年轻嫩妹主播和炮友双人啪啪大秀 口交自慰啪啪 活多很是诱人;[04-17]
https://www.ds76.xyz/movie.php?id=1048279376700520;国产TS系列绝色美巧儿媚娘调教，指插直男再后入;[04-17]
https://www.ds76.xyz/movie.php?id=5583563954569399;很火的艺校系列未流出合集完整版妹纸居家脱衣自慰剧情演绎很有表演天赋1080P高清;[04-17]
https://www.ds76.xyz/movie.php?id=4406568431295454;平头哥网约私下兼职援交的美女汽车销售员酒店啪啪,高跟靴紧身牛仔裤超性感,虽然口活不够熟练,逼逼插起来真...;[04-17]
https://www.ds76.xyz/movie.php?id=8085887408815324;野模小晴宾馆大胆私拍原版;[04-17]
https://www.ds76.xyz/movie.php?id=4792438456788659;露脸约操学生妹小骚逼，面对镜头还是有点害羞，捂住脸不让拍;[04-17]
https://www.ds76.xyz/movie.php?id=3279135180637240;最新暗黑系按摩院流出『会所操少妇』全套按摩服务 口交双飞3P轮操 纹身猛男哥连操两极品妹纸 浪叫不止;[04-17]
https://www.ds76.xyz/movie.php?id=59104119427502;京都嫩模瑶瑶情趣白丝跳单玩穴高潮喷水 大屌男友提屌来救火 门前无套暴力抽插 高潮淫叫 超清4K原版无水印;[04-17]
https://www.ds76.xyz/movie.php?id=8418109770864248;小世界啥时候把逼毛给刮了，坐在椅子上自慰敞开双腿这部是再等草啊;[04-17]
https://www.ds76.xyz/movie.php?id=7574796322733164;PR社稀缺福利档 价值万元 完具少女W（完具m）全套视图无水印原版福利合集;[04-17]
https://www.ds76.xyz/movie.php?id=1418025353923440;提拉蕾丝短裤无限诱惑，一多大秀骚逼自己一摸就好多水好想舔;[04-17]
https://www.ds76.xyz/movie.php?id=1352275805547833;强烈推荐 一家三口其乐融融 儿子估计也就三四岁的样子 不停的吃妈妈的奶子;[04-17]
https://www.ds76.xyz/movie.php?id=1220420305617153;街拍抄底和男友逛街的牛仔群黄内大屁股姑娘，着屁股捏起来肯定爽;[04-17]
https://www.ds76.xyz/movie.php?id=4756344589404762;大奶子萌妹子和干爹激情啪啪,搞得干爹都累趴了;[04-17]
https://www.ds76.xyz/movie.php?id=8417066200636327;颜值小妹身材完美，情趣装黑丝袜非常诱惑，全程露脸玩大黑牛自己揉捏奶子浪荡呻吟，表情很骚精彩不要错过;[04-17]
https://www.ds76.xyz/movie.php?id=9433849179185926;美容院上班的小姐姐给学徒小师妹讲解如何给客人阴部按摩 揉胸 用刀片修理出心型阴毛;[04-17]
https://www.ds76.xyz/movie.php?id=5492074508219957;独家整理首发 南韩大规模泄漏富家公子与其骚浪网红女友性爱视频各种道具黑丝助性-高清720p;[04-17]
https://www.ds76.xyz/movie.php?id=2427795231342315;无套操某大校花，性感骚红开裆内衣，敢和我分手一定要无情曝出来，让大家看看美女都有多骚;[04-17]
https://www.ds76.xyz/movie.php?id=5926345372572541;衬衫黑裙子丝袜美女老师貌似与学生眼镜家长偷情女的太热情主动了激吻脱光啪啪啪外表素雅的老师内心如此淫荡;[04-17]
https://www.ds76.xyz/movie.php?id=5195979997515678;漂亮韵味美女主播和炮友双人啪啪大秀 姿势用了很多 口交啪啪 很是淫荡;[04-17]
https://www.ds76.xyz/movie.php?id=9098630771040916;国人淫骚美少妇为了拿到美国的绿卡和两个移民局的洋老外3P连菊花都被草了;[04-17]
https://www.ds76.xyz/movie.php?id=4570078128017485;胖哥浴缸啪啪嫩模尤物大奶颤抖呻吟撩人;[04-17]
https://www.ds76.xyz/movie.php?id=5952319316565990;重磅福利！91大神风吟鸟唱超清原版视频20部大合集！！;[04-17]
https://www.ds76.xyz/movie.php?id=2760110767558217;芭蕾舞舞蹈培训基地更衣室TP来换服装的漂亮妹子全过程 美女车灯超亮 原版无水印4;[04-17]
https://www.ds76.xyz/movie.php?id=8956938968040049;日本小妹开视频直播，有点像动画片上的哪咤;[04-17]
https://www.ds76.xyz/movie.php?id=7482787468470633;『JVID顶级品质』神级女神『乐乐』唯美私拍流出 超色情的巨乳女友 美尻美乳露出 唯美私拍356P 高清720P版;[04-17]
https://www.ds76.xyz/movie.php?id=3759977398440242;韩国小情侣日常打炮自拍流出 卫生间强制口交深喉插入 内射+无套+深喉+爆操+制服 完美露脸 高清720P完整版;[04-17]
https://www.ds76.xyz/movie.php?id=7866742713376880;漂亮少妇凌晨自慰大秀 奶子不小且坚挺 逼毛稀疏且水多;[04-17]
https://www.ds76.xyz/movie.php?id=1114080036059022;野外操18岁黑丝萌妹子菲儿;[04-17]
https://www.ds76.xyz/movie.php?id=4414298585616052;2020年果代新春合档8位学生新人贺岁大礼包高清版图加视频;[04-17]
https://www.ds76.xyz/movie.php?id=3827997245825827;国内牛人-街头偷拍抄底性感极品女性-高清无水印;[04-17]
https://www.ds76.xyz/movie.php?id=2612740946933627;出租屋房东浴室偷放针孔摄像头偷窥个子不高的白嫩打工妹子洗澡;[04-17]
https://www.ds76.xyz/movie.php?id=7341090273112059;网红戏精美女演绎闺房睡觉被爸爸悄悄进入脱掉内裤揉奶摸穴操醒后没办法只好顺从干到高潮对白淫荡;[04-17]
https://www.ds76.xyz/movie.php?id=7862086859531701;最新流出网友投稿自拍20岁清纯可爱嫩妹子援交大肚腩土豪水多内射一线天馒头嫩穴射完还把肉棒舔干净;[04-17]
https://www.ds76.xyz/movie.php?id=3241881900466978;91夯先生009-之C奶辣妈初次调教44分钟完整版“2年没这么爽了”;[04-17]
https://www.ds76.xyz/movie.php?id=1756291147321462;剧情演绎20岁师范大学准新生-馨馨3P 稀毛逼逼真性感 对白精彩;[04-17]
https://www.ds76.xyz/movie.php?id=5142136299982667;妹纸按照要求展示逼逼并且自慰给大家看;[04-17]
https://www.ds76.xyz/movie.php?id=8286133403889835;颜值不错御姐主播直播大秀 震动棒激情自慰 十分淫荡;[04-17]
https://www.ds76.xyz/movie.php?id=8308567148633301;骚气女主播兔兔双人啪啪大秀 黑丝高跟鞋上位后入多种姿势换着操;[04-17]
https://www.ds76.xyz/movie.php?id=9725164705887436;户外御姐冰冰老师全程露脸户外自慰插逼，叼着几把自慰水很多，被大哥各种姿势爆草蹂躏，骚样子真性感，玩的很开;[04-17]
https://www.ds76.xyz/movie.php?id=3087422698736191;骚货少妇 身材苗条 胸前有纹身 黑丝 道具插逼自慰秀 来回抽插喷水 卫生间洗澡诱惑;[04-17]
https://www.ds76.xyz/movie.php?id=2316966271027922;【18岁的越南小姑娘】身材相貌极品，楚楚可怜的妹子既要噼柴干活，还要满足老公的性需求，真可怜;[04-17]
https://www.ds76.xyz/movie.php?id=3654231126420200;自拍福利-性感翘臀少妇穿着粉色丝袜玩足交再用逼逼磨JB跳蛋自慰很是诱惑;[04-17]
https://www.ds76.xyz/movie.php?id=1996384221129119;丰满很有肉感的卷发小女生跟眼镜小男友造爱值播,胖妹果然水多,极品一线天;[04-17]
https://www.ds76.xyz/movie.php?id=3031191839836538;小情侣在家爱爱私拍视频流出 颜值不错的大奶女友逼逼干净粉嫩 被扣的淫水狂喷 车灯很亮 表面清纯骨子淫荡;[04-17]
https://www.ds76.xyz/movie.php?id=1777133475989103;身材性感漂亮的极品长靴短裙小情人被土豪疯狂抚摸性感小翘臀后扒掉内裤狠狠爆操,看表情把妹子干爽了!;[04-17]
https://www.ds76.xyz/movie.php?id=1160955172963440;【超稀缺重磅福利】【学生网盘入侵事件】大量超嫩学生自拍性爱日常遭流出！吐血推荐！！第二季（上部-二十四套）;[04-17]
https://www.ds76.xyz/movie.php?id=4368483950383961;网络红人极品绿茶婊张X彤和国内有钱土豪玩腻了和印度阿三啪啪;[04-17]
https://www.ds76.xyz/movie.php?id=1235254821367561;猥琐猪头男和身材不错的白虎女主播在风景区的凉亭里直播啪啪对白清晰 好久没有见到这等优质的野战主播了;[04-17]
https://www.ds76.xyz/movie.php?id=8618905930779874;【推上女神】Twitter上母狗人妻人妻户外露出与啪啪附65生活照;[04-17]
https://www.ds76.xyz/movie.php?id=3504216801375150;群男群女嘿咻嘿咻啪啪啪直播大秀 性爱派对 激情啪啪;[04-17]
https://www.ds76.xyz/movie.php?id=2392440922558307;颜值不错美乳白虎妹子双女秀 椅子上道具抽插跳蛋塞入震动呻吟娇喘;[04-17]
https://www.ds76.xyz/movie.php?id=49134772270917;漂亮的美女老师制服诱惑看了鸡儿硬想操作品《师生禁忌之恋高清版》字幕佳作 不伦性爱刺激两个妹子都被插;[04-17]
https://www.ds76.xyz/movie.php?id=5527786258608103;【午夜寻花】老哥约了个俄罗斯大洋妞TP啪啪，丰满大奶口交大力猛操;[04-17]
https://www.ds76.xyz/movie.php?id=1187110962346196;【地毯式搜索嫩妹】好不容易硬起来的奔驰哥，把昏昏欲睡的小女友摇醒插入，射完还要体贴的擦干净;[04-17]
https://www.ds76.xyz/movie.php?id=9500096873380244;最新极品美乳女神完具酱酱M之全白丝袜诱惑 星级酒店的一次约炮 满足不了就用炮机 疯狂后入 高清1080P原版;[04-17]
https://www.ds76.xyz/movie.php?id=3354492839425802;房东浴室偷窥打工妹洗澡妹子洗完澡给自己全身按摩;[04-17]
https://www.ds76.xyz/movie.php?id=4667323748581111;女性私密按摩偷拍-高颜值性感美少妇全身按摩时被男技师搞得性欲来潮拿起男的鸡巴就舔,送到嘴的不操白不操,...;[04-17]
https://www.ds76.xyz/movie.php?id=3917084261775017;丝袜短裙小美女酒吧喝多后被带到酒店各种玩弄3P;[04-17]
https://www.ds76.xyz/movie.php?id=7944012181833386;真实偷拍通奸视频！他妈的还洗鸳鸯浴！奸夫站着就把干到老婆高潮连连，证据有了我下一步怎么办？;[04-17]
https://www.ds76.xyz/movie.php?id=7089743060059845;【精品模特】美女大学生兼职模特才艺面试第三部，情趣裸体，热舞走秀，超清晰看美女展示魅惑风姿，高清1080P;[04-17]
https://www.ds76.xyz/movie.php?id=4848291161470115;做生意的小胖哥最近有点累 但是操露脸漂亮女友一点不含煳猛插下下到底 射完躺着闭眼休息 小美女一脸满足;[04-17]
https://www.ds76.xyz/movie.php?id=7610432566143572;年轻漂亮嫩妹主播旁边躺着炮友也不知道享用 害得美女自己一个人插穴自慰;[04-17]
https://www.ds76.xyz/movie.php?id=370706547982990;跑车福利の主播欣欣开档黑丝诱惑自拍大屁股翘臀火辣扭动超刺激;[04-17]
https://www.ds76.xyz/movie.php?id=2712205173447728;偷拍情侣开房还没开干 肉棒就雄起了一共打了好几炮;[04-17]
https://www.ds76.xyz/movie.php?id=4973221374675632;酒店找的顶级正妹口爆乳交吞精样样来;[04-17]
https://www.ds76.xyz/movie.php?id=3677861955948174;国产洗澡偷拍合集系列11 偷录小姨子洗澡 咪咪身材都不错 纹身很性感;[04-17]
https://www.ds76.xyz/movie.php?id=6783101512119174;猛草狂日露脸骚货，一边被狂插一边跳蛋假屌一起上爽翻着骚逼;[04-17]
https://www.ds76.xyz/movie.php?id=7078942875377834;情趣内衣的小美女大尺度直播，还能一字马;[04-17]
https://www.ds76.xyz/movie.php?id=8429548391140997;高颜值红唇美少妇【张柏芝表妹】自摸诱惑，性感黑丝开裆掰穴特写，揉搓奶子毛毛浓密非常诱人;[04-17]
https://www.ds76.xyz/movie.php?id=9390957108698786;巨乳女神主播黛蜜儿 用超粗电动棒整根插入小穴 上下一起自摸很动情很刺激;[04-17]
https://www.ds76.xyz/movie.php?id=9612437048926950;样子有点猥琐和邋遢的同学小斌暑假和大二女朋友去宾馆开房自拍留念哈哈给人有点初恋的感觉;[04-17]
https://www.ds76.xyz/movie.php?id=1981234014965593;完美身材圆润美乳妹子第二部 来大姨妈小露逼逼美乳又大又圆很是诱人 很是诱惑不要错过;[04-17]
https://www.ds76.xyz/movie.php?id=123169641010463;风骚貌美淫荡主播风骚学妹的性生活 一多男女啪啪秀 身材苗条木耳粉嫩多体位做爱;[04-17]
https://www.ds76.xyz/movie.php?id=9809896685183048;空乘系的大长腿美女 宾馆羞涩啪啪啪视频 皮肤真白 大腿的静脉血管都能看见;[04-17]
https://www.ds76.xyz/movie.php?id=4713707901537418;身材好 样子很骚的妹子 全裸诱惑 沙发上露逼诱惑 手指抠逼自慰秀 激情自慰 非常骚 很诱惑;[04-17]
https://www.ds76.xyz/movie.php?id=7356676827184856;【午夜寻花】约个温柔软妹子，轻声细语身材好，皮肤白细滑嫩胸型完美，坐小伙脸上舔鲍鱼;[04-17]
https://www.ds76.xyz/movie.php?id=7382765128277242;很是清纯漂亮美女嫩妹主播漫漫灬 一多大秀 身材苗条逼逼粉嫩 完事洗澡洗流了不少淫水的骚穴;[04-17]
https://www.ds76.xyz/movie.php?id=6820556255988777;奶大臀圆的风骚轻熟女广场舞系列11 小公园内闲庭散步 跳到兴起还来个丝袜塞B;[04-17]
https://www.ds76.xyz/movie.php?id=7275524358265102;【360水滴居家系列无水印】-稀缺家庭摄像头偷窥第十六部-换衣喂奶自慰各种裸体记录贵在真实720P;[04-17]
https://www.ds76.xyz/movie.php?id=1569245154969394;身材丰满 长发骚货少妇 在家里和炮友啪啪大秀 口交 女上位 后入操 各种姿势操逼大秀 口暴 非常精彩;[04-17]
https://www.ds76.xyz/movie.php?id=5262003466486931;超极品网红羽沫黑丝长腿紫薇诱惑;[04-17]
https://www.ds76.xyz/movie.php?id=972450282424688;极品良家夏后各种自拍 表面清纯 背后放荡;[04-17]
https://www.ds76.xyz/movie.php?id=2366384766064584;魔鬼身材微博性感清纯小嫩妹自拍写真19套合集;[04-17]
https://www.ds76.xyz/movie.php?id=7100457679480314;情趣白色大圆床偷拍两对很有技术含量的偷情男女黑框眼镜少妇样子很淫骚;[04-17]
https://www.ds76.xyz/movie.php?id=3829574370756745;一坊少妇主播陌生约炮灬白洁 凌晨约炮陌生男 装好摄像头偷拍直播;[04-17]
https://www.ds76.xyz/movie.php?id=8337520831264555;【横扫国内外围女】小哥宾馆嫖妓偷拍约了个2500元的170的长腿气质外围妹子;[04-17]
https://www.ds76.xyz/movie.php?id=1072399094700813;91隔壁小哥最新高端豪华大制作第六期-续章篇：极品黑丝大长腿空姐 -1080P高清完整版~;[04-17]
https://www.ds76.xyz/movie.php?id=586540047079324;魔鬼身材外围女宾馆和摄影师尻逼啪啪啪，这种尤物能尻一次少活几年都值得;[04-17]
https://www.ds76.xyz/movie.php?id=7717322730459273;我们还戴什么避孕套！偷袭正在打电话的后害羞女友，一边插比还一边给男人打电话，这么爽看她怎么办？;[04-17]
https://www.ds76.xyz/movie.php?id=6227541957050562;帅哥自拍按摩系列二花了将近一千各方面比上次更给力完整版合集;[04-17]
https://www.ds76.xyz/movie.php?id=8752190815284848;极品学妹肤白貌美在家自拍 骚逼一抠就出水 双指抠逼淫叫;[04-17]
https://www.ds76.xyz/movie.php?id=1343853333964944;兔女郎骚秘书遇上色老板 骚兔挑逗被肉棒无套怒插粉穴 抽插肉穴 高潮浪叫 淫水直流 爆精中出 超清1080P原版;[04-17]
https://www.ds76.xyz/movie.php?id=3089482365176081;门事件]抖音很火的短发萌妹子钰儿家里跳俩首歌曲 边跳边脱 展示苗条身材;[04-17]
