https://www.ds76.xyz/movie.php?id=84577105008065;魔鬼身材的豪乳单亲妈妈喷奶表演秀赚奶粉钱，儿子还在一边哭闹呢也不给吃奶真浪费;[04-19]
https://www.ds76.xyz/movie.php?id=9415541724301874;性感‘御姐’TS蜜芽菊花穴镶钻，双腿夹住棒棒骚的浪叫，插穴非常舒服！;[04-19]
https://www.ds76.xyz/movie.php?id=2839689636602998;当年火爆全国的广柳事件最经典一部女主身材一流奶子又白又大又挺屁股还翘皮肤又白娇喘淫叫让人兴奋撸点太高;[04-19]
https://www.ds76.xyz/movie.php?id=2202425575815141;【萝莉和御姐姐妹花】3女互舔互摸诱惑，翘大屁股摸逼逼呻吟娇喘，;[04-19]
https://www.ds76.xyz/movie.php?id=415546828880906;腰细屁股大的健身俱乐部魔鬼身材美女学员下班后酒店试试强壮教练的大鸡鸡,爽的淫叫：好棒,好痒啊!自拍流出!;[04-19]
https://www.ds76.xyz/movie.php?id=6199334841221571;很喜欢的一个少妇露脸玩的开，大奶子大屁股小高跟非常诱人，自己摸自己揉道具抽插浪叫不断，高潮不止非常刺激;[04-19]
https://www.ds76.xyz/movie.php?id=5872698719613254;迷奸了一个刚上手的01年超嫩幼师妹子唿噜连天爆肛干的痔疮都翻出来了;[04-19]
https://www.ds76.xyz/movie.php?id=5872698719613254;迷奸了一个刚上手的01年超嫩幼师妹子唿噜连天爆肛干的痔疮都翻出来了;[04-19]
https://www.ds76.xyz/movie.php?id=2384839057922363;年轻外企白领小慧为了晋升职位主动讨好肥猪佬洋主管光滑白嫩皮肤无毛B翘臀被狠狠干屁股都打红了1080P原版;[04-19]
https://www.ds76.xyz/movie.php?id=7641037185676396;91极品车模新作第182部：大量玻璃球塞满屁眼，女神说直肠好重;[04-19]
https://www.ds76.xyz/movie.php?id=7641037185676396;91极品车模新作第182部：大量玻璃球塞满屁眼，女神说直肠好重;[04-19]
https://www.ds76.xyz/movie.php?id=1433010315522551;调教的很骚的无毛小骚逼，认真的吃鸡巴，做的时候很卖力，屁眼也都被开发了;[04-19]
https://www.ds76.xyz/movie.php?id=2392106801271438;颜值不错的蝴蝶逼骚女人露脸黑丝诱惑，表情好骚AV棒自慰骚逼不过瘾直接插进去，各种道具抽插菊花都捅顺了;[04-19]
https://www.ds76.xyz/movie.php?id=5605290634557605;【苏苏和闺蜜约表弟】粉红色的少女闺房内，软萌小萝莉跟小哥哥激情啪啪，自慰掰穴粉嫩鲍鱼的白浆都快流到菊花了;[04-19]
https://www.ds76.xyz/movie.php?id=5500674298964441;人妻杀手宾馆约炮某高中丰满白嫩数学老师多机位爆操呻吟特别带感犹如岛国女优还说“你射我脸上就行”;[04-19]
https://www.ds76.xyz/movie.php?id=6310486742295325;颜值不错美少妇直播大秀 激情自慰啪啪爆菊花;[04-18]
https://www.ds76.xyz/movie.php?id=6365535245276988;宇航员最新大尺度写真视图第一期の超正点的大屁股电臀尤物美女福利视频;[04-18]
https://www.ds76.xyz/movie.php?id=6756810205988586;隔壁姐姐又发骚 屁股好大 后入猛草;[04-18]
https://www.ds76.xyz/movie.php?id=6955511360429227;听叔叔话 一会就舒服了、高中女学生被坏叔叔诱骗开苞 还没长毛呢;[04-18]
https://www.ds76.xyz/movie.php?id=6955511360429227;听叔叔话 一会就舒服了、高中女学生被坏叔叔诱骗开苞 还没长毛呢;[04-18]
https://www.ds76.xyz/movie.php?id=3420723616145551;民宅摄像头破解偸拍激情夫妻打地铺过性生活小瘦老公骑丰满大屁股媳妇身上日最后口爆吞精嘴里的残渣又喂狗;[04-18]
https://www.ds76.xyz/movie.php?id=9603962870314718;平头哥约童颜巨乳火山视频里的小网红 穿情趣内衣草;[04-18]
https://www.ds76.xyz/movie.php?id=3580707525834441;【360水滴TP】超稀有台 小情侣开房 小女友叫了一声大点力 男友抓住双手后入 小屁股啪啪作响;[04-18]
https://www.ds76.xyz/movie.php?id=2188686835579574;带着面具丰满纹身大屁股美女主播第二部 漏奶漏逼自摸诱惑不要错过;[04-18]
https://www.ds76.xyz/movie.php?id=2143952860496938;苗条纹身美少妇浴室手指扣逼扣菊花完事再洗澡大秀可惜逼逼有点黑;[04-18]
https://www.ds76.xyz/movie.php?id=5401367675513029;后入人妻丰满的大屁股，国语对白，问她是谁顶得深，呻吟真实可射;[04-18]
https://www.ds76.xyz/movie.php?id=806465214118361;极品肉弹美女性爱好技术挡不住丰满冲动啪啪作品 妹子肉肉大屁股翘的很销魂颜值身材给力鸡动想操720P高清;[04-18]
https://www.ds76.xyz/movie.php?id=821024561300873;风吟鸟唱出品童颜嫩模喵喵为了上位真够拼的主动让巨屌导演啪啪;[04-18]
https://www.ds76.xyz/movie.php?id=1977240252308547;年纪不大的妹子露脸玩的很嗨，道具真不少换着花样的满足狼友的各种欲望，爆菊花天气热了给逼来瓶啤酒，非常刺激;[04-18]
https://www.ds76.xyz/movie.php?id=9935000548139214;奶子大逼儿肥颜值高的骚主播全程高能演绎，自己揉捏坚挺大奶很诱人，肥逼特写道具插入菊花也爆，高潮喷水叫声骚;[04-18]
https://www.ds76.xyz/movie.php?id=1696438714861869;年轻嫩妹处女_粉嫩嫩幼熙0109一多自慰大秀 经验还不多 有点害羞 自慰揉穴很诱人;[04-18]
https://www.ds76.xyz/movie.php?id=1696438714861869;年轻嫩妹处女_粉嫩嫩幼熙0109一多自慰大秀 经验还不多 有点害羞 自慰揉穴很诱人;[04-18]
https://www.ds76.xyz/movie.php?id=2243019114248454;【91少女杀手】穿着可爱粉红睡衣的小女友被掀开被子，鲍鱼菊花好干净，少女青春的肉体插进去很快就有水了，马上让...;[04-18]
https://www.ds76.xyz/movie.php?id=9271631864830852;萌妹子翘屁股被闺蜜脱下内裤道具抽插 大白屁股按摩器震动逼逼双头龙抽插;[04-18]
https://www.ds76.xyz/movie.php?id=8990074349567294;巨乳嫩妹大奶摇灬莎啦啦7.30一多大秀 一对奶子很大 屁股也很丰满 揉奶搓逼自慰;[04-18]
https://www.ds76.xyz/movie.php?id=8221941511146724;院校刚毕业的小嫩妹三人行直播啪啪含苞待放的肉体！;[04-18]
https://www.ds76.xyz/movie.php?id=4535753298550844;押尾猫开裆黑丝自嗨肛塞黑丝足交;[04-18]
https://www.ds76.xyz/movie.php?id=6114916447550058;真实19岁高中制服处女高级私人定制 自玩极品粉鲍淫液流 处女摸特写 完美身材 白丝诱惑篇 高清1080P完整版;[04-18]
https://www.ds76.xyz/movie.php?id=6114916447550058;真实19岁高中制服处女高级私人定制 自玩极品粉鲍淫液流 处女摸特写 完美身材 白丝诱惑篇 高清1080P完整版;[04-18]
https://www.ds76.xyz/movie.php?id=6434594541788101;黑丝诱惑极品身材后入大屁股女上位自己动;[04-18]
https://www.ds76.xyz/movie.php?id=1190285687334835;蘑菇头短发文静少女 黑衬衫女上位骑马 有点萌 累了就侧躺撅屁屁像宠物猫样 被男友猛入;[04-18]
https://www.ds76.xyz/movie.php?id=2881598356179893;玩转极限Tumblr爆乳优优MI之《守望先锋》DVA压胸主后入视角打屁股玉指扒开淫穴露出粉肉让你看 高清720P版;[04-18]
https://www.ds76.xyz/movie.php?id=4127393788658082;高颜值白皙妹子【童颜巨乳】一字马揉搓大奶，大黑牛震动肥逼近距离特写;[04-18]
https://www.ds76.xyz/movie.php?id=60986275784671;约炮达人《全国探花》雀儿满天飞-爆操90后丰满大屁股美乳妹纸操的生猛内射对白精彩淫荡;[04-18]
https://www.ds76.xyz/movie.php?id=5328505774959922;OL装性感短裙售楼小姐为了业绩不惜主动上门服务客户,丰满美臀翘着屁股干,搞完后被迫换上黑丝网袜又操!;[04-18]
https://www.ds76.xyz/movie.php?id=7056094622239470;【奶味小仙女】身上倒酸奶再舔浴缸足交，吊带网袜后入性感大屁股，快速抽插最后内射;[04-18]
https://www.ds76.xyz/movie.php?id=9178144037723542;露脸身材很好的璃儿情趣和服激情一多，大奶子大屁股标准的炮架，道具抽插呻吟不断，欠操的表情真骚;[04-18]
https://www.ds76.xyz/movie.php?id=5299571664072573;黑丝情趣长腿姑娘露脸女神级大秀，粗长黄瓜抽插阴道爆菊淫声浪语不断，手抠到高潮，鸡巴进去会不会断;[04-18]
https://www.ds76.xyz/movie.php?id=5958344964310527;最新价值2000软妹币秀人网极品童颜巨乳『小尤奈』大尺度私拍流出-狂野纹身 翘美臀美穴 全裸诱惑 高清720P版;[04-18]
https://www.ds76.xyz/movie.php?id=8256465983577073;气质不错高颜值妹子性感黑丝高跟鞋 椅子上翘着诱人大屁股跳蛋塞入抽插呻吟;[04-17]
https://www.ds76.xyz/movie.php?id=9597531203180552;极品美臀嫩鲍美少女柚木酒店肛塞自慰私拍 可爱萝莉嫩妹黑丝没脱滴蜡夹乳;[04-17]
https://www.ds76.xyz/movie.php?id=877859406173229;非常骚气少妇菊花插尾巴肛塞炮击大秀 搞完逼逼搞菊花不够爽带毛毛虫套 很是诱惑不要错过;[04-17]
https://www.ds76.xyz/movie.php?id=877859406173229;非常骚气少妇菊花插尾巴肛塞炮击大秀 搞完逼逼搞菊花不够爽带毛毛虫套 很是诱惑不要错过;[04-17]
https://www.ds76.xyz/movie.php?id=7169724637642503;国模柔柔工作室私拍撅着屁股被导演掰穴特写1080P高清无水印;[04-17]
https://www.ds76.xyz/movie.php?id=9622635995037854;【今日推荐】青春无悔性爱趴〖18岁白虎〗超美极品高中学妹群P乱操 3男冲刺3女 白虎美女最受欢迎抢着操;[04-17]
https://www.ds76.xyz/movie.php?id=5909540178254247;身高1米73的极品苏杭女神【大四音乐系学姐】首次下海黄播 处女秀 全裸、特写、道具自慰、高潮喷水 床上打湿...;[04-17]
https://www.ds76.xyz/movie.php?id=9869937631301582;真实情侣性爱自拍 和刚破处的小女友再尝禁果 无套直接插入 连续抽插干的太猛还有点疼 逼紧声浪高清1080P版;[04-17]
https://www.ds76.xyz/movie.php?id=4507542685605586;91呆哥系列025-小悠亲妹妹闺蜜第六部 菊花破处痛的骚奴屎都出来了;[04-17]
https://www.ds76.xyz/movie.php?id=4507542685605586;91呆哥系列025-小悠亲妹妹闺蜜第六部 菊花破处痛的骚奴屎都出来了;[04-17]
https://www.ds76.xyz/movie.php?id=4893432226963341;骚气小眉妹 [童颜] 直播性感勾引 收费小手自慰喷水秀;[04-17]
https://www.ds76.xyz/movie.php?id=5284574311226606;外贸公司业务经理和老外白天大战操的是真猛 各种姿势猛操这女上位屁股扭的太欢真被操爽了;[04-17]
https://www.ds76.xyz/movie.php?id=4434745828621089;高颜值长相甜美新人萌妹子浴室洗澡诱惑秀 床上漏奶漏逼翘着屁股掰菊花;[04-17]
https://www.ds76.xyz/movie.php?id=4434745828621089;高颜值长相甜美新人萌妹子浴室洗澡诱惑秀 床上漏奶漏逼翘着屁股掰菊花;[04-17]
https://www.ds76.xyz/movie.php?id=4582085097208619;可爱大学生 刚上大一 太嫩了 下面基本是白虎 先给我足交 再手撸 最后在啪啪 太舒服了 屁股被我打得好几个手...;[04-17]
https://www.ds76.xyz/movie.php?id=1121422671712935;『JVID极限精品』真实H乳超长爽片-你想要的 Ruru一次给你 终极童颜巨乳 淫浴首现 高清私拍64P 高清1080P版;[04-17]
https://www.ds76.xyz/movie.php?id=2389448219910264;家庭摄像头破解强开TP一胸前有纹身的小伙喜欢把老婆的屁股垫高了干 真够劲！;[04-17]
https://www.ds76.xyz/movie.php?id=7399159967899323;性感大奶美女蜜汁丝袜凌晨一多啪啪大秀颜值高身材好 口交后入爆菊骚逼十分淫荡诱人;[04-17]
https://www.ds76.xyz/movie.php?id=5792285897769034;大学校园抄底两个买午餐可人妹子,丰腴的圆润白屁股和鼓涨阴部真想下手摸摸;[04-17]
https://www.ds76.xyz/movie.php?id=9300321498885750;样子闷骚的96年的大三眼镜妹给她加一百块钱卖力的舔屁眼高潮时张开嘴叫爸爸射嘴里1080P高清原版;[04-17]
https://www.ds76.xyz/movie.php?id=1220420305617153;街拍抄底和男友逛街的牛仔群黄内大屁股姑娘，着屁股捏起来肯定爽;[04-17]
https://www.ds76.xyz/movie.php?id=9098630771040916;国人淫骚美少妇为了拿到美国的绿卡和两个移民局的洋老外3P连菊花都被草了;[04-17]
https://www.ds76.xyz/movie.php?id=370706547982990;跑车福利の主播欣欣开档黑丝诱惑自拍大屁股翘臀火辣扭动超刺激;[04-17]
